Time_s,Axis,StateValue,State,Surface_deg,P_slew,D_slew,FF_single,FF,P,I,D,ActionValue,Action,RMAX,TAU
5.439988,roll,0,IDLE,-0.106982320547104,0.0159893557429314,0.000328434776747599,0,0.300000011920929,0.0840499997138977,0.586462497711182,0.00143499998375773,0,NONE,55,0.585349977016449
5.479988,roll,0,IDLE,-0.106274083256721,0.0460749268531799,0.000974789843894541,0,0.300000011920929,0.0840499997138977,0.586462497711182,0.00143499998375773,0,NONE,55,0.585349977016449
5.519988,roll,0,IDLE,-0.105171732604504,0.0740577057003975,0.00167409784626216,0,0.300000011920929,0.0840499997138977,0.586462497711182,0.00143499998375773,0,NONE,55,0.585349977016449
5.559988,roll,0,IDLE,-0.103994891047478,0.099933922290802,0.00232408149167895,0,0.300000011920929,0.0840499997138977,0.586462497711182,0.00143499998375773,0,NONE,55,0.585349977016449
5.599988,roll,0,IDLE,-0.102899290621281,0.123781457543373,0.00292310677468777,0,0.300000011920929,0.0840499997138977,0.586462497711182,0.00143499998375773,0,NONE,55,0.585349977016449
5.639988,roll,0,IDLE,-0.101477697491646,0.145951196551323,0.00347516825422645,0,0.300000011920929,0.0840499997138977,0.586462497711182,0.00143499998375773,0,NONE,55,0.585349977016449
5.679988,roll,0,IDLE,-0.0999522358179092,0.166382819414139,0.00398394791409373,0,0.300000011920929,0.0840499997138977,0.586462497711182,0.00143499998375773,0,NONE,55,0.585349977016449
5.719988,roll,0,IDLE,-0.0985243692994118,0.1852126121521,0.00445283949375153,0,0.300000011920929,0.0840499997138977,0.586462497711182,0.00143499998375773,0,NONE,55,0.585349977016449
5.759988,roll,0,IDLE,-0.0972512811422348,0.202246367931366,0.00487840129062533,0,0.300000011920929,0.0840499997138977,0.586462497711182,0.00143499998375773,0,NONE,55,0.585349977016449
5.799988,roll,0,IDLE,-0.0961588993668556,0.216716319322586,0.00524536706507206,0,0.300000011920929,0.0840499997138977,0.586462497711182,0.00143499998375773,0,NONE,55,0.585349977016449
5.839988,roll,0,IDLE,-0.0952353477478027,0.228872090578079,0.00555792730301619,0,0.300000011920929,0.0840499997138977,0.586462497711182,0.00143499998375773,0,NONE,55,0.585349977016449
5.879988,roll,0,IDLE,-0.094464473426342,0.238941848278046,0.00581732019782066,0,0.300000011920929,0.0840499997138977,0.586462497711182,0.00143499998375773,0,NONE,55,0.585349977016449
5.919988,roll,0,IDLE,-0.0938378646969795,0.247134000062943,0.00602884963154793,0,0.300000011920929,0.0840499997138977,0.586462497711182,0.00143499998375773,0,NONE,55,0.585349977016449
5.959988,roll,0,IDLE,-0.0928738713264465,0.253622770309448,0.00619735801592469,0,0.300000011920929,0.0840499997138977,0.586462497711182,0.00143499998375773,0,NONE,55,0.585349977016449
5.999988,roll,0,IDLE,-0.0917694941163063,0.258578598499298,0.00632726494222879,0,0.300000011920929,0.0840499997138977,0.586462497711182,0.00143499998375773,0,NONE,55,0.585349977016449
6.039988,roll,0,IDLE,-0.0907051712274551,0.262162238359451,0.00642260210588574,0,0.300000011920929,0.0840499997138977,0.586462497711182,0.00143499998375773,0,NONE,55,0.585349977016449
6.079988,roll,0,IDLE,-0.0897475257515907,0.264520227909088,0.00648704543709755,0,0.300000011920929,0.0840499997138977,0.586462497711182,0.00143499998375773,0,NONE,55,0.585349977016449
6.119988,roll,0,IDLE,-0.0889193937182426,0.265786051750183,0.0065239449031651,0,0.300000011920929,0.0840499997138977,0.586462497711182,0.00143499998375773,0,NONE,55,0.585349977016449
6.159988,roll,0,IDLE,-0.0882158055901527,0.266081273555756,0.00653635011985898,0,0.300000011920929,0.0840499997138977,0.586462497711182,0.00143499998375773,0,NONE,55,0.585349977016449
6.199988,roll,0,IDLE,-0.0876356661319733,0.266081273555756,0.00653635011985898,0,0.300000011920929,0.0840499997138977,0.586462497711182,0.00143499998375773,0,NONE,55,0.585349977016449
6.239988,roll,0,IDLE,-0.0871550217270851,0.266081273555756,0.00653635011985898,0,0.300000011920929,0.0840499997138977,0.586462497711182,0.00143499998375773,0,NONE,55,0.585349977016449
6.279988,roll,0,IDLE,-0.0867582410573959,0.266081273555756,0.00653635011985898,0,0.300000011920929,0.0840499997138977,0.586462497711182,0.00143499998375773,0,NONE,55,0.585349977016449
6.319988,roll,0,IDLE,-0.0864377915859222,0.266081273555756,0.00653635011985898,0,0.300000011920929,0.0840499997138977,0.586462497711182,0.00143499998375773,0,NONE,55,0.585349977016449
6.359988,roll,0,IDLE,-0.0861743837594986,0.266081273555756,0.00653635011985898,0,0.300000011920929,0.0840499997138977,0.586462497711182,0.00143499998375773,0,NONE,55,0.585349977016449
6.399988,roll,0,IDLE,-0.0859632417559624,0.266081273555756,0.00653635011985898,0,0.300000011920929,0.0840499997138977,0.586462497711182,0.00143499998375773,0,NONE,55,0.585349977016449
6.439988,roll,0,IDLE,-0.0856197103857994,0.266081273555756,0.00653635011985898,0,0.300000011920929,0.0840499997138977,0.586462497711182,0.00143499998375773,0,NONE,55,0.585349977016449
6.479988,roll,0,IDLE,-0.084877073764801,0.266081273555756,0.00653635011985898,0,0.300000011920929,0.0840499997138977,0.586462497711182,0.00143499998375773,0,NONE,55,0.585349977016449
6.519988,roll,0,IDLE,-0.0840488225221634,0.266081273555756,0.00653635011985898,0,0.300000011920929,0.0840499997138977,0.586462497711182,0.00143499998375773,0,NONE,55,0.585349977016449
6.559988,roll,0,IDLE,-0.0832547098398209,0.266081273555756,0.00653635011985898,0,0.300000011920929,0.0840499997138977,0.586462497711182,0.00143499998375773,0,NONE,55,0.585349977016449
6.599988,roll,0,IDLE,-0.0825469866394997,0.266081273555756,0.00653635011985898,0,0.300000011920929,0.0840499997138977,0.586462497711182,0.00143499998375773,0,NONE,55,0.585349977016449
6.639988,roll,0,IDLE,-0.0819354653358459,0.266081273555756,0.00653635011985898,0,0.300000011920929,0.0840499997138977,0.586462497711182,0.00143499998375773,0,NONE,55,0.585349977016449
6.679988,roll,0,IDLE,-0.0814161822199821,0.266081273555756,0.00653635011985898,0,0.300000011920929,0.0840499997138977,0.586462497711182,0.00143499998375773,0,NONE,55,0.585349977016449
6.719988,roll,0,IDLE,-0.0809880346059799,0.266081273555756,0.00653635011985898,0,0.300000011920929,0.0840499997138977,0.586462497711182,0.00143499998375773,0,NONE,55,0.585349977016449
6.759988,roll,0,IDLE,-0.0806354954838753,0.266081273555756,0.00653635011985898,0,0.300000011920929,0.0840499997138977,0.586462497711182,0.00143499998375773,0,NONE,55,0.585349977016449
6.799988,roll,0,IDLE,-0.0801697000861168,0.266081273555756,0.00653635011985898,0,0.300000011920929,0.0840499997138977,0.586462497711182,0.00143499998375773,0,NONE,55,0.585349977016449
6.839988,roll,0,IDLE,-0.0793162137269974,0.266081273555756,0.00653635011985898,0,0.300000011920929,0.0840499997138977,0.586462497711182,0.00143499998375773,0,NONE,55,0.585349977016449
6.879988,roll,0,IDLE,-0.0783791020512581,0.266081273555756,0.00653635011985898,0,0.300000011920929,0.0840499997138977,0.586462497711182,0.00143499998375773,0,NONE,55,0.585349977016449
6.919988,roll,0,IDLE,-0.0774825513362885,0.266081273555756,0.00653635011985898,0,0.300000011920929,0.0840499997138977,0.586462497711182,0.00143499998375773,0,NONE,55,0.585349977016449
6.959988,roll,0,IDLE,-0.0766703486442566,0.266081273555756,0.00653635011985898,0,0.300000011920929,0.0840499997138977,0.586462497711182,0.00143499998375773,0,NONE,55,0.585349977016449
6.999988,roll,0,IDLE,-0.0759631246328354,0.266081273555756,0.00653635011985898,0,0.300000011920929,0.0840499997138977,0.586462497711182,0.00143499998375773,0,NONE,55,0.585349977016449
7.039988,roll,0,IDLE,-0.0753554254770279,0.266081273555756,0.00653635011985898,0,0.300000011920929,0.0840499997138977,0.586462497711182,0.00143499998375773,0,NONE,55,0.585349977016449
7.079988,roll,0,IDLE,-0.0746437832713127,0.266081273555756,0.00653635011985898,0,0.300000011920929,0.0840499997138977,0.586462497711182,0.00143499998375773,0,NONE,55,0.585349977016449
7.119988,roll,0,IDLE,-0.0739654302597046,0.266081273555756,0.00653635011985898,0,0.300000011920929,0.0840499997138977,0.586462497711182,0.00143499998375773,0,NONE,55,0.585349977016449
7.159988,roll,0,IDLE,-0.073433592915535,0.266081273555756,0.00653635011985898,0,0.300000011920929,0.0840499997138977,0.586462497711182,0.00143499998375773,0,NONE,55,0.585349977016449
7.199988,roll,0,IDLE,-0.0729997307062149,0.266081273555756,0.0066062631085515,0,0.300000011920929,0.0840499997138977,0.586462497711182,0.00143499998375773,0,NONE,55,0.585349977016449
7.239988,roll,0,IDLE,-0.0721874684095383,0.266081273555756,0.00733086187392473,0,0.300000011920929,0.0840499997138977,0.586462497711182,0.00143499998375773,0,NONE,55,0.585349977016449
7.279988,roll,0,IDLE,-0.0711995139718056,0.266081273555756,0.00799865182489157,0,0.300000011920929,0.0840499997138977,0.586462497711182,0.00143499998375773,0,NONE,55,0.585349977016449
7.319988,roll,0,IDLE,-0.0702206641435623,0.266081273555756,0.00861408654600382,0,0.300000011920929,0.0840499997138977,0.586462497711182,0.00143499998375773,0,NONE,55,0.585349977016449
7.359988,roll,0,IDLE,-0.0693309605121613,0.266081273555756,0.00918127223849297,0,0.300000011920929,0.0840499997138977,0.586462497711182,0.00143499998375773,0,NONE,55,0.585349977016449
7.399988,roll,0,IDLE,-0.0685524716973305,0.266081273555756,0.00969475507736206,0,0.300000011920929,0.0840499997138977,0.586462497711182,0.00143499998375773,0,NONE,55,0.585349977016449
7.439988,roll,0,IDLE,-0.0678855329751968,0.266081273555756,0.0101223830133677,0,0.300000011920929,0.0840499997138977,0.586462497711182,0.00143499998375773,0,NONE,55,0.585349977016449
7.479988,roll,0,IDLE,-0.0673167034983635,0.266081273555756,0.0104694524779916,0,0.300000011920929,0.0840499997138977,0.586462497711182,0.00143499998375773,0,NONE,55,0.585349977016449
7.519988,roll,0,IDLE,-0.0663757845759392,0.266081273555756,0.010744140483439,0,0.300000011920929,0.0840499997138977,0.586462497711182,0.00143499998375773,0,NONE,55,0.585349977016449
7.559988,roll,0,IDLE,-0.0652684941887856,0.266081273555756,0.0109539115801454,0,0.300000011920929,0.0840499997138977,0.586462497711182,0.00143499998375773,0,NONE,55,0.585349977016449
7.599988,roll,0,IDLE,-0.0641839057207108,0.266081273555756,0.0111055728048086,0,0.300000011920929,0.0840499997138977,0.586462497711182,0.00143499998375773,0,NONE,55,0.585349977016449
7.639988,roll,0,IDLE,-0.0631925612688065,0.266081273555756,0.011205330491066,0,0.300000011920929,0.0840499997138977,0.586462497711182,0.00143499998375773,0,NONE,55,0.585349977016449
7.679988,roll,0,IDLE,-0.062139768153429,0.266081273555756,0.0112588368356228,0,0.300000011920929,0.0840499997138977,0.586462497711182,0.00143499998375773,0,NONE,55,0.585349977016449
7.719988,roll,0,IDLE,-0.0607598759233952,0.266081273555756,0.0112712420523167,0,0.300000011920929,0.0840499997138977,0.586462497711182,0.00143499998375773,0,NONE,55,0.585349977016449
7.759988,roll,0,IDLE,-0.0593645498156548,0.266081273555756,0.0112712420523167,0,0.300000011920929,0.0840499997138977,0.586462497711182,0.00143499998375773,0,NONE,55,0.585349977016449
7.799988,roll,0,IDLE,-0.0580678321421146,0.266081273555756,0.0112712420523167,0,0.300000011920929,0.0840499997138977,0.586462497711182,0.00143499998375773,0,NONE,55,0.585349977016449
7.839988,roll,0,IDLE,-0.0569105893373489,0.266081273555756,0.0112712420523167,0,0.300000011920929,0.0840499997138977,0.586462497711182,0.00143499998375773,0,NONE,55,0.585349977016449
7.879988,roll,0,IDLE,-0.0557088777422905,0.266081273555756,0.0112712420523167,0,0.300000011920929,0.0840499997138977,0.586462497711182,0.00143499998375773,0,NONE,55,0.585349977016449
7.919988,roll,0,IDLE,-0.0538583397865295,0.266081273555756,0.0112712420523167,0,0.300000011920929,0.0840499997138977,0.586462497711182,0.00143499998375773,0,NONE,55,0.585349977016449
7.959988,roll,0,IDLE,-0.0502479113638401,0.266081273555756,0.0112712420523167,0,0.300000011920929,0.0840499997138977,0.586462497711182,0.00143499998375773,0,NONE,55,0.585349977016449
7.999988,roll,0,IDLE,-0.0440297834575176,0.266081273555756,0.0112712420523167,0,0.300000011920929,0.0840499997138977,0.586462497711182,0.00143499998375773,0,NONE,55,0.585349977016449
8.039988,roll,0,IDLE,-0.0346936210989952,0.266081273555756,0.0112712420523167,0,0.300000011920929,0.0840499997138977,0.586462497711182,0.00143499998375773,0,NONE,55,0.585349977016449
8.079988,roll,0,IDLE,-0.0217665191739798,0.266081273555756,0.0114018945023417,0,0.300000011920929,0.0840499997138977,0.586462497711182,0.00143499998375773,0,NONE,55,0.585349977016449
8.119988,roll,0,IDLE,-0.00538594275712967,0.266081273555756,0.0118224956095219,0,0.300000011920929,0.0840499997138977,0.586462497711182,0.00143499998375773,0,NONE,55,0.585349977016449
8.159988,roll,0,IDLE,0.0140351885929704,0.266081273555756,0.0122035974636674,0,0.300000011920929,0.0840499997138977,0.586462497711182,0.00143499998375773,0,NONE,55,0.585349977016449
8.199988,roll,0,IDLE,0.0357962101697922,0.266081273555756,0.0126751633360982,0,0.300000011920929,0.0840499997138977,0.586462497711182,0.00143499998375773,0,NONE,55,0.585349977016449
8.239988,roll,0,IDLE,0.0591118112206459,0.266081273555756,0.0132297975942492,0,0.300000011920929,0.0840499997138977,0.586462497711182,0.00143499998375773,0,NONE,55,0.585349977016449
8.279988,roll,0,IDLE,0.0836273953318596,0.266081273555756,0.0138016948476434,0,0.300000011920929,0.0840499997138977,0.586462497711182,0.00143499998375773,0,NONE,55,0.585349977016449
8.319988,roll,0,IDLE,0.108770288527012,0.266081273555756,0.0143532706424594,0,0.300000011920929,0.0840499997138977,0.586462497711182,0.00143499998375773,0,NONE,55,0.585349977016449
8.359988,roll,0,IDLE,0.134368225932121,0.266081273555756,0.0148320123553276,0,0.300000011920929,0.0840499997138977,0.586462497711182,0.00143499998375773,0,NONE,55,0.585349977016449
8.399988,roll,0,IDLE,0.160016745328903,0.266081273555756,0.0152447978034616,0,0.300000011920929,0.0840499997138977,0.586462497711182,0.00143499998375773,0,NONE,55,0.585349977016449
8.439988,roll,0,IDLE,0.185247525572777,0.266081273555756,0.0155852995812893,0,0.300000011920929,0.0840499997138977,0.586462497711182,0.00143499998375773,0,NONE,55,0.585349977016449
8.479988,roll,0,IDLE,0.209768742322922,0.266081273555756,0.0158607661724091,0,0.300000011920929,0.0840499997138977,0.586462497711182,0.00143499998375773,0,NONE,55,0.585349977016449
8.519988,roll,0,IDLE,0.232449397444725,0.266081273555756,0.0164641868323088,0,0.300000011920929,0.0840499997138977,0.586462497711182,0.00143499998375773,0,NONE,55,0.585349977016449
8.559988,roll,0,IDLE,0.252302795648575,0.266081273555756,0.0172478184103966,0,0.300000011920929,0.0840499997138977,0.586462497711182,0.00143499998375773,0,NONE,55,0.585349977016449
8.599988,roll,0,IDLE,0.268585085868835,0.266081273555756,0.0179822538048029,0,0.300000011920929,0.0840499997138977,0.586462497711182,0.00143499998375773,0,NONE,55,0.585349977016449
8.639988,roll,0,IDLE,0.281223654747009,0.266081273555756,0.0186264887452126,0,0.300000011920929,0.0840499997138977,0.586462497711182,0.00143499998375773,0,NONE,55,0.585349977016449
8.679988,roll,0,IDLE,0.29004442691803,0.266081273555756,0.0191888865083456,0,0.300000011920929,0.0840499997138977,0.586462497711182,0.00143499998375773,0,NONE,55,0.585349977016449
8.719988,roll,0,IDLE,0.295726984739304,0.266081273555756,0.0196771081537008,0,0.300000011920929,0.0840499997138977,0.586462497711182,0.00143499998375773,0,NONE,55,0.585349977016449
8.759988,roll,0,IDLE,0.299019128084183,0.266081273555756,0.0200981572270393,0,0.300000011920929,0.0840499997138977,0.586462497711182,0.00143499998375773,0,NONE,55,0.585349977016449
8.799988,roll,0,IDLE,0.300733298063278,0.266081273555756,0.0204584449529648,0,0.300000011920929,0.0840499997138977,0.586462497711182,0.00143499998375773,0,NONE,55,0.585349977016449
8.839988,roll,0,IDLE,0.301668137311935,0.266081273555756,0.0207638349384069,0,0.300000011920929,0.0840499997138977,0.586462497711182,0.00143499998375773,0,NONE,55,0.585349977016449
8.879988,roll,0,IDLE,0.302593171596527,0.266081273555756,0.021072331815958,0,0.300000011920929,0.0840499997138977,0.586462497711182,0.00143499998375773,0,NONE,55,0.585349977016449
8.919988,roll,0,IDLE,0.303972035646439,0.266081273555756,0.0213639084249735,0,0.300000011920929,0.0840499997138977,0.586462497711182,0.00143499998375773,0,NONE,55,0.585349977016449
8.959988,roll,0,IDLE,0.306406795978546,0.266081273555756,0.0215850844979286,0,0.300000011920929,0.0840499997138977,0.586462497711182,0.00143499998375773,0,NONE,55,0.585349977016449
8.999988,roll,0,IDLE,0.309755891561508,0.266081273555756,0.0217432603240013,0,0.300000011920929,0.0840499997138977,0.586462497711182,0.00143499998375773,0,NONE,55,0.585349977016449
9.039988,roll,0,IDLE,0.314303129911423,0.266081273555756,0.0218451824039221,0,0.300000011920929,0.0840499997138977,0.586462497711182,0.00143499998375773,0,NONE,55,0.585349977016449
9.079988,roll,0,IDLE,0.320179730653763,0.266081273555756,0.0218969993293285,0,0.300000011920929,0.0840499997138977,0.586462497711182,0.00143499998375773,0,NONE,55,0.585349977016449
9.119988,roll,0,IDLE,0.327339202165604,0.266081273555756,0.0219058860093355,0,0.300000011920929,0.0840499997138977,0.586462497711182,0.00143499998375773,0,NONE,55,0.585349977016449
9.159988,roll,0,IDLE,0.335475474596024,0.266081273555756,0.0219058860093355,0,0.300000011920929,0.0840499997138977,0.586462497711182,0.00143499998375773,0,NONE,55,0.585349977016449
9.199988,roll,0,IDLE,0.343847662210464,0.266081273555756,0.0219058860093355,0,0.300000011920929,0.0840499997138977,0.586462497711182,0.00143499998375773,0,NONE,55,0.585349977016449
9.239988,roll,0,IDLE,0.351400196552277,0.266081273555756,0.0219058860093355,0,0.300000011920929,0.0840499997138977,0.586462497711182,0.00143499998375773,0,NONE,55,0.585349977016449
9.279988,roll,0,IDLE,0.356796026229858,0.266081273555756,0.0219058860093355,0,0.300000011920929,0.0840499997138977,0.586462497711182,0.00143499998375773,0,NONE,55,0.585349977016449
9.319988,roll,0,IDLE,0.359028965234756,0.266081273555756,0.0219058860093355,0,0.300000011920929,0.0840499997138977,0.586462497711182,0.00143499998375773,0,NONE,55,0.585349977016449
9.359988,roll,0,IDLE,0.35790029168129,0.266081273555756,0.0219058860093355,0,0.300000011920929,0.0840499997138977,0.586462497711182,0.00143499998375773,0,NONE,55,0.585349977016449
9.399988,roll,0,IDLE,0.353593558073044,0.266081273555756,0.0219058860093355,0,0.300000011920929,0.0840499997138977,0.586462497711182,0.00143499998375773,0,NONE,55,0.585349977016449
9.439988,roll,0,IDLE,0.346497625112534,0.266081273555756,0.0219058860093355,0,0.300000011920929,0.0840499997138977,0.586462497711182,0.00143499998375773,0,NONE,55,0.585349977016449
9.479988,roll,0,IDLE,0.336891978979111,0.266081273555756,0.0219058860093355,0,0.300000011920929,0.0840499997138977,0.586462497711182,0.00143499998375773,0,NONE,55,0.585349977016449
9.519988,roll,0,IDLE,0.324972927570343,0.266081273555756,0.0219058860093355,0,0.300000011920929,0.0840499997138977,0.586462497711182,0.00143499998375773,0,NONE,55,0.585349977016449
9.559988,roll,0,IDLE,0.311330050230026,0.266081273555756,0.0219058860093355,0,0.300000011920929,0.0840499997138977,0.586462497711182,0.00143499998375773,0,NONE,55,0.585349977016449
9.599988,roll,0,IDLE,0.296220034360886,0.266081273555756,0.0219058860093355,0,0.300000011920929,0.0840499997138977,0.586462497711182,0.00143499998375773,0,NONE,55,0.585349977016449
9.639988,roll,0,IDLE,0.279890179634094,0.266081273555756,0.0219058860093355,0,0.300000011920929,0.0840499997138977,0.586462497711182,0.00143499998375773,0,NONE,55,0.585349977016449
9.679988,roll,0,IDLE,0.262978851795197,0.266081273555756,0.0219058860093355,0,0.300000011920929,0.0840499997138977,0.586462497711182,0.00143499998375773,0,NONE,55,0.585349977016449
9.719988,roll,0,IDLE,0.245480626821518,0.266081273555756,0.0219058860093355,0,0.300000011920929,0.0840499997138977,0.586462497711182,0.00143499998375773,0,NONE,55,0.585349977016449
9.759988,roll,0,IDLE,0.227698609232903,0.266081273555756,0.0219058860093355,0,0.300000011920929,0.0840499997138977,0.586462497711182,0.00143499998375773,0,NONE,55,0.585349977016449
9.799988,roll,0,IDLE,0.209529787302017,0.266081273555756,0.0219058860093355,0,0.300000011920929,0.0840499997138977,0.586462497711182,0.00143499998375773,0,NONE,55,0.585349977016449
9.839988,roll,0,IDLE,0.190717250108719,0.266081273555756,0.0219058860093355,0,0.300000011920929,0.0840499997138977,0.586462497711182,0.00143499998375773,0,NONE,55,0.585349977016449
9.879988,roll,0,IDLE,0.171355411410332,0.266081273555756,0.0219058860093355,0,0.300000011920929,0.0840499997138977,0.586462497711182,0.00143499998375773,0,NONE,55,0.585349977016449
9.919988,roll,0,IDLE,0.151598319411278,0.266081273555756,0.0219058860093355,0,0.300000011920929,0.0840499997138977,0.586462497711182,0.00143499998375773,0,NONE,55,0.585349977016449
9.959988,roll,0,IDLE,0.131554782390594,0.266081273555756,0.0219058860093355,0,0.300000011920929,0.0840499997138977,0.586462497711182,0.00143499998375773,0,NONE,55,0.585349977016449
9.999988,roll,0,IDLE,0.112411163747311,0.266081273555756,0.0219058860093355,0,0.300000011920929,0.0840499997138977,0.586462497711182,0.00143499998375773,0,NONE,55,0.585349977016449
10.039988,roll,0,IDLE,0.0946595966815948,0.266081273555756,0.0219058860093355,0,0.300000011920929,0.0840499997138977,0.586462497711182,0.00143499998375773,0,NONE,55,0.585349977016449
10.079988,roll,0,IDLE,0.078398160636425,0.266081273555756,0.0219058860093355,0,0.300000011920929,0.0840499997138977,0.586462497711182,0.00143499998375773,0,NONE,55,0.585349977016449
10.119988,roll,0,IDLE,0.0633682236075401,0.266081273555756,0.0219058860093355,0,0.300000011920929,0.0840499997138977,0.586462497711182,0.00143499998375773,0,NONE,55,0.585349977016449
10.159988,roll,0,IDLE,0.0492572821676731,0.266081273555756,0.0219058860093355,0,0.300000011920929,0.0840499997138977,0.586462497711182,0.00143499998375773,0,NONE,55,0.585349977016449
10.199988,roll,0,IDLE,0.0346560776233673,0.266081273555756,0.0219058860093355,0,0.300000011920929,0.0840499997138977,0.586462497711182,0.00143499998375773,0,NONE,55,0.585349977016449
10.239988,roll,0,IDLE,0.0194684527814388,0.266081273555756,0.0219058860093355,0,0.300000011920929,0.0840499997138977,0.586462497711182,0.00143499998375773,0,NONE,55,0.585349977016449
10.279988,roll,0,IDLE,0.00355006381869316,0.266081273555756,0.0219058860093355,0,0.300000011920929,0.0840499997138977,0.586462497711182,0.00143499998375773,0,NONE,55,0.585349977016449
10.319988,roll,0,IDLE,-0.0128338914364576,0.266081273555756,0.0219058860093355,0,0.300000011920929,0.0840499997138977,0.586462497711182,0.00143499998375773,0,NONE,55,0.585349977016449
10.359988,roll,0,IDLE,-0.0289864670485258,0.266081273555756,0.0219058860093355,0,0.300000011920929,0.0840499997138977,0.586462497711182,0.00143499998375773,0,NONE,55,0.585349977016449
10.399988,roll,0,IDLE,-0.0446541458368301,0.266081273555756,0.0219058860093355,0,0.300000011920929,0.0840499997138977,0.586462497711182,0.00143499998375773,0,NONE,55,0.585349977016449
10.439988,roll,0,IDLE,-0.0592755749821663,0.266081273555756,0.0219058860093355,0,0.300000011920929,0.0840499997138977,0.586462497711182,0.00143499998375773,0,NONE,55,0.585349977016449
10.479988,roll,0,IDLE,-0.0725095793604851,0.266081273555756,0.0219058860093355,0,0.300000011920929,0.0840499997138977,0.586462497711182,0.00143499998375773,0,NONE,55,0.585349977016449
10.519988,roll,0,IDLE,-0.0841637030243874,0.266081273555756,0.0219058860093355,0,0.300000011920929,0.0840499997138977,0.586462497711182,0.00143499998375773,0,NONE,55,0.585349977016449
10.559988,roll,0,IDLE,-0.0943917483091354,0.266081273555756,0.0219058860093355,0,0.300000011920929,0.0840499997138977,0.586462497711182,0.00143499998375773,0,NONE,55,0.585349977016449
10.599988,roll,0,IDLE,-0.101782836019993,0.266081273555756,0.0219058860093355,0,0.300000011920929,0.0840499997138977,0.586462497711182,0.00143499998375773,0,NONE,55,0.585349977016449
10.639988,roll,0,IDLE,-0.105920948088169,0.266081273555756,0.0219058860093355,0,0.300000011920929,0.0840499997138977,0.586462497711182,0.00143499998375773,0,NONE,55,0.585349977016449
10.679988,roll,0,IDLE,-0.107001602649689,0.266081273555756,0.0219058860093355,0,0.300000011920929,0.0840499997138977,0.586462497711182,0.00143499998375773,0,NONE,55,0.585349977016449
10.719988,roll,0,IDLE,-0.105905875563622,0.266081273555756,0.0219058860093355,0,0.300000011920929,0.0840499997138977,0.586462497711182,0.00143499998375773,0,NONE,55,0.585349977016449
10.759988,roll,0,IDLE,-0.10324601829052,0.266081273555756,0.0219058860093355,0,0.300000011920929,0.0840499997138977,0.586462497711182,0.00143499998375773,0,NONE,55,0.585349977016449
10.799988,roll,0,IDLE,-0.10104725509882,0.266081273555756,0.0219058860093355,0,0.300000011920929,0.0840499997138977,0.586462497711182,0.00143499998375773,0,NONE,55,0.585349977016449
10.839988,roll,0,IDLE,-0.100507192313671,0.266081273555756,0.0219058860093355,0,0.300000011920929,0.0840499997138977,0.586462497711182,0.00143499998375773,0,NONE,55,0.585349977016449
10.879988,roll,0,IDLE,-0.102223269641399,0.266081273555756,0.0219058860093355,0,0.300000011920929,0.0840499997138977,0.586462497711182,0.00143499998375773,0,NONE,55,0.585349977016449
10.919988,roll,0,IDLE,-0.105897046625614,0.266081273555756,0.0219058860093355,0,0.300000011920929,0.0840499997138977,0.586462497711182,0.00143499998375773,0,NONE,55,0.585349977016449
10.959988,roll,0,IDLE,-0.111444644629955,0.266081273555756,0.0219058860093355,0,0.300000011920929,0.0840499997138977,0.586462497711182,0.00143499998375773,0,NONE,55,0.585349977016449
10.999988,roll,0,IDLE,-0.118870839476585,0.266081273555756,0.0219058860093355,0,0.300000011920929,0.0840499997138977,0.586462497711182,0.00143499998375773,0,NONE,55,0.585349977016449
11.039988,roll,0,IDLE,-0.127804219722748,0.266081273555756,0.0219058860093355,0,0.300000011920929,0.0840499997138977,0.586462497711182,0.00143499998375773,0,NONE,55,0.585349977016449
11.079988,roll,0,IDLE,-0.1381616294384,0.266081273555756,0.0219058860093355,0,0.300000011920929,0.0840499997138977,0.586462497711182,0.00143499998375773,0,NONE,55,0.585349977016449
11.119988,roll,0,IDLE,-0.149374008178711,0.266081273555756,0.0219058860093355,0,0.300000011920929,0.0840499997138977,0.586462497711182,0.00143499998375773,0,NONE,55,0.585349977016449
11.159988,roll,0,IDLE,-0.160762622952461,0.266081273555756,0.0219058860093355,0,0.300000011920929,0.0840499997138977,0.586462497711182,0.00143499998375773,0,NONE,55,0.585349977016449
11.199988,roll,0,IDLE,-0.170146331191063,0.266081273555756,0.0219058860093355,0,0.300000011920929,0.0840499997138977,0.586462497711182,0.00143499998375773,0,NONE,55,0.585349977016449
11.239988,roll,0,IDLE,-0.17621935904026,0.266081273555756,0.0219058860093355,0,0.300000011920929,0.0840499997138977,0.586462497711182,0.00143499998375773,0,NONE,55,0.585349977016449
11.279988,roll,0,IDLE,-0.178698018193245,0.266081273555756,0.0219058860093355,0,0.300000011920929,0.0840499997138977,0.586462497711182,0.00143499998375773,0,NONE,55,0.585349977016449
11.319988,roll,0,IDLE,-0.177725493907928,0.266081273555756,0.0219058860093355,0,0.300000011920929,0.0840499997138977,0.586462497711182,0.00143499998375773,0,NONE,55,0.585349977016449
11.359988,roll,0,IDLE,-0.174155086278915,0.266081273555756,0.0219058860093355,0,0.300000011920929,0.0840499997138977,0.586462497711182,0.00143499998375773,0,NONE,55,0.585349977016449
11.399988,roll,0,IDLE,-0.170591756701469,0.266081273555756,0.0219058860093355,0,0.300000011920929,0.0840499997138977,0.586462497711182,0.00143499998375773,0,NONE,55,0.585349977016449
11.439988,roll,0,IDLE,-0.16827866435051,0.266081273555756,0.0219058860093355,0,0.300000011920929,0.0840499997138977,0.586462497711182,0.00143499998375773,0,NONE,55,0.585349977016449
11.479988,roll,0,IDLE,-0.167637199163437,0.266081273555756,0.0219058860093355,0,0.300000011920929,0.0840499997138977,0.586462497711182,0.00143499998375773,0,NONE,55,0.585349977016449
11.519988,roll,0,IDLE,-0.168724671006203,0.266081273555756,0.0219058860093355,0,0.300000011920929,0.0840499997138977,0.586462497711182,0.00143499998375773,0,NONE,55,0.585349977016449
11.559988,roll,0,IDLE,-0.171279683709145,0.266081273555756,0.0219058860093355,0,0.300000011920929,0.0840499997138977,0.586462497711182,0.00143499998375773,0,NONE,55,0.585349977016449
11.599988,roll,0,IDLE,-0.174258977174759,0.266081273555756,0.0219058860093355,0,0.300000011920929,0.0840499997138977,0.586462497711182,0.00143499998375773,0,NONE,55,0.585349977016449
11.639988,roll,0,IDLE,-0.177309110760689,0.266081273555756,0.0219058860093355,0,0.300000011920929,0.0840499997138977,0.586462497711182,0.00143499998375773,0,NONE,55,0.585349977016449
11.679988,roll,0,IDLE,-0.180501341819763,0.266081273555756,0.0219058860093355,0,0.300000011920929,0.0840499997138977,0.586462497711182,0.00143499998375773,0,NONE,55,0.585349977016449
11.719988,roll,0,IDLE,-0.183471277356148,0.266081273555756,0.0219058860093355,0,0.300000011920929,0.0840499997138977,0.586462497711182,0.00143499998375773,0,NONE,55,0.585349977016449
11.759988,roll,0,IDLE,-0.185944274067879,0.266081273555756,0.0219058860093355,0,0.300000011920929,0.0840499997138977,0.586462497711182,0.00143499998375773,0,NONE,55,0.585349977016449
11.799988,roll,0,IDLE,-0.187479108572006,0.266081273555756,0.0219058860093355,0,0.300000011920929,0.0840499997138977,0.586462497711182,0.00143499998375773,0,NONE,55,0.585349977016449
11.839988,roll,0,IDLE,-0.187543109059334,0.266081273555756,0.0219058860093355,0,0.300000011920929,0.0840499997138977,0.586462497711182,0.00143499998375773,0,NONE,55,0.585349977016449
11.879988,roll,0,IDLE,-0.185952603816986,0.266081273555756,0.0219058860093355,0,0.300000011920929,0.0840499997138977,0.586462497711182,0.00143499998375773,0,NONE,55,0.585349977016449
11.919988,roll,0,IDLE,-0.182761326432228,0.266081273555756,0.0219058860093355,0,0.300000011920929,0.0840499997138977,0.586462497711182,0.00143499998375773,0,NONE,55,0.585349977016449
11.959988,roll,0,IDLE,-0.178300559520721,0.266081273555756,0.0219058860093355,0,0.300000011920929,0.0840499997138977,0.586462497711182,0.00143499998375773,0,NONE,55,0.585349977016449
11.999988,roll,0,IDLE,-0.173462510108948,0.266081273555756,0.0219058860093355,0,0.300000011920929,0.0840499997138977,0.586462497711182,0.00143499998375773,0,NONE,55,0.585349977016449
12.039988,roll,0,IDLE,-0.168535992503166,0.266081273555756,0.0219058860093355,0,0.300000011920929,0.0840499997138977,0.586462497711182,0.00143499998375773,0,NONE,55,0.585349977016449
12.079988,roll,0,IDLE,-0.163856759667397,0.266081273555756,0.0219058860093355,0,0.300000011920929,0.0840499997138977,0.586462497711182,0.00143499998375773,0,NONE,55,0.585349977016449
12.119988,roll,0,IDLE,-0.159333869814873,0.266081273555756,0.0219058860093355,0,0.300000011920929,0.0840499997138977,0.586462497711182,0.00143499998375773,0,NONE,55,0.585349977016449
12.159988,roll,0,IDLE,-0.155158266425133,0.266081273555756,0.0219058860093355,0,0.300000011920929,0.0840499997138977,0.586462497711182,0.00143499998375773,0,NONE,55,0.585349977016449
12.199988,roll,0,IDLE,-0.152153745293617,0.266081273555756,0.0219058860093355,0,0.300000011920929,0.0840499997138977,0.586462497711182,0.00143499998375773,0,NONE,55,0.585349977016449
12.239988,roll,0,IDLE,-0.150624632835388,0.266081273555756,0.0219058860093355,0,0.300000011920929,0.0840499997138977,0.586462497711182,0.00143499998375773,0,NONE,55,0.585349977016449
12.279988,roll,0,IDLE,-0.150696456432343,0.266081273555756,0.0219058860093355,0,0.300000011920929,0.0840499997138977,0.586462497711182,0.00143499998375773,0,NONE,55,0.585349977016449
12.319988,roll,0,IDLE,-0.151947572827339,0.266081273555756,0.0219058860093355,0,0.300000011920929,0.0840499997138977,0.586462497711182,0.00143499998375773,0,NONE,55,0.585349977016449
12.359988,roll,0,IDLE,-0.153246775269508,0.266081273555756,0.0219058860093355,0,0.300000011920929,0.0840499997138977,0.586462497711182,0.00143499998375773,0,NONE,55,0.585349977016449
12.399988,roll,0,IDLE,-0.152461007237434,0.266081273555756,0.0219058860093355,0,0.300000011920929,0.0840499997138977,0.586462497711182,0.00143499998375773,0,NONE,55,0.585349977016449
12.439988,roll,0,IDLE,-0.148522689938545,0.266081273555756,0.0219058860093355,0,0.300000011920929,0.0840499997138977,0.586462497711182,0.00143499998375773,0,NONE,55,0.585349977016449
12.479988,roll,0,IDLE,-0.140990749001503,0.266081273555756,0.0219058860093355,0,0.300000011920929,0.0840499997138977,0.586462497711182,0.00143499998375773,0,NONE,55,0.585349977016449
12.519988,roll,0,IDLE,-0.129757165908813,0.266081273555756,0.0219058860093355,0,0.300000011920929,0.0840499997138977,0.586462497711182,0.00143499998375773,0,NONE,55,0.585349977016449
12.559988,roll,0,IDLE,-0.115528523921967,0.266081273555756,0.0219058860093355,0,0.300000011920929,0.0840499997138977,0.586462497711182,0.00143499998375773,0,NONE,55,0.585349977016449
12.599988,roll,0,IDLE,-0.0993686020374298,0.266081273555756,0.0219058860093355,0,0.300000011920929,0.0840499997138977,0.586462497711182,0.00143499998375773,0,NONE,55,0.585349977016449
12.639988,roll,0,IDLE,-0.0820538401603699,0.266081273555756,0.0219058860093355,0,0.300000011920929,0.0840499997138977,0.586462497711182,0.00143499998375773,0,NONE,55,0.585349977016449
12.679988,roll,0,IDLE,-0.0641229376196861,0.266081273555756,0.0219058860093355,0,0.300000011920929,0.0840499997138977,0.586462497711182,0.00143499998375773,0,NONE,55,0.585349977016449
12.719988,roll,0,IDLE,-0.0461081862449646,0.266081273555756,0.0219058860093355,0,0.300000011920929,0.0840499997138977,0.586462497711182,0.00143499998375773,0,NONE,55,0.585349977016449
12.759988,roll,0,IDLE,-0.0281968824565411,0.266081273555756,0.0219058860093355,0,0.300000011920929,0.0840499997138977,0.586462497711182,0.00143499998375773,0,NONE,55,0.585349977016449
12.799988,roll,0,IDLE,-0.00894644856452942,0.266081273555756,0.0219058860093355,0,0.300000011920929,0.0840499997138977,0.586462497711182,0.00143499998375773,0,NONE,55,0.585349977016449
12.839988,roll,0,IDLE,0.0124140363186598,0.266081273555756,0.0219058860093355,0,0.300000011920929,0.0840499997138977,0.586462497711182,0.00143499998375773,0,NONE,55,0.585349977016449
12.879988,roll,0,IDLE,0.035871334373951,0.266081273555756,0.0219058860093355,0,0.300000011920929,0.0840499997138977,0.586462497711182,0.00143499998375773,0,NONE,55,0.585349977016449
12.919988,roll,0,IDLE,0.0614560097455978,0.266081273555756,0.0219058860093355,0,0.300000011920929,0.0840499997138977,0.586462497711182,0.00143499998375773,0,NONE,55,0.585349977016449
12.959988,roll,0,IDLE,0.0884200111031532,0.266081273555756,0.0219058860093355,0,0.300000011920929,0.0840499997138977,0.586462497711182,0.00143499998375773,0,NONE,55,0.585349977016449
12.999988,roll,0,IDLE,0.115065790712833,0.266081273555756,0.0219058860093355,0,0.300000011920929,0.0840499997138977,0.586462497711182,0.00143499998375773,0,NONE,55,0.585349977016449
13.039988,roll,0,IDLE,0.140532836318016,0.266081273555756,0.0219058860093355,0,0.300000011920929,0.0840499997138977,0.586462497711182,0.00143499998375773,0,NONE,55,0.585349977016449
13.079988,roll,0,IDLE,0.163769200444221,0.266081273555756,0.0219058860093355,0,0.300000011920929,0.0840499997138977,0.586462497711182,0.00143499998375773,0,NONE,55,0.585349977016449
13.119988,roll,0,IDLE,0.183789253234863,0.266081273555756,0.0219058860093355,0,0.300000011920929,0.0840499997138977,0.586462497711182,0.00143499998375773,0,NONE,55,0.585349977016449
13.159988,roll,0,IDLE,0.19993793964386,0.266081273555756,0.0219058860093355,0,0.300000011920929,0.0840499997138977,0.586462497711182,0.00143499998375773,0,NONE,55,0.585349977016449
13.199988,roll,0,IDLE,0.212705612182617,0.266081273555756,0.0219058860093355,0,0.300000011920929,0.0840499997138977,0.586462497711182,0.00143499998375773,0,NONE,55,0.585349977016449
13.239988,roll,0,IDLE,0.222721874713898,0.266081273555756,0.0219058860093355,0,0.300000011920929,0.0840499997138977,0.586462497711182,0.00143499998375773,0,NONE,55,0.585349977016449
13.279988,roll,0,IDLE,0.230333551764488,0.266081273555756,0.0219422020018101,0,0.300000011920929,0.0840499997138977,0.586462497711182,0.00143499998375773,0,NONE,55,0.585349977016449
13.319988,roll,0,IDLE,0.236263662576675,0.266081273555756,0.0221696998924017,0,0.300000011920929,0.0840499997138977,0.586462497711182,0.00143499998375773,0,NONE,55,0.585349977016449
13.359988,roll,0,IDLE,0.240867331624031,0.266081273555756,0.0223503522574902,0,0.300000011920929,0.0840499997138977,0.586462497711182,0.00143499998375773,0,NONE,55,0.585349977016449
13.399988,roll,0,IDLE,0.244312852621078,0.266081273555756,0.0224889777600765,0,0.300000011920929,0.0840499997138977,0.586462497711182,0.00143499998375773,0,NONE,55,0.585349977016449
13.439988,roll,0,IDLE,0.247098207473755,0.266081273555756,0.0225899778306484,0,0.300000011920929,0.0840499997138977,0.586462497711182,0.00143499998375773,0,NONE,55,0.585349977016449
13.479988,roll,0,IDLE,0.24963153898716,0.266081273555756,0.0226209051907063,0,0.300000011920929,0.0840499997138977,0.586462497711182,0.00143499998375773,0,NONE,55,0.585349977016449
13.519988,roll,0,IDLE,0.252001225948334,0.266081273555756,0.0226209051907063,0,0.300000011920929,0.0840499997138977,0.586462497711182,0.00143499998375773,0,NONE,55,0.585349977016449
13.559988,roll,0,IDLE,0.254432529211044,0.266081273555756,0.0226209051907063,0,0.300000011920929,0.0840499997138977,0.586462497711182,0.00143499998375773,0,NONE,55,0.585349977016449
13.599988,roll,0,IDLE,0.256661891937256,0.266081273555756,0.0226209051907063,0,0.300000011920929,0.0840499997138977,0.586462497711182,0.00143499998375773,0,NONE,55,0.585349977016449
13.639988,roll,0,IDLE,0.258185535669327,0.266081273555756,0.0226209051907063,0,0.300000011920929,0.0840499997138977,0.586462497711182,0.00143499998375773,0,NONE,55,0.585349977016449
13.679988,roll,0,IDLE,0.259228706359863,0.266081273555756,0.0226209051907063,0,0.300000011920929,0.0840499997138977,0.586462497711182,0.00143499998375773,0,NONE,55,0.585349977016449
13.719988,roll,0,IDLE,0.259824454784393,0.266081273555756,0.0226209051907063,0,0.300000011920929,0.0840499997138977,0.586462497711182,0.00143499998375773,0,NONE,55,0.585349977016449
13.759988,roll,0,IDLE,0.259996175765991,0.266081273555756,0.0226209051907063,0,0.300000011920929,0.0840499997138977,0.586462497711182,0.00143499998375773,0,NONE,55,0.585349977016449
13.799988,roll,0,IDLE,0.260519534349442,0.266081273555756,0.0226209051907063,0,0.300000011920929,0.0840499997138977,0.586462497711182,0.00143499998375773,0,NONE,55,0.585349977016449
13.839988,roll,0,IDLE,0.261936128139496,0.266081273555756,0.0226209051907063,0,0.300000011920929,0.0840499997138977,0.586462497711182,0.00143499998375773,0,NONE,55,0.585349977016449
13.879988,roll,0,IDLE,0.264100611209869,0.266081273555756,0.0226209051907063,0,0.300000011920929,0.0840499997138977,0.586462497711182,0.00143499998375773,0,NONE,55,0.585349977016449
13.919988,roll,0,IDLE,0.266862392425537,0.266081273555756,0.0226209051907063,0,0.300000011920929,0.0840499997138977,0.586462497711182,0.00143499998375773,0,NONE,55,0.585349977016449
13.959988,roll,0,IDLE,0.269537746906281,0.266081273555756,0.0226209051907063,0,0.300000011920929,0.0840499997138977,0.586462497711182,0.00143499998375773,0,NONE,55,0.585349977016449
13.999988,roll,0,IDLE,0.270862340927124,0.266081273555756,0.0226209051907063,0,0.300000011920929,0.0840499997138977,0.586462497711182,0.00143499998375773,0,NONE,55,0.585349977016449
14.039988,roll,0,IDLE,0.269748002290726,0.266081273555756,0.0226209051907063,0,0.300000011920929,0.0840499997138977,0.586462497711182,0.00143499998375773,0,NONE,55,0.585349977016449
14.079988,roll,0,IDLE,0.265665829181671,0.266081273555756,0.0226209051907063,0,0.300000011920929,0.0840499997138977,0.586462497711182,0.00143499998375773,0,NONE,55,0.585349977016449
14.119988,roll,0,IDLE,0.258218556642532,0.266081273555756,0.0226209051907063,0,0.300000011920929,0.0840499997138977,0.586462497711182,0.00143499998375773,0,NONE,55,0.585349977016449
14.159988,roll,0,IDLE,0.247389018535614,0.266081273555756,0.0226209051907063,0,0.300000011920929,0.0840499997138977,0.586462497711182,0.00143499998375773,0,NONE,55,0.585349977016449
14.199988,roll,0,IDLE,0.232681810855865,0.266081273555756,0.0226209051907063,0,0.300000011920929,0.0840499997138977,0.586462497711182,0.00143499998375773,0,NONE,55,0.585349977016449
14.239988,roll,0,IDLE,0.21394157409668,0.266081273555756,0.0226209051907063,0,0.300000011920929,0.0840499997138977,0.586462497711182,0.00143499998375773,0,NONE,55,0.585349977016449
14.279988,roll,0,IDLE,0.191833317279816,0.266081273555756,0.0226209051907063,0,0.300000011920929,0.0840499997138977,0.586462497711182,0.00143499998375773,0,NONE,55,0.585349977016449
14.319988,roll,0,IDLE,0.166803732514381,0.266081273555756,0.0226209051907063,0,0.300000011920929,0.0840499997138977,0.586462497711182,0.00143499998375773,0,NONE,55,0.585349977016449
14.359988,roll,0,IDLE,0.139644086360931,0.266081273555756,0.0226209051907063,0,0.300000011920929,0.0840499997138977,0.586462497711182,0.00143499998375773,0,NONE,55,0.585349977016449
14.399988,roll,0,IDLE,0.111586928367615,0.266081273555756,0.0226209051907063,0,0.300000011920929,0.0840499997138977,0.586462497711182,0.00143499998375773,0,NONE,55,0.585349977016449
14.439988,roll,0,IDLE,0.0841044560074806,0.266081273555756,0.0226209051907063,0,0.300000011920929,0.0840499997138977,0.586462497711182,0.00143499998375773,0,NONE,55,0.585349977016449
14.479988,roll,0,IDLE,0.0574918389320374,0.266081273555756,0.0226209051907063,0,0.300000011920929,0.0840499997138977,0.586462497711182,0.00143499998375773,0,NONE,55,0.585349977016449
14.519988,roll,0,IDLE,0.0317464247345924,0.266081273555756,0.0226209051907063,0,0.300000011920929,0.0840499997138977,0.586462497711182,0.00143499998375773,0,NONE,55,0.585349977016449
14.559988,roll,0,IDLE,0.00705385114997625,0.266081273555756,0.0226209051907063,0,0.300000011920929,0.0840499997138977,0.586462497711182,0.00143499998375773,0,NONE,55,0.585349977016449
14.599988,roll,0,IDLE,-0.0151736736297607,0.266081273555756,0.0226209051907063,0,0.300000011920929,0.0840499997138977,0.586462497711182,0.00143499998375773,0,NONE,55,0.585349977016449
14.639988,roll,0,IDLE,-0.033942561596632,0.266081273555756,0.0226209051907063,0,0.300000011920929,0.0840499997138977,0.586462497711182,0.00143499998375773,0,NONE,55,0.585349977016449
14.679988,roll,0,IDLE,-0.0480683892965317,0.266081273555756,0.0226209051907063,0,0.300000011920929,0.0840499997138977,0.586462497711182,0.00143499998375773,0,NONE,55,0.585349977016449
14.719988,roll,0,IDLE,-0.0572591349482536,0.266081273555756,0.0226209051907063,0,0.300000011920929,0.0840499997138977,0.586462497711182,0.00143499998375773,0,NONE,55,0.585349977016449
14.759988,roll,0,IDLE,-0.0617570132017136,0.266081273555756,0.0226209051907063,0,0.300000011920929,0.0840499997138977,0.586462497711182,0.00143499998375773,0,NONE,55,0.585349977016449
14.799988,roll,0,IDLE,-0.0625255927443504,0.266081273555756,0.0226209051907063,0,0.300000011920929,0.0840499997138977,0.586462497711182,0.00143499998375773,0,NONE,55,0.585349977016449
14.839988,roll,0,IDLE,-0.0604328028857708,0.266081273555756,0.0226209051907063,0,0.300000011920929,0.0840499997138977,0.586462497711182,0.00143499998375773,0,NONE,55,0.585349977016449
14.879988,roll,0,IDLE,-0.0563468784093857,0.266081273555756,0.0226209051907063,0,0.300000011920929,0.0840499997138977,0.586462497711182,0.00143499998375773,0,NONE,55,0.585349977016449
14.919988,roll,0,IDLE,-0.0508401691913605,0.266081273555756,0.0226209051907063,0,0.300000011920929,0.0840499997138977,0.586462497711182,0.00143499998375773,0,NONE,55,0.585349977016449
14.959988,roll,0,IDLE,-0.044898509979248,0.266081273555756,0.0226209051907063,0,0.300000011920929,0.0840499997138977,0.586462497711182,0.00143499998375773,0,NONE,55,0.585349977016449
14.999988,roll,0,IDLE,-0.0395455062389374,0.266081273555756,0.0226209051907063,0,0.300000011920929,0.0840499997138977,0.586462497711182,0.00143499998375773,0,NONE,55,0.585349977016449
15.039988,roll,0,IDLE,-0.035693783313036,0.266081273555756,0.0226209051907063,0,0.300000011920929,0.0840499997138977,0.586462497711182,0.00143499998375773,0,NONE,55,0.585349977016449
15.079988,roll,0,IDLE,-0.0337812900543213,0.266081273555756,0.0227376781404018,0,0.300000011920929,0.0840499997138977,0.586462497711182,0.00143499998375773,0,NONE,55,0.585349977016449
15.119988,roll,0,IDLE,-0.0339089371263981,0.266081273555756,0.0228649545460939,0,0.300000011920929,0.0840499997138977,0.586462497711182,0.00143499998375773,0,NONE,55,0.585349977016449
15.159988,roll,0,IDLE,-0.035835400223732,0.266081273555756,0.0229366607964039,0,0.300000011920929,0.0840499997138977,0.586462497711182,0.00143499998375773,0,NONE,55,0.585349977016449
15.199988,roll,0,IDLE,-0.038981981575489,0.266081273555756,0.0229589566588402,0,0.300000011920929,0.0840499997138977,0.586462497711182,0.00143499998375773,0,NONE,55,0.585349977016449
15.239988,roll,0,IDLE,-0.0432287156581879,0.266081273555756,0.0229589566588402,0,0.300000011920929,0.0840499997138977,0.586462497711182,0.00143499998375773,0,NONE,55,0.585349977016449
15.279988,roll,0,IDLE,-0.0483735650777817,0.266081273555756,0.0229589566588402,0,0.300000011920929,0.0840499997138977,0.586462497711182,0.00143499998375773,0,NONE,55,0.585349977016449
15.319988,roll,0,IDLE,-0.0544280670583248,0.266081273555756,0.0229589566588402,0,0.300000011920929,0.0840499997138977,0.586462497711182,0.00143499998375773,0,NONE,55,0.585349977016449
15.359988,roll,0,IDLE,-0.0610301233828068,0.266081273555756,0.0229589566588402,0,0.300000011920929,0.0840499997138977,0.586462497711182,0.00143499998375773,0,NONE,55,0.585349977016449
15.399988,roll,0,IDLE,-0.0675322785973549,0.266081273555756,0.0229589566588402,0,0.300000011920929,0.0840499997138977,0.586462497711182,0.00143499998375773,0,NONE,55,0.585349977016449
15.439988,roll,0,IDLE,-0.0735674574971199,0.266081273555756,0.0229589566588402,0,0.300000011920929,0.0840499997138977,0.586462497711182,0.00143499998375773,0,NONE,55,0.585349977016449
15.479988,roll,0,IDLE,-0.0789927020668983,0.266081273555756,0.0229589566588402,0,0.300000011920929,0.0840499997138977,0.586462497711182,0.00143499998375773,0,NONE,55,0.585349977016449
15.519988,roll,0,IDLE,-0.083774134516716,0.266081273555756,0.0229589566588402,0,0.300000011920929,0.0840499997138977,0.586462497711182,0.00143499998375773,0,NONE,55,0.585349977016449
15.559988,roll,0,IDLE,-0.0879178792238235,0.266081273555756,0.0229589566588402,0,0.300000011920929,0.0840499997138977,0.586462497711182,0.00143499998375773,0,NONE,55,0.585349977016449
15.599988,roll,0,IDLE,-0.0918954089283943,0.266081273555756,0.0229589566588402,0,0.300000011920929,0.0840499997138977,0.586462497711182,0.00143499998375773,0,NONE,55,0.585349977016449
15.639988,roll,0,IDLE,-0.0957083702087402,0.266081273555756,0.0229589566588402,0,0.300000011920929,0.0840499997138977,0.586462497711182,0.00143499998375773,0,NONE,55,0.585349977016449
15.679988,roll,0,IDLE,-0.0994564369320869,0.266081273555756,0.0229589566588402,0,0.300000011920929,0.0840499997138977,0.586462497711182,0.00143499998375773,0,NONE,55,0.585349977016449
15.719988,roll,0,IDLE,-0.102790497243404,0.266081273555756,0.0229589566588402,0,0.300000011920929,0.0840499997138977,0.586462497711182,0.00143499998375773,0,NONE,55,0.585349977016449
15.759988,roll,0,IDLE,-0.105687022209167,0.266081273555756,0.0229589566588402,0,0.300000011920929,0.0840499997138977,0.586462497711182,0.00143499998375773,0,NONE,55,0.585349977016449
15.799988,roll,0,IDLE,-0.106788992881775,0.266081273555756,0.0229589566588402,0,0.300000011920929,0.0840499997138977,0.586462497711182,0.00143499998375773,0,NONE,55,0.585349977016449
15.839988,roll,0,IDLE,-0.105878382921219,0.266081273555756,0.0229589566588402,0,0.300000011920929,0.0840499997138977,0.586462497711182,0.00143499998375773,0,NONE,55,0.585349977016449
15.879988,roll,0,IDLE,-0.102844394743443,0.266081273555756,0.0229589566588402,0,0.300000011920929,0.0840499997138977,0.586462497711182,0.00143499998375773,0,NONE,55,0.585349977016449
15.919988,roll,0,IDLE,-0.0976168811321259,0.266081273555756,0.0229589566588402,0,0.300000011920929,0.0840499997138977,0.586462497711182,0.00143499998375773,0,NONE,55,0.585349977016449
15.959988,roll,0,IDLE,-0.090901754796505,0.266081273555756,0.0229589566588402,0,0.300000011920929,0.0840499997138977,0.586462497711182,0.00143499998375773,0,NONE,55,0.585349977016449
15.999988,roll,0,IDLE,-0.0834854915738106,0.266081273555756,0.0229589566588402,0,0.300000011920929,0.0840499997138977,0.586462497711182,0.00143499998375773,0,NONE,55,0.585349977016449
16.039988,roll,0,IDLE,-0.076206386089325,0.266081273555756,0.0229589566588402,0,0.300000011920929,0.0840499997138977,0.586462497711182,0.00143499998375773,0,NONE,55,0.585349977016449
16.079988,roll,0,IDLE,-0.06950943171978,0.266081273555756,0.0229589566588402,0,0.300000011920929,0.0840499997138977,0.586462497711182,0.00143499998375773,0,NONE,55,0.585349977016449
16.119988,roll,0,IDLE,-0.0635458752512932,0.266081273555756,0.0229589566588402,0,0.300000011920929,0.0840499997138977,0.586462497711182,0.00143499998375773,0,NONE,55,0.585349977016449
16.159988,roll,0,IDLE,-0.0585122853517532,0.266081273555756,0.0229589566588402,0,0.300000011920929,0.0840499997138977,0.586462497711182,0.00143499998375773,0,NONE,55,0.585349977016449
16.199988,roll,0,IDLE,-0.05524031072855,0.266081273555756,0.0229589566588402,0,0.300000011920929,0.0840499997138977,0.586462497711182,0.00143499998375773,0,NONE,55,0.585349977016449
16.239988,roll,0,IDLE,-0.054196659475565,0.266081273555756,0.0229589566588402,0,0.300000011920929,0.0840499997138977,0.586462497711182,0.00143499998375773,0,NONE,55,0.585349977016449
16.279988,roll,0,IDLE,-0.0556047931313515,0.266081273555756,0.0229589566588402,0,0.300000011920929,0.0840499997138977,0.586462497711182,0.00143499998375773,0,NONE,55,0.585349977016449
16.319988,roll,0,IDLE,-0.058990266174078,0.266081273555756,0.0229589566588402,0,0.300000011920929,0.0840499997138977,0.586462497711182,0.00143499998375773,0,NONE,55,0.585349977016449
16.359988,roll,0,IDLE,-0.064114898443222,0.266081273555756,0.0229589566588402,0,0.300000011920929,0.0840499997138977,0.586462497711182,0.00143499998375773,0,NONE,55,0.585349977016449
16.399988,roll,0,IDLE,-0.0687538087368011,0.266081273555756,0.0229589566588402,0,0.300000011920929,0.0840499997138977,0.586462497711182,0.00143499998375773,0,NONE,55,0.585349977016449
16.439988,roll,0,IDLE,-0.0717769488692284,0.266081273555756,0.0229589566588402,0,0.300000011920929,0.0840499997138977,0.586462497711182,0.00143499998375773,0,NONE,55,0.585349977016449
16.479988,roll,0,IDLE,-0.0728456526994705,0.266081273555756,0.0229589566588402,0,0.300000011920929,0.0840499997138977,0.586462497711182,0.00143499998375773,0,NONE,55,0.585349977016449
16.519988,roll,0,IDLE,-0.0719656348228455,0.266081273555756,0.0229589566588402,0,0.300000011920929,0.0840499997138977,0.586462497711182,0.00143499998375773,0,NONE,55,0.585349977016449
16.559988,roll,0,IDLE,-0.0696523562073708,0.266081273555756,0.0229589566588402,0,0.300000011920929,0.0840499997138977,0.586462497711182,0.00143499998375773,0,NONE,55,0.585349977016449
16.599988,roll,0,IDLE,-0.0682959109544754,0.266081273555756,0.0229589566588402,0,0.300000011920929,0.0840499997138977,0.586462497711182,0.00143499998375773,0,NONE,55,0.585349977016449
16.639988,roll,0,IDLE,-0.0686230510473251,0.266081273555756,0.0229589566588402,0,0.300000011920929,0.0840499997138977,0.586462497711182,0.00143499998375773,0,NONE,55,0.585349977016449
16.679988,roll,0,IDLE,-0.0711501911282539,0.266081273555756,0.0229589566588402,0,0.300000011920929,0.0840499997138977,0.586462497711182,0.00143499998375773,0,NONE,55,0.585349977016449
16.719988,roll,0,IDLE,-0.0755722597241402,0.266081273555756,0.0229589566588402,0,0.300000011920929,0.0840499997138977,0.586462497711182,0.00143499998375773,0,NONE,55,0.585349977016449
16.759988,roll,0,IDLE,-0.0816324427723885,0.266081273555756,0.0229589566588402,0,0.300000011920929,0.0840499997138977,0.586462497711182,0.00143499998375773,0,NONE,55,0.585349977016449
16.799988,roll,0,IDLE,-0.0875480994582176,0.266081273555756,0.0229589566588402,0,0.300000011920929,0.0840499997138977,0.586462497711182,0.00143499998375773,0,NONE,55,0.585349977016449
16.839988,roll,0,IDLE,-0.0924245491623878,0.266081273555756,0.0229589566588402,0,0.300000011920929,0.0840499997138977,0.586462497711182,0.00143499998375773,0,NONE,55,0.585349977016449
16.879988,roll,0,IDLE,-0.0959697365760803,0.266081273555756,0.0229589566588402,0,0.300000011920929,0.0840499997138977,0.586462497711182,0.00143499998375773,0,NONE,55,0.585349977016449
16.919988,roll,0,IDLE,-0.0978838875889778,0.266081273555756,0.0229589566588402,0,0.300000011920929,0.0840499997138977,0.586462497711182,0.00143499998375773,0,NONE,55,0.585349977016449
16.959988,roll,0,IDLE,-0.098621129989624,0.266081273555756,0.0229589566588402,0,0.300000011920929,0.0840499997138977,0.586462497711182,0.00143499998375773,0,NONE,55,0.585349977016449
16.999988,roll,0,IDLE,-0.099714607000351,0.266081273555756,0.0229589566588402,0,0.300000011920929,0.0840499997138977,0.586462497711182,0.00143499998375773,0,NONE,55,0.585349977016449
17.039988,roll,0,IDLE,-0.101504512131214,0.266081273555756,0.0229589566588402,0,0.300000011920929,0.0840499997138977,0.586462497711182,0.00143499998375773,0,NONE,55,0.585349977016449
17.079988,roll,0,IDLE,-0.104431413114071,0.266081273555756,0.0229589566588402,0,0.300000011920929,0.0840499997138977,0.586462497711182,0.00143499998375773,0,NONE,55,0.585349977016449
17.119988,roll,0,IDLE,-0.108231440186501,0.266081273555756,0.0229589566588402,0,0.300000011920929,0.0840499997138977,0.586462497711182,0.00143499998375773,0,NONE,55,0.585349977016449
17.159988,roll,0,IDLE,-0.112731292843819,0.266081273555756,0.0229589566588402,0,0.300000011920929,0.0840499997138977,0.586462497711182,0.00143499998375773,0,NONE,55,0.585349977016449
17.199988,roll,0,IDLE,-0.1164346113801,0.266081273555756,0.0229589566588402,0,0.300000011920929,0.0840499997138977,0.586462497711182,0.00143499998375773,0,NONE,55,0.585349977016449
17.239988,roll,0,IDLE,-0.118819557130337,0.266081273555756,0.0229589566588402,0,0.300000011920929,0.0840499997138977,0.586462497711182,0.00143499998375773,0,NONE,55,0.585349977016449
17.279988,roll,0,IDLE,-0.119574002921581,0.266081273555756,0.0229589566588402,0,0.300000011920929,0.0840499997138977,0.586462497711182,0.00143499998375773,0,NONE,55,0.585349977016449
17.319988,roll,0,IDLE,-0.118900448083878,0.266081273555756,0.0229589566588402,0,0.300000011920929,0.0840499997138977,0.586462497711182,0.00143499998375773,0,NONE,55,0.585349977016449
17.359988,roll,0,IDLE,-0.116966031491756,0.266081273555756,0.0229589566588402,0,0.300000011920929,0.0840499997138977,0.586462497711182,0.00143499998375773,0,NONE,55,0.585349977016449
17.399988,roll,0,IDLE,-0.114951126277447,0.266081273555756,0.0229589566588402,0,0.300000011920929,0.0840499997138977,0.586462497711182,0.00143499998375773,0,NONE,55,0.585349977016449
17.439988,roll,0,IDLE,-0.113054610788822,0.266081273555756,0.0229589566588402,0,0.300000011920929,0.0840499997138977,0.586462497711182,0.00143499998375773,0,NONE,55,0.585349977016449
17.479988,roll,0,IDLE,-0.111799731850624,0.266081273555756,0.0229589566588402,0,0.300000011920929,0.0840499997138977,0.586462497711182,0.00143499998375773,0,NONE,55,0.585349977016449
17.519988,roll,0,IDLE,-0.111003234982491,0.266081273555756,0.0229589566588402,0,0.300000011920929,0.0840499997138977,0.586462497711182,0.00143499998375773,0,NONE,55,0.585349977016449
17.559988,roll,0,IDLE,-0.110739037394524,0.266081273555756,0.0229589566588402,0,0.300000011920929,0.0840499997138977,0.586462497711182,0.00143499998375773,0,NONE,55,0.585349977016449
17.599988,roll,0,IDLE,-0.110003463923931,0.266081273555756,0.0229589566588402,0,0.300000011920929,0.0840499997138977,0.586462497711182,0.00143499998375773,0,NONE,55,0.585349977016449
17.639988,roll,0,IDLE,-0.108441546559334,0.266081273555756,0.0229589566588402,0,0.300000011920929,0.0840499997138977,0.586462497711182,0.00143499998375773,0,NONE,55,0.585349977016449
17.679988,roll,0,IDLE,-0.106028668582439,0.266081273555756,0.0229589566588402,0,0.300000011920929,0.0840499997138977,0.586462497711182,0.00143499998375773,0,NONE,55,0.585349977016449
17.719988,roll,0,IDLE,-0.10247178375721,0.266081273555756,0.0229589566588402,0,0.300000011920929,0.0840499997138977,0.586462497711182,0.00143499998375773,0,NONE,55,0.585349977016449
17.759988,roll,0,IDLE,-0.0984378457069397,0.266081273555756,0.0229589566588402,0,0.300000011920929,0.0840499997138977,0.586462497711182,0.00143499998375773,0,NONE,55,0.585349977016449
17.799988,roll,0,IDLE,-0.096119336783886,0.266081273555756,0.0229589566588402,0,0.300000011920929,0.0840499997138977,0.586462497711182,0.00143499998375773,0,NONE,55,0.585349977016449
17.839988,roll,0,IDLE,-0.0963752120733261,0.266081273555756,0.0229589566588402,0,0.300000011920929,0.0840499997138977,0.586462497711182,0.00143499998375773,0,NONE,55,0.585349977016449
17.879988,roll,0,IDLE,-0.0995275154709816,0.266081273555756,0.0229589566588402,0,0.300000011920929,0.0840499997138977,0.586462497711182,0.00143499998375773,0,NONE,55,0.585349977016449
17.919988,roll,0,IDLE,-0.105381369590759,0.266081273555756,0.0229589566588402,0,0.300000011920929,0.0840499997138977,0.586462497711182,0.00143499998375773,0,NONE,55,0.585349977016449
17.959988,roll,0,IDLE,-0.113341294229031,0.266081273555756,0.0229589566588402,0,0.300000011920929,0.0840499997138977,0.586462497711182,0.00143499998375773,0,NONE,55,0.585349977016449
17.999988,roll,0,IDLE,-0.1199099868536,0.266081273555756,0.0229589566588402,0,0.300000011920929,0.0840499997138977,0.586462497711182,0.00143499998375773,0,NONE,55,0.585349977016449
18.039988,roll,0,IDLE,-0.123626656830311,0.266081273555756,0.0229589566588402,0,0.300000011920929,0.0840499997138977,0.586462497711182,0.00143499998375773,0,NONE,55,0.585349977016449
18.079988,roll,0,IDLE,-0.123903393745422,0.266081273555756,0.0229589566588402,0,0.300000011920929,0.0840499997138977,0.586462497711182,0.00143499998375773,0,NONE,55,0.585349977016449
18.119988,roll,0,IDLE,-0.1209616959095,0.266081273555756,0.0229589566588402,0,0.300000011920929,0.0840499997138977,0.586462497711182,0.00143499998375773,0,NONE,55,0.585349977016449
18.159988,roll,0,IDLE,-0.115551941096783,0.266081273555756,0.0229589566588402,0,0.300000011920929,0.0840499997138977,0.586462497711182,0.00143499998375773,0,NONE,55,0.585349977016449
18.199988,roll,0,IDLE,-0.109457179903984,0.266081273555756,0.0229589566588402,0,0.300000011920929,0.0840499997138977,0.586462497711182,0.00143499998375773,0,NONE,55,0.585349977016449
18.239988,roll,0,IDLE,-0.103544756770134,0.266081273555756,0.0229589566588402,0,0.300000011920929,0.0840499997138977,0.586462497711182,0.00143499998375773,0,NONE,55,0.585349977016449
18.279988,roll,0,IDLE,-0.0981683135032654,0.266081273555756,0.0229589566588402,0,0.300000011920929,0.0840499997138977,0.586462497711182,0.00143499998375773,0,NONE,55,0.585349977016449
18.319988,roll,0,IDLE,-0.0934408828616142,0.266081273555756,0.0229589566588402,0,0.300000011920929,0.0840499997138977,0.586462497711182,0.00143499998375773,0,NONE,55,0.585349977016449
18.359988,roll,0,IDLE,-0.0899726748466492,0.266081273555756,0.0229589566588402,0,0.300000011920929,0.0840499997138977,0.586462497711182,0.00143499998375773,0,NONE,55,0.585349977016449
18.399988,roll,0,IDLE,-0.08836829662323,0.266081273555756,0.0229589566588402,0,0.300000011920929,0.0840499997138977,0.586462497711182,0.00143499998375773,0,NONE,55,0.585349977016449
18.439988,roll,0,IDLE,-0.0887207239866257,0.266081273555756,0.0229589566588402,0,0.300000011920929,0.0840499997138977,0.586462497711182,0.00143499998375773,0,NONE,55,0.585349977016449
18.479988,roll,0,IDLE,-0.091086633503437,0.266081273555756,0.0229589566588402,0,0.300000011920929,0.0840499997138977,0.586462497711182,0.00143499998375773,0,NONE,55,0.585349977016449
18.519988,roll,0,IDLE,-0.0955212488770485,0.266081273555756,0.0229589566588402,0,0.300000011920929,0.0840499997138977,0.586462497711182,0.00143499998375773,0,NONE,55,0.585349977016449
18.559988,roll,0,IDLE,-0.101335734128952,0.266081273555756,0.0229589566588402,0,0.300000011920929,0.0840499997138977,0.586462497711182,0.00143499998375773,0,NONE,55,0.585349977016449
18.599988,roll,0,IDLE,-0.106661282479763,0.266081273555756,0.0229589566588402,0,0.300000011920929,0.0840499997138977,0.586462497711182,0.00143499998375773,0,NONE,55,0.585349977016449
18.639988,roll,0,IDLE,-0.109818980097771,0.266081273555756,0.0229589566588402,0,0.300000011920929,0.0840499997138977,0.586462497711182,0.00143499998375773,0,NONE,55,0.585349977016449
18.679988,roll,0,IDLE,-0.109386548399925,0.266081273555756,0.0229589566588402,0,0.300000011920929,0.0840499997138977,0.586462497711182,0.00143499998375773,0,NONE,55,0.585349977016449
18.719988,roll,0,IDLE,-0.104558259248734,0.266081273555756,0.0229589566588402,0,0.300000011920929,0.0840499997138977,0.586462497711182,0.00143499998375773,0,NONE,55,0.585349977016449
18.759988,roll,0,IDLE,-0.0954393744468689,0.266081273555756,0.0229589566588402,0,0.300000011920929,0.0840499997138977,0.586462497711182,0.00143499998375773,0,NONE,55,0.585349977016449
18.799988,roll,0,IDLE,-0.0828909054398537,0.266081273555756,0.0229589566588402,0,0.300000011920929,0.0840499997138977,0.586462497711182,0.00143499998375773,0,NONE,55,0.585349977016449
18.839988,roll,0,IDLE,-0.0678616762161255,0.266081273555756,0.0229589566588402,0,0.300000011920929,0.0840499997138977,0.586462497711182,0.00143499998375773,0,NONE,55,0.585349977016449
18.879988,roll,0,IDLE,-0.0513868629932404,0.266081273555756,0.0229589566588402,0,0.300000011920929,0.0840499997138977,0.586462497711182,0.00143499998375773,0,NONE,55,0.585349977016449
18.919988,roll,0,IDLE,-0.0337016396224499,0.266081273555756,0.0229589566588402,0,0.300000011920929,0.0840499997138977,0.586462497711182,0.00143499998375773,0,NONE,55,0.585349977016449
18.959988,roll,0,IDLE,-0.0150381727144122,0.266081273555756,0.0229589566588402,0,0.300000011920929,0.0840499997138977,0.586462497711182,0.00143499998375773,0,NONE,55,0.585349977016449
18.999988,roll,0,IDLE,0.00539979059249163,0.266081273555756,0.0229589566588402,0,0.300000011920929,0.0840499997138977,0.586462497711182,0.00143499998375773,0,NONE,55,0.585349977016449
19.039988,roll,0,IDLE,0.027766939252615,0.266081273555756,0.0229589566588402,0,0.300000011920929,0.0840499997138977,0.586462497711182,0.00143499998375773,0,NONE,55,0.585349977016449
19.079988,roll,0,IDLE,0.0518782921135426,0.266081273555756,0.0229589566588402,0,0.300000011920929,0.0840499997138977,0.586462497711182,0.00143499998375773,0,NONE,55,0.585349977016449
19.119988,roll,0,IDLE,0.0774668604135513,0.266081273555756,0.0229589566588402,0,0.300000011920929,0.0840499997138977,0.586462497711182,0.00143499998375773,0,NONE,55,0.585349977016449
19.159988,roll,0,IDLE,0.104074358940125,0.266081273555756,0.0229589566588402,0,0.300000011920929,0.0840499997138977,0.586462497711182,0.00143499998375773,0,NONE,55,0.585349977016449
19.199988,roll,0,IDLE,0.131026923656464,0.266081273555756,0.0229589566588402,0,0.300000011920929,0.0840499997138977,0.586462497711182,0.00143499998375773,0,NONE,55,0.585349977016449
19.239988,roll,0,IDLE,0.157992914319038,0.266081273555756,0.0229589566588402,0,0.300000011920929,0.0840499997138977,0.586462497711182,0.00143499998375773,0,NONE,55,0.585349977016449
19.279988,roll,0,IDLE,0.184062793850899,0.266081273555756,0.0229589566588402,0,0.300000011920929,0.0840499997138977,0.586462497711182,0.00143499998375773,0,NONE,55,0.585349977016449
19.319988,roll,0,IDLE,0.208218455314636,0.266081273555756,0.0229589566588402,0,0.300000011920929,0.0840499997138977,0.586462497711182,0.00143499998375773,0,NONE,55,0.585349977016449
19.359988,roll,0,IDLE,0.229375556111336,0.266081273555756,0.0229589566588402,0,0.300000011920929,0.0840499997138977,0.586462497711182,0.00143499998375773,0,NONE,55,0.585349977016449
19.399988,roll,0,IDLE,0.246168151497841,0.266081273555756,0.0229589566588402,0,0.300000011920929,0.0840499997138977,0.586462497711182,0.00143499998375773,0,NONE,55,0.585349977016449
19.439988,roll,0,IDLE,0.257941454648972,0.266081273555756,0.0229589566588402,0,0.300000011920929,0.0840499997138977,0.586462497711182,0.00143499998375773,0,NONE,55,0.585349977016449
19.479988,roll,0,IDLE,0.264894366264343,0.266081273555756,0.0229589566588402,0,0.300000011920929,0.0840499997138977,0.586462497711182,0.00143499998375773,0,NONE,55,0.585349977016449
19.519988,roll,0,IDLE,0.267609924077988,0.266081273555756,0.0229589566588402,0,0.300000011920929,0.0840499997138977,0.586462497711182,0.00143499998375773,0,NONE,55,0.585349977016449
19.559988,roll,0,IDLE,0.267236113548279,0.266081273555756,0.0229589566588402,0,0.300000011920929,0.0840499997138977,0.586462497711182,0.00143499998375773,0,NONE,55,0.585349977016449
19.599988,roll,0,IDLE,0.26489195227623,0.266081273555756,0.0229589566588402,0,0.300000011920929,0.0840499997138977,0.586462497711182,0.00143499998375773,0,NONE,55,0.585349977016449
19.639988,roll,0,IDLE,0.261255323886871,0.266081273555756,0.0229589566588402,0,0.300000011920929,0.0840499997138977,0.586462497711182,0.00143499998375773,0,NONE,55,0.585349977016449
19.679988,roll,0,IDLE,0.257159888744354,0.266081273555756,0.0229589566588402,0,0.300000011920929,0.0840499997138977,0.586462497711182,0.00143499998375773,0,NONE,55,0.585349977016449
19.719988,roll,0,IDLE,0.253159940242767,0.266081273555756,0.0229589566588402,0,0.300000011920929,0.0840499997138977,0.586462497711182,0.00143499998375773,0,NONE,55,0.585349977016449
19.759988,roll,0,IDLE,0.249444156885147,0.266081273555756,0.0229589566588402,0,0.300000011920929,0.0840499997138977,0.586462497711182,0.00143499998375773,0,NONE,55,0.585349977016449
19.799988,roll,0,IDLE,0.24806036055088,0.266081273555756,0.0229589566588402,0,0.300000011920929,0.0840499997138977,0.586462497711182,0.00143499998375773,0,NONE,55,0.585349977016449
19.839988,roll,0,IDLE,0.249944567680359,0.266081273555756,0.0230304971337318,0,0.300000011920929,0.0840499997138977,0.586462497711182,0.00143499998375773,0,NONE,55,0.585349977016449
19.879988,roll,0,IDLE,0.255054920911789,0.266081273555756,0.0232486203312874,0,0.300000011920929,0.0840499997138977,0.586462497711182,0.00143499998375773,0,NONE,55,0.585349977016449
19.919988,roll,0,IDLE,0.26291435956955,0.266081273555756,0.0234078634530306,0,0.300000011920929,0.0840499997138977,0.586462497711182,0.00143499998375773,0,NONE,55,0.585349977016449
19.959988,roll,0,IDLE,0.272948622703552,0.266081273555756,0.0235144980251789,0,0.300000011920929,0.0840499997138977,0.586462497711182,0.00143499998375773,0,NONE,55,0.585349977016449
19.999988,roll,0,IDLE,0.282726883888245,0.266081273555756,0.0235742386430502,0,0.300000011920929,0.0840499997138977,0.586462497711182,0.00143499998375773,0,NONE,55,0.585349977016449
20.039988,roll,0,IDLE,0.291027367115021,0.266081273555756,0.0235922858119011,0,0.300000011920929,0.0840499997138977,0.586462497711182,0.00143499998375773,0,NONE,55,0.585349977016449
20.079988,roll,0,IDLE,0.296174257993698,0.266081273555756,0.023900955915451,0,0.300000011920929,0.0840499997138977,0.586462497711182,0.00143499998375773,0,NONE,55,0.585349977016449
20.119988,roll,0,IDLE,0.297167629003525,0.266081273555756,0.0242840182036161,0,0.300000011920929,0.0840499997138977,0.586462497711182,0.00143499998375773,0,NONE,55,0.585349977016449
20.159988,roll,0,IDLE,0.293383657932281,0.266081273555756,0.024650227278471,0,0.300000011920929,0.0840499997138977,0.586462497711182,0.00143499998375773,0,NONE,55,0.585349977016449
20.199988,roll,0,IDLE,0.285939246416092,0.266081273555756,0.0249519888311625,0,0.300000011920929,0.0840499997138977,0.586462497711182,0.00143499998375773,0,NONE,55,0.585349977016449
20.239988,roll,0,IDLE,0.275658488273621,0.266081273555756,0.0251957718282938,0,0.300000011920929,0.0840499997138977,0.586462497711182,0.00143499998375773,0,NONE,55,0.585349977016449
20.279988,roll,0,IDLE,0.263157427310944,0.266081273555756,0.0253874827176332,0,0.300000011920929,0.0840499997138977,0.586462497711182,0.00143499998375773,0,NONE,55,0.585349977016449
20.319988,roll,0,IDLE,0.248940020799637,0.266081273555756,0.0255325064063072,0,0.300000011920929,0.0840499997138977,0.586462497711182,0.00143499998375773,0,NONE,55,0.585349977016449
20.359988,roll,0,IDLE,0.233294308185577,0.266081273555756,0.0256357546895742,0,0.300000011920929,0.0840499997138977,0.586462497711182,0.00143499998375773,0,NONE,55,0.585349977016449
20.399988,roll,0,IDLE,0.21575628221035,0.266081273555756,0.0257017109543085,0,0.300000011920929,0.0840499997138977,0.586462497711182,0.00143499998375773,0,NONE,55,0.585349977016449
20.439988,roll,0,IDLE,0.196315437555313,0.266081273555756,0.0257219951599836,0,0.300000011920929,0.0840499997138977,0.586462497711182,0.00143499998375773,0,NONE,55,0.585349977016449
20.479988,roll,0,IDLE,0.175074264407158,0.266081273555756,0.0257219951599836,0,0.300000011920929,0.0840499997138977,0.586462497711182,0.00143499998375773,0,NONE,55,0.585349977016449
20.519988,roll,0,IDLE,0.152107819914818,0.266081273555756,0.0257219951599836,0,0.300000011920929,0.0840499997138977,0.586462497711182,0.00143499998375773,0,NONE,55,0.585349977016449
20.559988,roll,0,IDLE,0.128066062927246,0.266081273555756,0.0257219951599836,0,0.300000011920929,0.0840499997138977,0.586462497711182,0.00143499998375773,0,NONE,55,0.585349977016449
20.599988,roll,0,IDLE,0.103357575833797,0.266081273555756,0.0257219951599836,0,0.300000011920929,0.0840499997138977,0.586462497711182,0.00143499998375773,0,NONE,55,0.585349977016449
20.639988,roll,0,IDLE,0.078263059258461,0.266081273555756,0.0257219951599836,0,0.300000011920929,0.0840499997138977,0.586462497711182,0.00143499998375773,0,NONE,55,0.585349977016449
20.679988,roll,0,IDLE,0.0529978200793266,0.266081273555756,0.0257219951599836,0,0.300000011920929,0.0840499997138977,0.586462497711182,0.00143499998375773,0,NONE,55,0.585349977016449
20.719988,roll,0,IDLE,0.027697466313839,0.266081273555756,0.0257219951599836,0,0.300000011920929,0.0840499997138977,0.586462497711182,0.00143499998375773,0,NONE,55,0.585349977016449
20.759988,roll,0,IDLE,0.00292511936277151,0.266081273555756,0.0257219951599836,0,0.300000011920929,0.0840499997138977,0.586462497711182,0.00143499998375773,0,NONE,55,0.585349977016449
20.799988,roll,0,IDLE,-0.0197064764797688,0.266081273555756,0.0257219951599836,0,0.300000011920929,0.0840499997138977,0.586462497711182,0.00143499998375773,0,NONE,55,0.585349977016449
20.839988,roll,0,IDLE,-0.0388242080807686,0.266081273555756,0.0257219951599836,0,0.300000011920929,0.0840499997138977,0.586462497711182,0.00143499998375773,0,NONE,55,0.585349977016449
20.879988,roll,0,IDLE,-0.0537591204047203,0.266081273555756,0.0257219951599836,0,0.300000011920929,0.0840499997138977,0.586462497711182,0.00143499998375773,0,NONE,55,0.585349977016449
20.919988,roll,0,IDLE,-0.0645005777478218,0.266081273555756,0.0257219951599836,0,0.300000011920929,0.0840499997138977,0.586462497711182,0.00143499998375773,0,NONE,55,0.585349977016449
20.959988,roll,0,IDLE,-0.0711637735366821,0.266081273555756,0.0257219951599836,0,0.300000011920929,0.0840499997138977,0.586462497711182,0.00143499998375773,0,NONE,55,0.585349977016449
20.999988,roll,0,IDLE,-0.0738665536046028,0.266081273555756,0.0257219951599836,0,0.300000011920929,0.0840499997138977,0.586462497711182,0.00143499998375773,0,NONE,55,0.585349977016449
21.039988,roll,0,IDLE,-0.0730971321463585,0.266081273555756,0.0257219951599836,0,0.300000011920929,0.0840499997138977,0.586462497711182,0.00143499998375773,0,NONE,55,0.585349977016449
21.079988,roll,0,IDLE,-0.0694508254528046,0.266081273555756,0.0257219951599836,0,0.300000011920929,0.0840499997138977,0.586462497711182,0.00143499998375773,0,NONE,55,0.585349977016449
21.119988,roll,0,IDLE,-0.0637083649635315,0.266081273555756,0.0257219951599836,0,0.300000011920929,0.0840499997138977,0.586462497711182,0.00143499998375773,0,NONE,55,0.585349977016449
21.159988,roll,0,IDLE,-0.0625952854752541,0.266081273555756,0.0279593914747238,0,0.300000011920929,0.0840499997138977,0.586462497711182,0.00143499998375773,0,NONE,55,0.585349977016449
21.199988,roll,0,IDLE,-0.0749224647879601,0.266081273555756,0.0365924872457981,0,0.300000011920929,0.0840499997138977,0.586462497711182,0.00143499998375773,0,NONE,55,0.585349977016449
21.239988,roll,0,IDLE,-0.0914266407489777,0.266081273555756,0.0445576049387455,0,0.300000011920929,0.0840499997138977,0.586462497711182,0.00143499998375773,0,NONE,55,0.585349977016449
21.279988,roll,0,IDLE,-0.108262270689011,0.266081273555756,0.0519435666501522,0,0.300000011920929,0.0840499997138977,0.586462497711182,0.00143499998375773,0,NONE,55,0.585349977016449
21.319988,roll,0,IDLE,-0.123511262238026,0.266081273555756,0.058750469237566,0,0.300000011920929,0.0840499997138977,0.586462497711182,0.00143499998375773,0,NONE,55,0.585349977016449
21.359988,roll,0,IDLE,-0.136645197868347,0.266081273555756,0.0650237053632736,0,0.300000011920929,0.0840499997138977,0.586462497711182,0.00143499998375773,0,NONE,55,0.585349977016449
21.399988,roll,0,IDLE,-0.147979110479355,0.266081273555756,0.0708051174879074,0,0.300000011920929,0.0840499997138977,0.586462497711182,0.00143499998375773,0,NONE,55,0.585349977016449
21.439988,roll,0,IDLE,-0.15734489262104,0.266081273555756,0.0761332735419273,0,0.300000011920929,0.0840499997138977,0.586462497711182,0.00143499998375773,0,NONE,55,0.585349977016449
21.479988,roll,0,IDLE,-0.165147468447685,0.266081273555756,0.0809464082121849,0,0.300000011920929,0.0840499997138977,0.586462497711182,0.00143499998375773,0,NONE,55,0.585349977016449
21.519988,roll,0,IDLE,-0.171748951077461,0.266081273555756,0.0850084945559502,0,0.300000011920929,0.0840499997138977,0.586462497711182,0.00143499998375773,0,NONE,55,0.585349977016449
21.559988,roll,0,IDLE,-0.177127227187157,0.266081273555756,0.088379479944706,0,0.300000011920929,0.0840499997138977,0.586462497711182,0.00143499998375773,0,NONE,55,0.585349977016449
21.599988,roll,0,IDLE,-0.180634737014771,0.266081273555756,0.0910887718200684,0,0.300000011920929,0.0840499997138977,0.586462497711182,0.00143499998375773,0,NONE,55,0.585349977016449
21.639988,roll,0,IDLE,-0.18162240087986,0.266081273555756,0.0932039767503738,0,0.300000011920929,0.0840499997138977,0.586462497711182,0.00143499998375773,0,NONE,55,0.585349977016449
21.679988,roll,0,IDLE,-0.180299997329712,0.266081273555756,0.0947867929935455,0,0.300000011920929,0.0840499997138977,0.586462497711182,0.00143499998375773,0,NONE,55,0.585349977016449
21.719988,roll,0,IDLE,-0.177000284194946,0.266081273555756,0.0958934724330902,0,0.300000011920929,0.0840499997138977,0.586462497711182,0.00143499998375773,0,NONE,55,0.585349977016449
21.759988,roll,0,IDLE,-0.171348199248314,0.266081273555756,0.0966158136725426,0,0.300000011920929,0.0840499997138977,0.586462497711182,0.00143499998375773,0,NONE,55,0.585349977016449
21.799988,roll,0,IDLE,-0.161759674549103,0.266081273555756,0.0970280393958092,0,0.300000011920929,0.0840499997138977,0.586462497711182,0.00143499998375773,0,NONE,55,0.585349977016449
21.839988,roll,0,IDLE,-0.14807516336441,0.266081273555756,0.0971374437212944,0,0.300000011920929,0.0840499997138977,0.586462497711182,0.00143499998375773,0,NONE,55,0.585349977016449
21.879988,roll,0,IDLE,-0.130398914217949,0.266081273555756,0.0971374437212944,0,0.300000011920929,0.0840499997138977,0.586462497711182,0.00143499998375773,0,NONE,55,0.585349977016449
21.919988,roll,0,IDLE,-0.109756022691727,0.266081273555756,0.0971374437212944,0,0.300000011920929,0.0840499997138977,0.586462497711182,0.00143499998375773,0,NONE,55,0.585349977016449
21.959988,roll,0,IDLE,-0.086626224219799,0.266081273555756,0.0971374437212944,0,0.300000011920929,0.0840499997138977,0.586462497711182,0.00143499998375773,0,NONE,55,0.585349977016449
21.999988,roll,0,IDLE,-0.0629091188311577,0.266081273555756,0.0971374437212944,0,0.300000011920929,0.0840499997138977,0.586462497711182,0.00143499998375773,0,NONE,55,0.585349977016449
22.039988,roll,0,IDLE,0.115071803331375,0.400257468223572,0.189887553453445,0,0.300000011920929,0.0840499997138977,0.586462497711182,0.00143499998375773,0,NONE,55,0.585349977016449
22.079988,roll,0,IDLE,0.675982356071472,0.788511633872986,0.393588244915009,0,0.300000011920929,0.0840499997138977,0.586462497711182,0.00143499998375773,0,NONE,55,0.585349977016449
22.119988,roll,1,DEMAND_POS,1.33962762355804,1.14604663848877,0.622472584247589,0,0.300000011920929,0.0840499997138977,0.586462497711182,0.00143499998375773,0,NONE,55,0.585349977016449
22.159988,roll,1,DEMAND_POS,1.98423886299133,1.47528183460236,0.836255192756653,0,0.300000011920929,0.0840499997138977,0.586462497711182,0.00143499998375773,0,NONE,55,0.585349977016449
22.199988,roll,1,DEMAND_POS,2.55145215988159,1.77844667434692,1.0332772731781,0,0.300000011920929,0.0840499997138977,0.586462497711182,0.00143499998375773,0,NONE,55,0.585349977016449
22.239988,roll,1,DEMAND_POS,3.01462578773499,2.09309434890747,1.21485280990601,0,0.300000011920929,0.0840499997138977,0.586462497711182,0.00143499998375773,0,NONE,55,0.585349977016449
22.279988,roll,1,DEMAND_POS,3.36561989784241,2.4218807220459,1.38219285011292,0,0.300000011920929,0.0840499997138977,0.586462497711182,0.00143499998375773,0,NONE,55,0.585349977016449
22.319988,roll,1,DEMAND_POS,3.60657095909119,2.75180816650391,1.5364134311676,0,0.300000011920929,0.0840499997138977,0.586462497711182,0.00143499998375773,0,NONE,55,0.585349977016449
22.359988,roll,1,DEMAND_POS,3.74607062339783,3.06773853302002,1.67640888690948,0,0.300000011920929,0.0840499997138977,0.586462497711182,0.00143499998375773,0,NONE,55,0.585349977016449
22.399988,roll,1,DEMAND_POS,3.7957239151001,3.35038685798645,1.79723072052002,0,0.300000011920929,0.0840499997138977,0.586462497711182,0.00143499998375773,0,NONE,55,0.585349977016449
22.439988,roll,1,DEMAND_POS,3.76889753341675,3.59632802009583,1.90016162395477,0,0.300000011920929,0.0840499997138977,0.586462497711182,0.00143499998375773,0,NONE,55,0.585349977016449
22.479988,roll,1,DEMAND_POS,3.67924547195435,3.80807209014893,1.98536694049835,0,0.300000011920929,0.0840499997138977,0.586462497711182,0.00143499998375773,0,NONE,55,0.585349977016449
22.519988,roll,1,DEMAND_POS,3.54082822799683,3.98889064788818,2.05461883544922,0,0.300000011920929,0.0840499997138977,0.586462497711182,0.00143499998375773,0,NONE,55,0.585349977016449
22.559988,roll,1,DEMAND_POS,3.36635208129883,4.14177560806274,2.10953497886658,0,0.300000011920929,0.0840499997138977,0.586462497711182,0.00143499998375773,0,NONE,55,0.585349977016449
22.599988,roll,1,DEMAND_POS,3.16725134849548,4.2694616317749,2.15159201622009,0,0.300000011920929,0.0840499997138977,0.586462497711182,0.00143499998375773,0,NONE,55,0.585349977016449
22.639988,roll,1,DEMAND_POS,2.95371651649475,4.37444734573364,2.18213725090027,0,0.300000011920929,0.0840499997138977,0.586462497711182,0.00143499998375773,0,NONE,55,0.585349977016449
22.679988,roll,1,DEMAND_POS,2.73390221595764,4.45901584625244,2.2023983001709,0,0.300000011920929,0.0840499997138977,0.586462497711182,0.00143499998375773,0,NONE,55,0.585349977016449
22.719988,roll,1,DEMAND_POS,2.5141863822937,4.52390241622925,2.21349382400513,0,0.300000011920929,0.0840499997138977,0.586462497711182,0.00143499998375773,0,NONE,55,0.585349977016449
22.759988,roll,1,DEMAND_POS,2.29929399490356,4.56728887557983,2.21644234657288,0,0.300000011920929,0.0840499997138977,0.586462497711182,0.00143499998375773,0,NONE,55,0.585349977016449
22.799988,roll,1,DEMAND_POS,2.09235525131226,4.59151077270508,2.21644234657288,0,0.300000011920929,0.0840499997138977,0.586462497711182,0.00143499998375773,0,NONE,55,0.585349977016449
22.839988,roll,1,DEMAND_POS,1.89505469799042,4.59869480133057,2.21644234657288,0,0.300000011920929,0.0840499997138977,0.586462497711182,0.00143499998375773,0,NONE,55,0.585349977016449
22.879988,roll,1,DEMAND_POS,1.708367228508,4.59869480133057,2.21644234657288,0,0.300000011920929,0.0840499997138977,0.586462497711182,0.00143499998375773,0,NONE,55,0.585349977016449
22.919988,roll,0,IDLE,1.5322517156601,4.59869480133057,2.21644234657288,0,0.300000011920929,0.0840499997138977,0.586462497711182,0.00143499998375773,0,NONE,55,0.585349977016449
22.959988,roll,0,IDLE,1.42491817474365,4.3821873664856,1.85827720165253,0.410531491041183,0.336000025272369,0.0294174998998642,0.0294174998998642,0.0010762499878183,4,LOWER_PD,35,0.673152446746826
22.999988,roll,0,IDLE,1.3095954656601,4.47521877288818,1.85827720165253,0.410531491041183,0.336000025272369,0.0294174998998642,0.0294174998998642,0.0010762499878183,4,LOWER_PD,35,0.673152446746826
23.039988,roll,0,IDLE,1.19062638282776,4.5570592880249,1.85827720165253,0.410531491041183,0.336000025272369,0.0294174998998642,0.0294174998998642,0.0010762499878183,4,LOWER_PD,35,0.673152446746826
23.079988,roll,0,IDLE,1.06976687908173,4.62873983383179,1.85827720165253,0.410531491041183,0.336000025272369,0.0294174998998642,0.0294174998998642,0.0010762499878183,4,LOWER_PD,35,0.673152446746826
23.119988,roll,0,IDLE,0.948004603385925,4.69120502471924,1.85827720165253,0.410531491041183,0.336000025272369,0.0294174998998642,0.0294174998998642,0.0010762499878183,4,LOWER_PD,35,0.673152446746826
23.159988,roll,0,IDLE,0.826115071773529,4.74531936645508,1.85827720165253,0.410531491041183,0.336000025272369,0.0294174998998642,0.0294174998998642,0.0010762499878183,4,LOWER_PD,35,0.673152446746826
23.199988,roll,0,IDLE,0.70491087436676,4.79187536239624,1.85827720165253,0.410531491041183,0.336000025272369,0.0294174998998642,0.0294174998998642,0.0010762499878183,4,LOWER_PD,35,0.673152446746826
23.239988,roll,0,IDLE,0.585372447967529,4.83159589767456,1.85827720165253,0.410531491041183,0.336000025272369,0.0294174998998642,0.0294174998998642,0.0010762499878183,4,LOWER_PD,35,0.673152446746826
23.279988,roll,0,IDLE,0.468112647533417,4.85499858856201,1.85827720165253,0.410531491041183,0.336000025272369,0.0294174998998642,0.0294174998998642,0.0010762499878183,4,LOWER_PD,35,0.673152446746826
23.319988,roll,0,IDLE,0.353801012039185,4.86063957214355,1.85827720165253,0.410531491041183,0.336000025272369,0.0294174998998642,0.0294174998998642,0.0010762499878183,4,LOWER_PD,35,0.673152446746826
23.359988,roll,0,IDLE,0.243121519684792,4.86063957214355,1.85827720165253,0.410531491041183,0.336000025272369,0.0294174998998642,0.0294174998998642,0.0010762499878183,4,LOWER_PD,35,0.673152446746826
23.399988,roll,0,IDLE,0.136399373412132,4.86063957214355,1.85827720165253,0.410531491041183,0.336000025272369,0.0294174998998642,0.0294174998998642,0.0010762499878183,4,LOWER_PD,35,0.673152446746826
23.439988,roll,0,IDLE,0.034220315515995,4.86063957214355,1.85827720165253,0.410531491041183,0.336000025272369,0.0294174998998642,0.0294174998998642,0.0010762499878183,4,LOWER_PD,35,0.673152446746826
23.479988,roll,0,IDLE,-0.062855064868927,4.86063957214355,1.85827720165253,0.410531491041183,0.336000025272369,0.0294174998998642,0.0294174998998642,0.0010762499878183,4,LOWER_PD,35,0.673152446746826
23.519988,roll,0,IDLE,-0.154552787542343,4.86063957214355,1.85827720165253,0.410531491041183,0.336000025272369,0.0294174998998642,0.0294174998998642,0.0010762499878183,4,LOWER_PD,35,0.673152446746826
23.559988,roll,0,IDLE,-0.24062106013298,4.86063957214355,1.85827720165253,0.410531491041183,0.336000025272369,0.0294174998998642,0.0294174998998642,0.0010762499878183,4,LOWER_PD,35,0.673152446746826
23.599988,roll,0,IDLE,-0.321418076753616,4.86063957214355,1.85827720165253,0.410531491041183,0.336000025272369,0.0294174998998642,0.0294174998998642,0.0010762499878183,4,LOWER_PD,35,0.673152446746826
23.639988,roll,0,IDLE,-0.397153466939926,4.86063957214355,1.85827720165253,0.410531491041183,0.336000025272369,0.0294174998998642,0.0294174998998642,0.0010762499878183,4,LOWER_PD,35,0.673152446746826
23.679988,roll,0,IDLE,-0.467898368835449,4.86063957214355,1.85827720165253,0.410531491041183,0.336000025272369,0.0294174998998642,0.0294174998998642,0.0010762499878183,4,LOWER_PD,35,0.673152446746826
23.719988,roll,0,IDLE,-0.533361971378326,4.86063957214355,1.85827720165253,0.410531491041183,0.336000025272369,0.0294174998998642,0.0294174998998642,0.0010762499878183,4,LOWER_PD,35,0.673152446746826
23.759988,roll,0,IDLE,-0.593501031398773,4.86063957214355,1.85827720165253,0.410531491041183,0.336000025272369,0.0294174998998642,0.0294174998998642,0.0010762499878183,4,LOWER_PD,35,0.673152446746826
23.799988,roll,0,IDLE,-0.648516893386841,4.86063957214355,1.85827720165253,0.410531491041183,0.336000025272369,0.0294174998998642,0.0294174998998642,0.0010762499878183,4,LOWER_PD,35,0.673152446746826
23.839988,roll,0,IDLE,-0.815224945545197,4.86063957214355,1.85827720165253,0.410531491041183,0.336000025272369,0.0294174998998642,0.0294174998998642,0.0010762499878183,4,LOWER_PD,35,0.673152446746826
23.879988,roll,2,DEMAND_NEG,-1.2802951335907,4.86063957214355,1.85827720165253,0.410531491041183,0.336000025272369,0.0294174998998642,0.0294174998998642,0.0010762499878183,4,LOWER_PD,35,0.673152446746826
23.919988,roll,2,DEMAND_NEG,-1.83916199207306,4.86063957214355,1.85827720165253,0.410531491041183,0.336000025272369,0.0294174998998642,0.0294174998998642,0.0010762499878183,4,LOWER_PD,35,0.673152446746826
23.959988,roll,2,DEMAND_NEG,-2.39666986465454,4.86063957214355,1.85827720165253,0.410531491041183,0.336000025272369,0.0294174998998642,0.0294174998998642,0.0010762499878183,4,LOWER_PD,35,0.673152446746826
23.999988,roll,2,DEMAND_NEG,-2.90767550468445,4.86063957214355,1.85827720165253,0.410531491041183,0.336000025272369,0.0294174998998642,0.0294174998998642,0.0010762499878183,4,LOWER_PD,35,0.673152446746826
24.039988,roll,2,DEMAND_NEG,-3.35305953025818,4.86063957214355,1.85827720165253,0.410531491041183,0.336000025272369,0.0294174998998642,0.0294174998998642,0.0010762499878183,4,LOWER_PD,35,0.673152446746826
24.079988,roll,2,DEMAND_NEG,-3.72780919075012,4.86063957214355,1.85827720165253,0.410531491041183,0.336000025272369,0.0294174998998642,0.0294174998998642,0.0010762499878183,4,LOWER_PD,35,0.673152446746826
24.119988,roll,2,DEMAND_NEG,-4.03351449966431,4.86063957214355,1.85827720165253,0.410531491041183,0.336000025272369,0.0294174998998642,0.0294174998998642,0.0010762499878183,4,LOWER_PD,35,0.673152446746826
24.159988,roll,2,DEMAND_NEG,-4.27627563476562,4.86063957214355,1.85827720165253,0.410531491041183,0.336000025272369,0.0294174998998642,0.0294174998998642,0.0010762499878183,4,LOWER_PD,35,0.673152446746826
24.199988,roll,2,DEMAND_NEG,-4.46326112747192,4.86063957214355,1.85827720165253,0.410531491041183,0.336000025272369,0.0294174998998642,0.0294174998998642,0.0010762499878183,4,LOWER_PD,35,0.673152446746826
24.239988,roll,2,DEMAND_NEG,-4.60246801376343,4.86063957214355,1.85827720165253,0.410531491041183,0.336000025272369,0.0294174998998642,0.0294174998998642,0.0010762499878183,4,LOWER_PD,35,0.673152446746826
24.279988,roll,2,DEMAND_NEG,-4.70202493667603,4.86063957214355,1.85827720165253,0.410531491041183,0.336000025272369,0.0294174998998642,0.0294174998998642,0.0010762499878183,4,LOWER_PD,35,0.673152446746826
24.319988,roll,2,DEMAND_NEG,-4.76843738555908,4.86063957214355,1.85827720165253,0.410531491041183,0.336000025272369,0.0294174998998642,0.0294174998998642,0.0010762499878183,4,LOWER_PD,35,0.673152446746826
24.359988,roll,2,DEMAND_NEG,-4.80787229537964,4.86063957214355,1.85827720165253,0.410531491041183,0.336000025272369,0.0294174998998642,0.0294174998998642,0.0010762499878183,4,LOWER_PD,35,0.673152446746826
24.399988,roll,2,DEMAND_NEG,-4.82524538040161,4.86063957214355,1.85827720165253,0.410531491041183,0.336000025272369,0.0294174998998642,0.0294174998998642,0.0010762499878183,4,LOWER_PD,35,0.673152446746826
24.439988,roll,2,DEMAND_NEG,-4.82442283630371,4.86063957214355,1.85827720165253,0.410531491041183,0.336000025272369,0.0294174998998642,0.0294174998998642,0.0010762499878183,4,LOWER_PD,35,0.673152446746826
24.479988,roll,2,DEMAND_NEG,-4.80879020690918,4.86063957214355,1.85827720165253,0.410531491041183,0.336000025272369,0.0294174998998642,0.0294174998998642,0.0010762499878183,4,LOWER_PD,35,0.673152446746826
24.519988,roll,2,DEMAND_NEG,-4.78049802780151,4.86063957214355,1.85827720165253,0.410531491041183,0.336000025272369,0.0294174998998642,0.0294174998998642,0.0010762499878183,4,LOWER_PD,35,0.673152446746826
24.559988,roll,2,DEMAND_NEG,-4.74253988265991,4.86063957214355,1.85827720165253,0.410531491041183,0.336000025272369,0.0294174998998642,0.0294174998998642,0.0010762499878183,4,LOWER_PD,35,0.673152446746826
24.599988,roll,2,DEMAND_NEG,-4.69672775268555,4.86063957214355,1.85827720165253,0.410531491041183,0.336000025272369,0.0294174998998642,0.0294174998998642,0.0010762499878183,4,LOWER_PD,35,0.673152446746826
24.639988,roll,2,DEMAND_NEG,-4.64487838745117,4.86063957214355,1.85827720165253,0.410531491041183,0.336000025272369,0.0294174998998642,0.0294174998998642,0.0010762499878183,4,LOWER_PD,35,0.673152446746826
24.679988,roll,2,DEMAND_NEG,-4.58852243423462,4.86063957214355,1.85827720165253,0.410531491041183,0.336000025272369,0.0294174998998642,0.0294174998998642,0.0010762499878183,4,LOWER_PD,35,0.673152446746826
24.719988,roll,2,DEMAND_NEG,-4.52772426605225,4.86063957214355,1.85827720165253,0.410531491041183,0.336000025272369,0.0294174998998642,0.0294174998998642,0.0010762499878183,4,LOWER_PD,35,0.673152446746826
24.759988,roll,2,DEMAND_NEG,-4.46293163299561,4.86063957214355,1.85827720165253,0.410531491041183,0.336000025272369,0.0294174998998642,0.0294174998998642,0.0010762499878183,4,LOWER_PD,35,0.673152446746826
24.799988,roll,2,DEMAND_NEG,-4.3938159942627,4.86063957214355,1.85827720165253,0.410531491041183,0.336000025272369,0.0294174998998642,0.0294174998998642,0.0010762499878183,4,LOWER_PD,35,0.673152446746826
24.839988,roll,2,DEMAND_NEG,-4.32004356384277,4.86063957214355,1.85827720165253,0.410531491041183,0.336000025272369,0.0294174998998642,0.0294174998998642,0.0010762499878183,4,LOWER_PD,35,0.673152446746826
24.879988,roll,2,DEMAND_NEG,-4.24178075790405,4.86063957214355,1.85827720165253,0.410531491041183,0.336000025272369,0.0294174998998642,0.0294174998998642,0.0010762499878183,4,LOWER_PD,35,0.673152446746826
24.919988,roll,2,DEMAND_NEG,-4.15896034240723,4.86063957214355,1.85827720165253,0.410531491041183,0.336000025272369,0.0294174998998642,0.0294174998998642,0.0010762499878183,4,LOWER_PD,35,0.673152446746826
24.959988,roll,2,DEMAND_NEG,-4.37496662139893,4.86063957214355,1.85827720165253,0.410531491041183,0.336000025272369,0.0294174998998642,0.0294174998998642,0.0010762499878183,4,LOWER_PD,35,0.673152446746826
24.999988,roll,2,DEMAND_NEG,-4.76680660247803,4.86063957214355,1.85827720165253,0.410531491041183,0.336000025272369,0.0294174998998642,0.0294174998998642,0.0010762499878183,4,LOWER_PD,35,0.673152446746826
25.039988,roll,2,DEMAND_NEG,-5.19778919219971,4.86063957214355,1.85827720165253,0.410531491041183,0.336000025272369,0.0294174998998642,0.0294174998998642,0.0010762499878183,4,LOWER_PD,35,0.673152446746826
