mavpackettype,TimeUS,NavRoll,Roll,NavPitch,Pitch,ThO,RdO,ThD,As,AsT,E2T,GU,ap_time_s
CTUN,2199998,0.2,0.2,-2.28,-2.28,45.29999923706055,0.0,0.0,0.0,2,0.9999942183494568,0,2.199998
CTUN,2239998,0.2,0.2,-2.32,-2.32,45.29999923706055,0.0,0.0,0.0,2,0.9999942183494568,0,2.239998
CTUN,2279998,0.21,0.21,-2.34,-2.34,45.099998474121094,0.0,0.0,12.524845123291016,1,0.9999903440475464,0,2.279998
CTUN,2319998,0.21,0.21,-2.37,-2.37,44.900001525878906,0.0,0.0,12.524845123291016,1,0.9999903440475464,0,2.319998
CTUN,2359998,0.21,0.21,-2.41,-2.41,44.70000076293945,0.0,0.0,12.524845123291016,1,0.9999903440475464,0,2.359998
CTUN,2399998,0.21,0.21,-2.45,-2.45,44.5,0.0,0.0,12.537099838256836,1,0.9999971389770508,0,2.399998
CTUN,2439998,0.21,0.21,-2.48,-2.48,44.29999923706055,0.0,0.0,12.537099838256836,1,0.9999971389770508,0,2.439998
CTUN,2479998,0.21,0.21,-2.98,-2.98,44.099998474121094,0.0,0.0,12.559369087219238,1,0.9999930262565613,0,2.479998
CTUN,2519998,0.21,0.21,-3.48,-3.48,43.900001525878906,0.0,0.0,12.559369087219238,1,0.9999930262565613,0,2.519998
CTUN,2559998,0.22,0.22,-3.97,-3.97,43.70000076293945,0.0,0.0,12.559369087219238,1,0.9999930262565613,0,2.559998
CTUN,2599998,0.22,0.22,-4.46,-4.46,43.5,0.0,0.0,12.5845308303833,1,0.9999940395355225,0,2.599998
CTUN,2639998,0.22,0.22,-4.95,-4.95,43.29999923706055,0.0,0.0,12.5845308303833,1,0.9999940395355225,0,2.639998
CTUN,2679998,0.22,0.22,-5.2,-5.2,43.099998474121094,0.0,0.0,12.617630958557129,1,0.9999849796295166,0,2.679998
CTUN,2719998,0.22,0.22,-5.2,-5.2,42.900001525878906,0.0,0.0,12.617630958557129,1,0.9999849796295166,0,2.719998
CTUN,2759998,0.22,0.22,-5.2,-5.2,42.70000076293945,0.0,0.0,12.617630958557129,1,0.9999849796295166,0,2.759998
CTUN,2799998,0.22,0.22,-5.2,-5.2,42.5,0.0,0.0,12.653241157531738,1,0.999983012676239,0,2.799998
CTUN,2839998,0.21,0.21,-5.19,-5.19,42.29999923706055,0.0,0.0,12.653241157531738,1,0.999983012676239,0,2.839998
CTUN,2879998,0.21,0.21,-5.19,-5.19,42.20000076293945,0.0,0.0,12.68925952911377,1,0.9999786019325256,0,2.879998
CTUN,2919998,0.21,0.21,-5.19,-5.19,42.0,0.0,0.0,12.68925952911377,1,0.9999786019325256,0,2.919998
CTUN,2959998,0.21,0.21,-5.19,-5.19,41.79999923706055,0.0,0.0,12.68925952911377,1,0.9999786019325256,0,2.959998
CTUN,2999998,0.21,0.21,-5.18,-5.18,41.599998474121094,0.0,0.0,12.725248336791992,1,0.99998539686203,0,2.999998
CTUN,3039998,0.21,0.21,-5.18,-5.18,41.400001525878906,0.0,0.0,12.725248336791992,1,0.99998539686203,0,3.039998
CTUN,3079998,0.21,0.21,-5.17,-5.17,41.20000076293945,0.0,0.0,12.762550354003906,1,0.9999752640724182,0,3.079998
CTUN,3119998,0.21,0.21,-5.15,-5.15,41.099998474121094,0.0,0.0,12.762550354003906,1,0.9999752640724182,0,3.119998
CTUN,3159998,0.21,0.21,-5.13,-5.13,40.900001525878906,0.0,0.0,12.762550354003906,1,0.9999752640724182,0,3.159998
CTUN,3199998,0.21,0.21,-5.1,-5.1,40.70000076293945,0.0,0.0,12.799887657165527,1,0.9999752640724182,0,3.199998
CTUN,3239998,0.21,0.21,-5.07,-5.07,40.599998474121094,0.0,0.0,12.799887657165527,1,0.9999752640724182,0,3.239998
CTUN,3279998,0.21,0.21,-5.04,-5.04,40.400001525878906,0.0,0.0,12.833856582641602,1,0.9999808669090271,0,3.279998
CTUN,3319998,0.21,0.21,-5.01,-5.01,40.20000076293945,0.0,0.0,12.833856582641602,1,0.9999808669090271,0,3.319998
CTUN,3359998,0.21,0.21,-4.98,-4.98,40.099998474121094,0.0,0.0,12.833856582641602,1,0.9999808669090271,0,3.359998
CTUN,3399998,0.2,0.2,-4.94,-4.94,39.900001525878906,0.0,0.0,12.869600296020508,1,0.9999725222587585,0,3.399998
CTUN,3439998,0.2,0.2,-4.91,-4.91,39.79999923706055,0.0,0.0,12.869600296020508,1,0.9999725222587585,0,3.439998
CTUN,3479998,0.2,0.2,-4.87,-4.87,39.599998474121094,0.0,0.0,12.90099048614502,1,0.9999712705612183,0,3.479998
CTUN,3519998,0.2,0.2,-4.83,-4.83,39.5,0.0,0.0,12.90099048614502,1,0.9999712705612183,0,3.519998
CTUN,3559998,0.2,0.2,-4.79,-4.79,39.29999923706055,0.0,0.0,12.90099048614502,1,0.9999712705612183,0,3.559998
CTUN,3599998,0.2,0.2,-4.75,-4.75,39.20000076293945,0.0,0.0,12.932880401611328,1,0.9999751448631287,0,3.599998
CTUN,3639998,0.2,0.2,-4.71,-4.71,39.0,0.0,0.0,12.932880401611328,1,0.9999751448631287,0,3.639998
CTUN,3679998,0.2,0.2,-4.67,-4.67,38.900001525878906,0.0,0.0,12.966829299926758,1,0.9999714493751526,0,3.679998
CTUN,3719998,0.19,0.19,-4.62,-4.62,38.79999923706055,0.0,0.0,12.966829299926758,1,0.9999714493751526,0,3.719998
CTUN,3759998,0.19,0.19,-4.58,-4.58,38.599998474121094,0.0,0.0,12.966829299926758,1,0.9999714493751526,0,3.759998
CTUN,3799998,0.19,0.19,-4.53,-4.53,38.5,0.0,0.0,12.996058464050293,1,0.9999658465385437,0,3.799998
CTUN,3839998,0.19,0.19,-4.48,-4.48,38.400001525878906,0.0,0.0,12.996058464050293,1,0.9999658465385437,0,3.839998
CTUN,3879998,0.19,0.19,-4.44,-4.44,38.29999923706055,0.0,0.0,13.022843360900879,1,0.9999703168869019,0,3.879998
CTUN,3919998,0.19,0.19,-4.39,-4.39,38.20000076293945,0.0,0.0,13.022843360900879,1,0.9999703168869019,0,3.919998
CTUN,3959998,0.19,0.19,-4.34,-4.34,38.099998474121094,0.0,0.0,13.022843360900879,1,0.9999703168869019,0,3.959998
CTUN,4019996,0.19,0.19,-4.26,-4.26,38.0,0.0,0.0,13.049796104431152,1,0.9999574422836304,0,4.019996
CTUN,4079993,0.19,0.19,-4.19,-4.19,37.79999923706055,0.0,0.0,13.049796104431152,1,0.9999574422836304,0,4.079993
CTUN,4139990,0.18,0.18,-4.12,-4.12,37.70000076293945,0.0,0.0,13.075302124023438,1,0.9999574422836304,0,4.13999
CTUN,4199988,0.0,0.18,-0.35,-4.02,37.5,17.0,0.0,13.075302124023438,1,0.9999574422836304,0,4.199988
CTUN,4239988,0.0,0.18,-0.35,-3.79,37.400001525878906,17.0,0.0,13.075302124023438,1,0.9999574422836304,0,4.239988
CTUN,4279988,0.0,0.18,-0.35,-3.38,37.29999923706055,16.0,0.0,13.102456092834473,1,0.9999619126319885,0,4.279988
CTUN,4319988,0.0,0.18,-0.35,-2.84,37.29999923706055,16.0,0.0,13.102456092834473,1,0.9999619126319885,0,4.319988
CTUN,4359988,0.0,0.18,-0.35,-2.21,37.20000076293945,16.0,0.0,13.126668930053711,1,0.9999570250511169,0,4.359988
CTUN,4399988,0.0,0.18,-0.35,-1.57,37.20000076293945,15.0,0.0,13.126668930053711,1,0.9999570250511169,0,4.399988
CTUN,4439988,0.0,0.18,-0.35,-0.99,37.29999923706055,15.0,0.0,13.126668930053711,1,0.9999570250511169,0,4.439988
CTUN,4479988,0.0,0.18,-0.35,-0.5,37.29999923706055,15.0,0.0,13.142891883850098,1,0.9999510645866394,0,4.479988
CTUN,4519988,0.0,0.18,-0.35,-0.14,37.400001525878906,15.0,0.0,13.142891883850098,1,0.9999510645866394,0,4.519988
CTUN,4559988,0.0,0.18,-0.35,0.08,37.599998474121094,14.0,0.0,13.147470474243164,1,0.9999623894691467,0,4.559988
CTUN,4599988,0.0,0.18,-0.35,0.17,37.70000076293945,14.0,0.0,13.147470474243164,1,0.9999623894691467,0,4.599988
CTUN,4639988,0.0,0.17,-0.35,0.16,37.900001525878906,14.0,0.0,13.147470474243164,1,0.9999623894691467,0,4.639988
CTUN,4679988,0.0,0.17,-0.31,0.07,38.099998474121094,13.0,0.0,13.136635780334473,1,0.9999589920043945,0,4.679988
CTUN,4719988,0.0,0.17,-0.31,-0.07,38.29999923706055,13.0,0.0,13.136635780334473,1,0.9999589920043945,0,4.719988
CTUN,4759988,0.0,0.17,-0.31,-0.25,38.5,12.0,0.0,13.119455337524414,1,0.9999558925628662,0,4.759988
CTUN,4799988,0.0,0.17,-0.31,-0.43,38.70000076293945,12.0,0.0,13.119455337524414,1,0.9999558925628662,0,4.799988
CTUN,4839988,0.0,0.16,-0.31,-0.6,38.900001525878906,12.0,0.0,13.119455337524414,1,0.9999558925628662,0,4.839988
CTUN,4879988,0.0,0.16,-0.31,-0.74,39.0,11.0,0.0,13.0950345993042,1,0.9999551773071289,0,4.879988
CTUN,4919988,0.0,0.16,-0.26,-0.83,39.20000076293945,11.0,0.0,13.0950345993042,1,0.9999551773071289,0,4.919988
CTUN,4959988,0.0,0.16,-0.26,-0.87,39.29999923706055,11.0,0.0,13.068028450012207,1,0.9999656677246094,0,4.959988
CTUN,4999988,0.0,0.16,-0.26,-0.86,39.5,11.0,0.0,13.068028450012207,1,0.9999656677246094,0,4.999988
CTUN,5039988,0.0,0.16,-0.26,-0.79,39.599998474121094,11.0,0.0,13.068028450012207,1,0.9999656677246094,0,5.039988
CTUN,5079988,0.0,0.16,-0.26,-0.69,39.70000076293945,11.0,0.0,13.038805961608887,1,0.9999701380729675,0,5.079988
CTUN,5119988,0.0,0.16,-0.26,-0.58,39.900001525878906,10.0,0.0,13.038805961608887,1,0.9999701380729675,0,5.119988
CTUN,5159988,0.0,0.16,-0.26,-0.45,40.0,9.0,0.0,13.011833190917969,1,0.9999635219573975,0,5.159988
CTUN,5199988,0.0,0.15,-0.22,-0.31,40.099998474121094,9.0,0.0,13.011833190917969,1,0.9999635219573975,0,5.199988
CTUN,5239988,0.0,0.15,-0.22,-0.19,40.20000076293945,8.0,0.0,13.011833190917969,1,0.9999635219573975,0,5.239988
CTUN,5279988,0.0,0.15,-0.22,-0.08,40.400001525878906,8.0,0.0,12.986175537109375,1,0.9999662041664124,0,5.279988
CTUN,5319988,0.0,0.15,-0.22,-0.01,40.5,8.0,0.0,12.986175537109375,1,0.9999662041664124,0,5.319988
CTUN,5359988,0.0,0.14,-0.22,0.03,40.599998474121094,8.0,0.0,12.959037780761719,1,0.9999656677246094,0,5.359988
CTUN,5399988,0.0,0.14,-0.22,0.05,40.79999923706055,8.0,0.0,12.959037780761719,1,0.9999656677246094,0,5.399988
CTUN,5439988,0.0,0.14,-0.22,0.04,40.900001525878906,7.0,0.0,12.959037780761719,1,0.9999656677246094,0,5.439988
CTUN,5479988,0.0,0.14,-0.17,0.01,41.099998474121094,7.0,0.0,12.93041706085205,1,0.9999740719795227,0,5.479988
CTUN,5519988,0.0,0.14,-0.17,-0.03,41.20000076293945,7.0,0.0,12.93041706085205,1,0.9999740719795227,0,5.519988
CTUN,5559988,0.0,0.14,-0.17,-0.09,41.29999923706055,7.0,0.0,12.901310920715332,1,0.9999802112579346,0,5.559988
CTUN,5599988,0.0,0.14,-0.17,-0.15,41.5,7.0,0.0,12.901310920715332,1,0.9999802112579346,0,5.599988
CTUN,5639988,0.0,0.13,-0.17,-0.22,41.599998474121094,6.0,0.0,12.901310920715332,1,0.9999802112579346,0,5.639988
CTUN,5679988,0.0,0.13,-0.17,-0.28,41.70000076293945,6.0,0.0,12.871957778930664,1,0.9999729990959167,0,5.679988
CTUN,5719988,0.0,0.13,-0.17,-0.32,41.79999923706055,6.0,0.0,12.871957778930664,1,0.9999729990959167,0,5.719988
CTUN,5759988,0.0,0.13,-0.17,-0.36,41.900001525878906,6.0,0.0,12.84627628326416,1,0.9999824166297913,0,5.759988
CTUN,5799988,0.0,0.13,-0.13,-0.38,42.0,5.0,0.0,12.84627628326416,1,0.9999824166297913,0,5.799988
CTUN,5839988,0.0,0.13,-0.13,-0.38,42.099998474121094,5.0,0.0,12.84627628326416,1,0.9999824166297913,0,5.839988
CTUN,5879988,0.0,0.13,-0.13,-0.37,42.20000076293945,5.0,0.0,12.821114540100098,1,0.99998539686203,0,5.879988
CTUN,5919988,0.0,0.13,-0.13,-0.35,42.29999923706055,5.0,0.0,12.821114540100098,1,0.99998539686203,0,5.919988
CTUN,5959988,0.0,0.12,-0.13,-0.33,42.29999923706055,5.0,0.0,12.802420616149902,1,0.999983012676239,0,5.959988
CTUN,5999988,0.0,0.12,-0.13,-0.3,42.400001525878906,5.0,0.0,12.802420616149902,1,0.999983012676239,0,5.999988
CTUN,6039988,0.0,0.12,-0.13,-0.26,42.5,4.0,0.0,12.802420616149902,1,0.999983012676239,0,6.039988
CTUN,6079988,0.0,0.12,-0.13,-0.23,42.5,4.0,0.0,12.782715797424316,1,0.9999903440475464,0,6.079988
CTUN,6119988,0.0,0.12,-0.13,-0.19,42.599998474121094,4.0,0.0,12.782715797424316,1,0.9999903440475464,0,6.119988
CTUN,6159988,0.0,0.12,-0.13,-0.16,42.70000076293945,4.0,0.0,12.766714096069336,1,0.9999808669090271,0,6.159988
CTUN,6199988,0.0,0.12,-0.13,-0.14,42.70000076293945,4.0,0.0,12.766714096069336,1,0.9999808669090271,0,6.199988
CTUN,6239988,0.0,0.12,-0.13,-0.11,42.79999923706055,4.0,0.0,12.766714096069336,1,0.9999808669090271,0,6.239988
CTUN,6279988,0.0,0.12,-0.13,-0.1,42.79999923706055,4.0,0.0,12.749292373657227,1,0.9999890327453613,0,6.279988
CTUN,6319988,0.0,0.12,-0.13,-0.09,42.900001525878906,4.0,0.0,12.749292373657227,1,0.9999890327453613,0,6.319988
CTUN,6359988,0.0,0.12,-0.13,-0.09,43.0,4.0,0.0,12.736863136291504,1,0.9999921917915344,0,6.359988
CTUN,6399988,0.0,0.12,-0.08,-0.09,43.0,4.0,0.0,12.736863136291504,1,0.9999921917915344,0,6.399988
CTUN,6439988,0.0,0.11,-0.08,-0.11,43.099998474121094,4.0,0.0,12.736863136291504,1,0.9999921917915344,0,6.439988
CTUN,6479988,0.0,0.11,-0.08,-0.12,43.099998474121094,3.0,0.0,12.720806121826172,1,0.9999874830245972,0,6.479988
CTUN,6519988,0.0,0.11,-0.08,-0.14,43.20000076293945,3.0,0.0,12.720806121826172,1,0.9999874830245972,0,6.519988
CTUN,6559988,0.0,0.11,-0.08,-0.16,43.20000076293945,3.0,0.0,12.707710266113281,1,0.9999982118606567,0,6.559988
CTUN,6599988,0.0,0.11,-0.08,-0.18,43.29999923706055,3.0,0.0,12.707710266113281,1,0.9999982118606567,0,6.599988
CTUN,6639988,0.0,0.11,-0.08,-0.2,43.29999923706055,2.0,0.0,12.707710266113281,1,0.9999982118606567,0,6.639988
CTUN,6679988,0.0,0.11,-0.08,-0.22,43.29999923706055,2.0,0.0,12.697787284851074,1,0.9999924898147583,0,6.679988
CTUN,6719988,0.0,0.11,-0.08,-0.24,43.400001525878906,2.0,0.0,12.697787284851074,1,0.9999924898147583,0,6.719988
CTUN,6759988,0.0,0.11,-0.08,-0.24,43.400001525878906,2.0,0.0,12.688096046447754,1,0.9999960064888,0,6.759988
CTUN,6799988,0.0,0.1,-0.08,-0.24,43.400001525878906,2.0,0.0,12.688096046447754,1,0.9999960064888,0,6.799988
CTUN,6839988,0.0,0.1,-0.08,-0.24,43.400001525878906,1.0,0.0,12.688096046447754,1,0.9999960064888,0,6.839988
CTUN,6879988,0.0,0.1,-0.08,-0.23,43.5,0.0,0.0,12.678004264831543,1,1.0000004768371582,0,6.879988
CTUN,6919988,0.0,0.1,-0.08,-0.23,43.5,0.0,0.0,12.678004264831543,1,1.0000004768371582,0,6.919988
CTUN,6959988,0.0,0.1,-0.08,-0.22,43.5,0.0,0.0,12.672856330871582,1,1.0000003576278687,0,6.959988
CTUN,6999988,0.0,0.1,-0.08,-0.21,43.5,0.0,0.0,12.672856330871582,1,1.0000003576278687,0,6.999988
CTUN,7039988,0.0,0.1,-0.08,-0.2,43.5,0.0,0.0,12.672856330871582,1,1.0000003576278687,0,7.039988
CTUN,7079988,0.0,0.1,-0.08,-0.2,43.5,9.0,0.0,12.66549015045166,1,1.0000014305114746,0,7.079988
CTUN,7119988,0.0,0.1,-0.08,-0.19,43.5,9.0,0.0,12.66549015045166,1,1.0000014305114746,0,7.119988
CTUN,7159988,0.0,0.1,-0.08,-0.18,43.599998474121094,9.0,0.0,12.65912914276123,1,0.9999997615814209,0,7.159988
CTUN,7199988,0.0,0.1,-0.08,-0.17,43.599998474121094,9.0,0.0,12.65912914276123,1,0.9999997615814209,0,7.199988
CTUN,7239988,0.0,0.09,-0.08,-0.16,43.599998474121094,9.0,0.0,12.65912914276123,1,0.9999997615814209,0,7.239988
CTUN,7279988,0.0,0.09,-0.08,-0.16,43.599998474121094,8.0,0.0,12.65622615814209,1,1.0000020265579224,0,7.279988
CTUN,7319988,0.0,0.09,-0.08,-0.15,43.599998474121094,8.0,0.0,12.65622615814209,1,1.0000020265579224,0,7.319988
CTUN,7359988,0.0,0.09,-0.08,-0.15,43.599998474121094,8.0,0.0,12.65218734741211,1,1.000005841255188,0,7.359988
CTUN,7399988,0.0,0.09,-0.08,-0.15,43.599998474121094,8.0,0.0,12.65218734741211,1,1.000005841255188,0,7.399988
CTUN,7439988,0.0,0.09,-0.08,-0.15,43.599998474121094,8.0,0.0,12.65218734741211,1,1.000005841255188,0,7.439988
CTUN,7479988,0.0,0.09,-0.08,-0.14,43.599998474121094,7.0,0.0,12.648904800415039,1,1.0000076293945312,0,7.479988
CTUN,7519988,0.0,0.08,-0.08,-0.14,43.599998474121094,7.0,0.0,12.648904800415039,1,1.0000076293945312,0,7.519988
CTUN,7559988,0.0,0.08,-0.08,-0.14,43.599998474121094,6.0,0.0,12.647819519042969,1,0.9999992847442627,0,7.559988
CTUN,7599988,0.0,0.08,-0.08,-0.14,43.599998474121094,6.0,0.0,12.647819519042969,1,0.9999992847442627,0,7.599988
CTUN,7639988,0.0,0.08,-0.08,-0.14,43.599998474121094,5.0,0.0,12.647819519042969,1,0.9999992847442627,0,7.639988
CTUN,7679988,0.0,0.07,-0.08,-0.13,43.599998474121094,5.0,0.0,12.649568557739258,1,1.0000088214874268,0,7.679988
CTUN,7719988,0.0,0.07,-0.08,-0.13,43.599998474121094,5.0,0.0,12.649568557739258,1,1.0000088214874268,0,7.719988
CTUN,7759988,0.0,0.07,-0.08,-0.13,43.599998474121094,5.0,0.0,12.64828109741211,1,1.0000076293945312,0,7.759988
CTUN,7799988,0.0,0.07,-0.08,-0.13,43.599998474121094,4.0,0.0,12.64828109741211,1,1.0000076293945312,0,7.799988
CTUN,7839988,0.0,0.07,-0.08,-0.13,43.599998474121094,4.0,0.0,12.64828109741211,1,1.0000076293945312,0,7.839988
CTUN,7879988,0.0,0.06,-0.08,-0.13,43.599998474121094,4.0,0.0,12.64913272857666,1,1.0000065565109253,0,7.879988
CTUN,7919988,0.0,0.05,-0.08,-0.13,43.599998474121094,1.0,0.0,12.64913272857666,1,1.0000065565109253,0,7.919988
CTUN,7959988,0.0,0.02,-0.08,-0.13,43.599998474121094,-2.0,0.0,12.649235725402832,1,1.0000042915344238,0,7.959988
CTUN,7999988,0.0,0.0,-0.08,-0.13,43.5,-8.0,0.0,12.649235725402832,1,1.0000042915344238,0,7.999988
CTUN,8039988,0.0,-0.04,-0.08,-0.13,43.5,-16.0,0.0,12.649235725402832,1,1.0000042915344238,0,8.039988
CTUN,8079988,0.0,-0.08,-0.08,-0.13,43.5,-25.0,0.0,12.649852752685547,1,1.0000097751617432,0,8.079988
CTUN,8119988,0.0,-0.12,-0.08,-0.13,43.5,-37.0,0.0,12.649852752685547,1,1.0000097751617432,0,8.119988
CTUN,8159988,0.0,-0.16,-0.08,-0.13,43.5,-51.0,0.0,12.650405883789062,1,1.0000016689300537,0,8.159988
CTUN,8199988,0.0,-0.19,-0.08,-0.13,43.5,-64.0,0.0,12.650405883789062,1,1.0000016689300537,0,8.199988
CTUN,8239988,0.0,-0.23,-0.08,-0.13,43.5,-80.0,0.0,12.650405883789062,1,1.0000016689300537,0,8.239988
CTUN,8279988,0.0,-0.26,-0.08,-0.13,43.5,-94.0,0.0,12.654792785644531,1,1.0000070333480835,0,8.279988
CTUN,8319988,0.0,-0.3,-0.08,-0.13,43.5,-110.0,0.0,12.654792785644531,1,1.0000070333480835,0,8.319988
CTUN,8359988,0.0,-0.33,-0.08,-0.13,43.400001525878906,-123.0,0.0,12.657204627990723,1,1.0000004768371582,0,8.359988
CTUN,8399988,0.0,-0.37,-0.08,-0.12,43.400001525878906,-135.0,0.0,12.657204627990723,1,1.0000004768371582,0,8.399988
CTUN,8439988,0.0,-0.39,-0.08,-0.12,43.400001525878906,-144.0,0.0,12.657204627990723,1,1.0000004768371582,0,8.439988
CTUN,8479988,0.0,-0.42,-0.08,-0.13,43.400001525878906,-151.0,0.0,12.660811424255371,1,1.0000133514404297,0,8.479988
CTUN,8519988,0.0,-0.43,-0.08,-0.13,43.400001525878906,-152.0,0.0,12.660811424255371,1,1.0000133514404297,0,8.519988
CTUN,8559988,0.0,-0.43,-0.08,-0.12,43.400001525878906,-149.0,0.0,12.661279678344727,1,1.0000125169754028,0,8.559988
CTUN,8599988,0.0,-0.43,-0.08,-0.12,43.29999923706055,-141.0,0.0,12.661279678344727,1,1.0000125169754028,0,8.599988
CTUN,8639988,0.0,-0.43,-0.08,-0.12,43.29999923706055,-128.0,0.0,12.661279678344727,1,1.0000125169754028,0,8.639988
CTUN,8679988,0.0,-0.42,-0.08,-0.12,43.29999923706055,-112.0,0.0,12.664336204528809,1,1.0000133514404297,0,8.679988
CTUN,8719988,0.0,-0.42,-0.08,-0.12,43.29999923706055,-92.0,0.0,12.664336204528809,1,1.0000133514404297,0,8.719988
CTUN,8759988,0.0,-0.42,-0.08,-0.12,43.29999923706055,-69.0,0.0,12.667914390563965,1,1.0000120401382446,0,8.759988
CTUN,8799988,0.0,-0.43,-0.08,-0.12,43.29999923706055,-44.0,0.0,12.667914390563965,1,1.0000120401382446,0,8.799988
CTUN,8839988,0.0,-0.43,-0.08,-0.12,43.20000076293945,-17.0,0.0,12.667914390563965,1,1.0000120401382446,0,8.839988
CTUN,8879988,0.0,-0.45,-0.08,-0.11,43.20000076293945,7.0,0.0,12.66942024230957,1,1.0000072717666626,0,8.879988
CTUN,8919988,0.0,-0.46,-0.08,-0.09,43.20000076293945,32.0,0.0,12.66942024230957,1,1.0000072717666626,0,8.919988
CTUN,8959988,0.0,-0.48,-0.08,-0.07,43.20000076293945,55.0,0.0,12.675111770629883,1,1.0000070333480835,0,8.959988
CTUN,8999988,0.0,-0.49,-0.08,-0.04,43.20000076293945,75.0,0.0,12.675111770629883,1,1.0000070333480835,0,8.999988
CTUN,9039988,0.0,-0.51,-0.08,-0.01,43.099998474121094,93.0,0.0,12.675111770629883,1,1.0000070333480835,0,9.039988
CTUN,9079988,0.0,-0.53,-0.08,0.01,43.099998474121094,106.0,0.0,12.677490234375,1,1.0000178813934326,0,9.079988
CTUN,9119988,0.0,-0.55,-0.08,0.03,43.099998474121094,114.0,0.0,12.677490234375,1,1.0000178813934326,0,9.119988
CTUN,9159988,0.0,-0.56,-0.08,0.06,43.099998474121094,120.0,0.0,12.682578086853027,1,1.0000042915344238,0,9.159988
CTUN,9199988,0.0,-0.57,-0.08,0.07,43.099998474121094,122.0,0.0,12.682578086853027,1,1.0000042915344238,0,9.199988
CTUN,9239988,0.0,-0.57,-0.08,0.08,43.099998474121094,122.0,0.0,12.682578086853027,1,1.0000042915344238,0,9.239988
CTUN,9279988,0.0,-0.55,-0.08,0.08,43.099998474121094,120.0,0.0,12.687301635742188,1,1.0000088214874268,0,9.279988
CTUN,9319988,0.0,-0.53,-0.08,0.09,43.0,119.0,0.0,12.687301635742188,1,1.0000088214874268,0,9.319988
CTUN,9359988,0.0,-0.51,-0.08,0.09,43.0,116.0,0.0,12.687840461730957,1,1.0000110864639282,0,9.359988
CTUN,9399988,0.0,-0.49,-0.08,0.08,43.0,113.0,0.0,12.687840461730957,1,1.0000110864639282,0,9.399988
CTUN,9439988,0.0,-0.47,-0.08,0.08,43.0,109.0,0.0,12.687840461730957,1,1.0000110864639282,0,9.439988
CTUN,9479988,0.0,-0.44,-0.08,0.08,43.0,106.0,0.0,12.691584587097168,1,1.000020146369934,0,9.479988
CTUN,9519988,0.0,-0.42,-0.08,0.08,43.0,105.0,0.0,12.691584587097168,1,1.000020146369934,0,9.519988
CTUN,9559988,0.0,-0.39,-0.08,0.08,43.0,104.0,0.0,12.694361686706543,1,1.0000076293945312,0,9.559988
CTUN,9599988,0.0,-0.37,-0.08,0.08,43.0,104.0,0.0,12.694361686706543,1,1.0000076293945312,0,9.599988
CTUN,9639988,0.0,-0.34,-0.08,0.08,43.0,105.0,0.0,12.694361686706543,1,1.0000076293945312,0,9.639988
CTUN,9679988,0.0,-0.32,-0.08,0.08,43.0,106.0,0.0,12.697391510009766,1,1.0000081062316895,0,9.679988
CTUN,9719988,0.0,-0.29,-0.08,0.09,43.0,107.0,0.0,12.697391510009766,1,1.0000081062316895,0,9.719988
CTUN,9759988,0.0,-0.26,-0.08,0.09,42.900001525878906,109.0,0.0,12.700227737426758,1,1.0000087022781372,0,9.759988
CTUN,9799988,0.0,-0.23,-0.13,0.09,42.900001525878906,112.0,0.0,12.700227737426758,1,1.0000087022781372,0,9.799988
CTUN,9839988,0.0,-0.2,-0.13,0.09,42.900001525878906,115.0,0.0,12.700227737426758,1,1.0000087022781372,0,9.839988
CTUN,9879988,0.0,-0.16,-0.13,0.1,42.900001525878906,117.0,0.0,12.702715873718262,1,1.0000118017196655,0,9.879988
CTUN,9919988,0.0,-0.13,-0.13,0.1,42.900001525878906,119.0,0.0,12.702715873718262,1,1.0000118017196655,0,9.919988
CTUN,9959988,0.0,-0.11,-0.13,0.09,42.900001525878906,119.0,0.0,12.701732635498047,1,1.0000203847885132,0,9.959988
CTUN,9999988,0.0,-0.1,-0.13,0.08,42.900001525878906,117.0,0.0,12.701732635498047,1,1.0000203847885132,0,9.999988
CTUN,10039988,0.0,-0.09,-0.13,0.06,42.900001525878906,114.0,0.0,12.701732635498047,1,1.0000203847885132,0,10.039988
CTUN,10079988,0.0,-0.08,-0.13,0.03,42.900001525878906,111.0,0.0,12.705995559692383,1,1.0000133514404297,0,10.079988
CTUN,10119988,0.0,-0.06,-0.13,0.0,42.79999923706055,108.0,0.0,12.705995559692383,1,1.0000133514404297,0,10.119988
CTUN,10159988,0.0,-0.04,-0.13,-0.01,42.79999923706055,106.0,0.0,12.705638885498047,1,1.0000098943710327,0,10.159988
CTUN,10199988,0.0,0.0,-0.13,-0.03,42.79999923706055,105.0,0.0,12.705638885498047,1,1.0000098943710327,0,10.199988
CTUN,10239988,0.0,0.02,-0.13,-0.05,42.79999923706055,104.0,0.0,12.705638885498047,1,1.0000098943710327,0,10.239988
CTUN,10279988,0.0,0.06,-0.13,-0.06,42.79999923706055,103.0,0.0,12.710729598999023,1,1.0000137090682983,0,10.279988
CTUN,10319988,0.0,0.08,-0.13,-0.08,42.70000076293945,99.0,0.0,12.710729598999023,1,1.0000137090682983,0,10.319988
CTUN,10359988,0.0,0.11,-0.13,-0.09,42.70000076293945,94.0,0.0,12.713828086853027,1,1.0000224113464355,0,10.359988
CTUN,10399988,0.0,0.13,-0.13,-0.11,42.70000076293945,88.0,0.0,12.713828086853027,1,1.0000224113464355,0,10.399988
CTUN,10439988,0.0,0.15,-0.13,-0.12,42.70000076293945,81.0,0.0,12.713828086853027,1,1.0000224113464355,0,10.439988
CTUN,10479988,0.0,0.16,-0.13,-0.13,42.599998474121094,71.0,0.0,12.718719482421875,1,1.0000183582305908,0,10.479988
CTUN,10519988,0.0,0.18,-0.13,-0.14,42.599998474121094,60.0,0.0,12.718719482421875,1,1.0000183582305908,0,10.519988
CTUN,10559988,0.0,0.18,-0.13,-0.13,42.599998474121094,45.0,0.0,12.721532821655273,1,1.0000249147415161,0,10.559988
CTUN,10599988,0.0,0.16,-0.13,-0.12,42.599998474121094,26.0,0.0,12.721532821655273,1,1.0000249147415161,0,10.599988
CTUN,10639988,0.0,0.14,-0.13,-0.12,42.5,6.0,0.0,12.721532821655273,1,1.0000249147415161,0,10.639988
CTUN,10679988,0.0,0.12,-0.13,-0.11,42.5,-12.0,0.0,12.727572441101074,1,1.0000232458114624,0,10.679988
CTUN,10719988,0.0,0.11,-0.13,-0.1,42.5,-32.0,0.0,12.727572441101074,1,1.0000232458114624,0,10.719988
CTUN,10759988,0.0,0.11,-0.13,-0.09,42.400001525878906,-49.0,0.0,12.73416519165039,1,1.0000176429748535,0,10.759988
CTUN,10799988,0.0,0.13,-0.13,-0.09,42.400001525878906,-61.0,0.0,12.73416519165039,1,1.0000176429748535,0,10.799988
CTUN,10839988,0.0,0.16,-0.13,-0.08,42.400001525878906,-72.0,0.0,12.73416519165039,1,1.0000176429748535,0,10.839988
CTUN,10879988,0.0,0.18,-0.13,-0.08,42.29999923706055,-81.0,0.0,12.739134788513184,1,1.000020146369934,0,10.879988
CTUN,10919988,0.0,0.2,-0.13,-0.08,42.29999923706055,-87.0,0.0,12.739134788513184,1,1.000020146369934,0,10.919988
CTUN,10959988,0.0,0.23,-0.13,-0.07,42.29999923706055,-90.0,0.0,12.743884086608887,1,1.0000170469284058,0,10.959988
CTUN,10999988,0.0,0.25,-0.13,-0.06,42.29999923706055,-89.0,0.0,12.743884086608887,1,1.0000170469284058,0,10.999988
CTUN,11039988,0.0,0.28,-0.13,-0.04,42.20000076293945,-85.0,0.0,12.743884086608887,1,1.0000170469284058,0,11.039988
CTUN,11079988,0.0,0.3,-0.13,-0.03,42.20000076293945,-80.0,0.0,12.751266479492188,1,1.0000125169754028,0,11.079988
CTUN,11119988,0.0,0.32,-0.13,-0.02,42.20000076293945,-71.0,0.0,12.751266479492188,1,1.0000125169754028,0,11.119988
CTUN,11159988,0.0,0.32,-0.13,-0.01,42.20000076293945,-63.0,0.0,12.75407886505127,1,1.0000183582305908,0,11.159988
CTUN,11199988,0.0,0.29,-0.13,-0.01,42.20000076293945,-57.0,0.0,12.75407886505127,1,1.0000183582305908,0,11.199988
CTUN,11239988,0.0,0.26,-0.13,-0.01,42.099998474121094,-49.0,0.0,12.75407886505127,1,1.0000183582305908,0,11.239988
CTUN,11279988,0.0,0.23,-0.13,-0.01,42.099998474121094,-40.0,0.0,12.760128021240234,1,1.0000176429748535,0,11.279988
CTUN,11319988,0.0,0.2,-0.13,-0.01,42.099998474121094,-31.0,0.0,12.760128021240234,1,1.0000176429748535,0,11.319988
CTUN,11359988,0.0,0.2,-0.13,0.0,42.099998474121094,-18.0,0.0,12.765229225158691,1,1.0000149011611938,0,11.359988
CTUN,11399988,0.0,0.22,-0.13,0.0,42.0,-2.0,0.0,12.765229225158691,1,1.0000149011611938,0,11.399988
CTUN,11439988,0.0,0.24,-0.13,0.02,42.0,12.0,0.0,12.765229225158691,1,1.0000149011611938,0,11.439988
CTUN,11479988,0.0,0.26,-0.13,0.03,42.0,24.0,0.0,12.7681303024292,1,1.0000203847885132,0,11.479988
CTUN,11519988,0.0,0.28,-0.13,0.05,42.0,36.0,0.0,12.7681303024292,1,1.0000203847885132,0,11.519988
CTUN,11559988,0.0,0.29,-0.13,0.07,42.0,44.0,0.0,12.77147102355957,1,1.0000183582305908,0,11.559988
CTUN,11599988,0.0,0.29,-0.13,0.1,42.0,49.0,0.0,12.77147102355957,1,1.0000183582305908,0,11.599988
CTUN,11639988,0.0,0.3,-0.13,0.12,42.0,52.0,0.0,12.77147102355957,1,1.0000183582305908,0,11.639988
CTUN,11679988,0.0,0.3,-0.17,0.13,41.900001525878906,52.0,0.0,12.77730941772461,1,1.0000193119049072,0,11.679988
CTUN,11719988,0.0,0.3,-0.17,0.14,41.900001525878906,50.0,0.0,12.77730941772461,1,1.0000193119049072,0,11.719988
CTUN,11759988,0.0,0.29,-0.17,0.12,41.900001525878906,45.0,0.0,12.780732154846191,1,1.000020980834961,0,11.759988
CTUN,11799988,0.0,0.28,-0.17,0.08,41.900001525878906,38.0,0.0,12.780732154846191,1,1.000020980834961,0,11.799988
CTUN,11839988,0.0,0.26,-0.17,0.04,41.900001525878906,30.0,0.0,12.780732154846191,1,1.000020980834961,0,11.839988
CTUN,11879988,0.0,0.24,-0.17,0.01,41.900001525878906,22.0,0.0,12.785684585571289,1,1.0000159740447998,0,11.879988
CTUN,11919988,0.0,0.22,-0.17,-0.02,41.900001525878906,13.0,0.0,12.785684585571289,1,1.0000159740447998,0,11.919988
CTUN,11959988,0.0,0.21,-0.17,-0.05,41.79999923706055,4.0,0.0,12.788167953491211,1,1.0000156164169312,0,11.959988
CTUN,11999988,0.0,0.2,-0.17,-0.06,41.79999923706055,-2.0,0.0,12.788167953491211,1,1.0000156164169312,0,11.999988
CTUN,12039988,0.0,0.2,-0.17,-0.06,41.79999923706055,-8.0,0.0,12.788167953491211,1,1.0000156164169312,0,12.039988
CTUN,12079988,0.0,0.19,-0.17,-0.07,41.79999923706055,-14.0,0.0,12.790468215942383,1,1.0000183582305908,0,12.079988
CTUN,12119988,0.0,0.19,-0.17,-0.08,41.79999923706055,-21.0,0.0,12.790468215942383,1,1.0000183582305908,0,12.119988
CTUN,12159988,0.0,0.19,-0.17,-0.09,41.70000076293945,-17.0,0.0,12.793495178222656,1,1.0000224113464355,0,12.159988
CTUN,12199988,0.0,0.21,-0.17,-0.12,41.70000076293945,-19.0,0.0,12.793495178222656,1,1.0000224113464355,0,12.199988
CTUN,12239988,0.0,0.22,-0.17,-0.14,41.70000076293945,-22.0,0.0,12.793495178222656,1,1.0000224113464355,0,12.239988
CTUN,12279988,0.0,0.23,-0.17,-0.16,41.70000076293945,-23.0,0.0,12.800214767456055,1,1.0000181198120117,0,12.279988
CTUN,12319988,0.0,0.24,-0.17,-0.18,41.599998474121094,-26.0,0.0,12.800214767456055,1,1.0000181198120117,0,12.319988
CTUN,12359988,0.0,0.23,-0.17,-0.17,41.599998474121094,-31.0,0.0,12.805742263793945,1,1.0000171661376953,0,12.359988
CTUN,12399988,0.0,0.2,-0.17,-0.13,41.599998474121094,-38.0,0.0,12.805742263793945,1,1.0000171661376953,0,12.399988
CTUN,12439988,0.0,0.17,-0.17,-0.1,41.5,-45.0,0.0,12.805742263793945,1,1.0000171661376953,0,12.439988
CTUN,12479988,0.0,0.13,-0.17,-0.06,41.5,-55.0,0.0,12.809015274047852,1,1.0000216960906982,0,12.479988
CTUN,12519988,0.0,0.1,-0.17,-0.01,41.5,-66.0,0.0,12.809015274047852,1,1.0000216960906982,0,12.519988
CTUN,12559988,0.0,0.07,-0.17,0.01,41.400001525878906,-76.0,0.0,12.81601333618164,1,1.0000239610671997,0,12.559988
CTUN,12599988,0.0,0.05,-0.17,0.03,41.400001525878906,-85.0,0.0,12.81601333618164,1,1.0000239610671997,0,12.599988
CTUN,12639988,0.0,0.03,-0.17,0.05,41.400001525878906,-96.0,0.0,12.81601333618164,1,1.0000239610671997,0,12.639988
CTUN,12679988,0.0,0.01,-0.17,0.07,41.400001525878906,-106.0,0.0,12.818617820739746,1,1.000020146369934,0,12.679988
CTUN,12719988,0.0,0.0,-0.17,0.07,41.400001525878906,-116.0,0.0,12.818617820739746,1,1.000020146369934,0,12.719988
CTUN,12759988,0.0,-0.04,-0.17,0.07,41.29999923706055,-126.0,0.0,12.823086738586426,1,1.0000277757644653,0,12.759988
CTUN,12799988,0.0,-0.09,-0.17,0.05,41.29999923706055,-138.0,0.0,12.823086738586426,1,1.0000277757644653,0,12.799988
CTUN,12839988,0.0,-0.14,-0.17,0.03,41.29999923706055,-147.0,0.0,12.823086738586426,1,1.0000277757644653,0,12.839988
CTUN,12879988,0.0,-0.2,-0.17,0.01,41.29999923706055,-155.0,0.0,12.82629108428955,1,1.0000264644622803,0,12.879988
CTUN,12919988,0.0,-0.25,-0.17,0.0,41.20000076293945,-160.0,0.0,12.82629108428955,1,1.0000264644622803,0,12.919988
CTUN,12959988,0.0,-0.29,-0.17,-0.02,41.20000076293945,-160.0,0.0,12.83405876159668,1,1.0000183582305908,0,12.959988
CTUN,12999988,0.0,-0.31,-0.17,-0.03,41.20000076293945,-155.0,0.0,12.83405876159668,1,1.0000183582305908,0,12.999988
CTUN,13039988,0.0,-0.33,-0.17,-0.04,41.20000076293945,-148.0,0.0,12.83405876159668,1,1.0000183582305908,0,13.039988
CTUN,13079988,0.0,-0.33,-0.17,-0.05,41.20000076293945,-137.0,0.0,12.841157913208008,1,1.000026822090149,0,13.079988
CTUN,13119988,0.0,-0.33,-0.17,-0.06,41.099998474121094,-122.0,0.0,12.841157913208008,1,1.000026822090149,0,13.119988
CTUN,13159988,0.0,-0.33,-0.17,-0.07,41.099998474121094,-106.0,0.0,12.846956253051758,1,1.0000205039978027,0,13.159988
CTUN,13199988,0.0,-0.33,-0.17,-0.08,41.099998474121094,-89.0,0.0,12.846956253051758,1,1.0000205039978027,0,13.199988
CTUN,13239988,0.0,-0.34,-0.17,-0.1,41.0,-69.0,0.0,12.846956253051758,1,1.0000205039978027,0,13.239988
CTUN,13279988,0.0,-0.35,-0.17,-0.11,41.0,-46.0,0.0,12.852679252624512,1,1.0000264644622803,0,13.279988
CTUN,13319988,0.0,-0.36,-0.17,-0.12,41.0,-24.0,0.0,12.852679252624512,1,1.0000264644622803,0,13.319988
CTUN,13359988,0.0,-0.36,-0.17,-0.13,41.0,0.0,0.0,12.857307434082031,1,1.0000265836715698,0,13.359988
CTUN,13399988,0.0,-0.37,-0.17,-0.14,40.900001525878906,21.0,0.0,12.857307434082031,1,1.0000265836715698,0,13.399988
CTUN,13439988,0.0,-0.37,-0.22,-0.14,40.900001525878906,44.0,0.0,12.857307434082031,1,1.0000265836715698,0,13.439988
CTUN,13479988,0.0,-0.38,-0.22,-0.14,40.900001525878906,65.0,0.0,12.86038589477539,1,1.0000287294387817,0,13.479988
CTUN,13519988,0.0,-0.39,-0.22,-0.15,40.79999923706055,83.0,0.0,12.86038589477539,1,1.0000287294387817,0,13.519988
CTUN,13559988,0.0,-0.39,-0.22,-0.16,40.79999923706055,98.0,0.0,12.867810249328613,1,1.0000216960906982,0,13.559988
CTUN,13599988,0.0,-0.39,-0.22,-0.2,40.79999923706055,111.0,0.0,12.867810249328613,1,1.0000216960906982,0,13.599988
CTUN,13639988,0.0,-0.38,-0.22,-0.22,40.79999923706055,119.0,0.0,12.867810249328613,1,1.0000216960906982,0,13.639988
CTUN,13679988,0.0,-0.38,-0.22,-0.25,40.70000076293945,124.0,0.0,12.874017715454102,1,1.0000224113464355,0,13.679988
CTUN,13719988,0.0,-0.37,-0.22,-0.28,40.70000076293945,126.0,0.0,12.874017715454102,1,1.0000224113464355,0,13.719988
CTUN,13759988,0.0,-0.38,-0.22,-0.27,40.70000076293945,123.0,0.0,12.879188537597656,1,1.0000197887420654,0,13.759988
CTUN,13799988,0.0,-0.39,-0.22,-0.24,40.599998474121094,115.0,0.0,12.879188537597656,1,1.0000197887420654,0,13.799988
CTUN,13839988,0.0,-0.4,-0.22,-0.19,40.599998474121094,105.0,0.0,12.879188537597656,1,1.0000197887420654,0,13.839988
CTUN,13879988,0.0,-0.41,-0.22,-0.15,40.599998474121094,94.0,0.0,12.885645866394043,1,1.0000255107879639,0,13.879988
CTUN,13919988,0.0,-0.42,-0.22,-0.1,40.5,82.0,0.0,12.885645866394043,1,1.0000255107879639,0,13.919988
CTUN,13959988,0.0,-0.42,-0.22,-0.07,40.5,70.0,0.0,12.892255783081055,1,1.0000197887420654,0,13.959988
CTUN,13999988,0.0,-0.4,-0.22,-0.05,40.5,60.0,0.0,12.892255783081055,1,1.0000197887420654,0,13.999988
CTUN,14039988,0.0,-0.38,-0.22,-0.04,40.5,51.0,0.0,12.892255783081055,1,1.0000197887420654,0,14.039988
CTUN,14079988,0.0,-0.35,-0.22,-0.04,40.400001525878906,45.0,0.0,12.895564079284668,1,1.0000243186950684,0,14.079988
CTUN,14119988,0.0,-0.32,-0.22,-0.04,40.400001525878906,40.0,0.0,12.895564079284668,1,1.0000243186950684,0,14.119988
CTUN,14159988,0.0,-0.28,-0.22,-0.04,40.400001525878906,39.0,0.0,12.901556968688965,1,1.0000137090682983,0,14.159988
CTUN,14199988,0.0,-0.23,-0.22,-0.03,40.400001525878906,43.0,0.0,12.901556968688965,1,1.0000137090682983,0,14.199988
CTUN,14239988,0.0,-0.18,-0.22,-0.02,40.400001525878906,49.0,0.0,12.901556968688965,1,1.0000137090682983,0,14.239988
CTUN,14279988,0.0,-0.13,-0.22,-0.01,40.29999923706055,55.0,0.0,12.908040046691895,1,1.000016450881958,0,14.279988
CTUN,14319988,0.0,-0.07,-0.22,-0.01,40.29999923706055,65.0,0.0,12.908040046691895,1,1.000016450881958,0,14.319988
CTUN,14359988,0.0,-0.03,-0.22,-0.01,40.29999923706055,75.0,0.0,12.914299011230469,1,1.0000189542770386,0,14.359988
CTUN,14399988,0.0,0.0,-0.22,-0.02,40.29999923706055,83.0,0.0,12.914299011230469,1,1.0000189542770386,0,14.399988
CTUN,14439988,0.0,0.02,-0.22,-0.03,40.29999923706055,93.0,0.0,12.914299011230469,1,1.0000189542770386,0,14.439988
CTUN,14479988,0.0,0.05,-0.22,-0.04,40.29999923706055,102.0,0.0,12.919381141662598,1,1.0000249147415161,0,14.479988
CTUN,14519988,0.0,0.08,-0.22,-0.05,40.20000076293945,112.0,0.0,12.919381141662598,1,1.0000249147415161,0,14.519988
CTUN,14559988,0.0,0.1,-0.22,-0.05,40.20000076293945,120.0,0.0,12.924294471740723,1,1.0000170469284058,0,14.559988
CTUN,14599988,0.0,0.1,-0.22,-0.04,40.20000076293945,124.0,0.0,12.924294471740723,1,1.0000170469284058,0,14.599988
CTUN,14639988,0.0,0.09,-0.22,-0.03,40.20000076293945,126.0,0.0,12.924294471740723,1,1.0000170469284058,0,14.639988
CTUN,14679988,0.0,0.07,-0.22,-0.02,40.20000076293945,126.0,0.0,12.924311637878418,1,1.0000216960906982,0,14.679988
CTUN,14719988,0.0,0.05,-0.22,0.0,40.20000076293945,123.0,0.0,12.924311637878418,1,1.0000216960906982,0,14.719988
CTUN,14759988,0.0,0.03,-0.22,0.0,40.099998474121094,119.0,0.0,12.928460121154785,1,1.0000183582305908,0,14.759988
CTUN,14799988,0.0,0.02,-0.22,0.0,40.099998474121094,113.0,0.0,12.928460121154785,1,1.0000183582305908,0,14.799988
CTUN,14839988,0.0,0.01,-0.22,0.0,40.099998474121094,105.0,0.0,12.928460121154785,1,1.0000183582305908,0,14.839988
CTUN,14879988,0.0,0.01,-0.22,0.0,40.099998474121094,94.0,0.0,12.933034896850586,1,1.000020146369934,0,14.879988
CTUN,14919988,0.0,0.0,-0.22,0.0,40.099998474121094,82.0,0.0,12.933034896850586,1,1.000020146369934,0,14.919988
CTUN,14959988,0.0,0.01,-0.22,0.01,40.099998474121094,70.0,0.0,12.934395790100098,1,1.0000265836715698,0,14.959988
CTUN,14999988,0.0,0.02,-0.22,0.02,40.0,58.0,0.0,12.934395790100098,1,1.0000265836715698,0,14.999988
CTUN,15039988,0.0,0.04,-0.22,0.03,40.0,45.0,0.0,12.934395790100098,1,1.0000265836715698,0,15.039988
CTUN,15079988,0.0,0.06,-0.22,0.04,40.0,32.0,0.0,12.938542366027832,1,1.0000224113464355,0,15.079988
CTUN,15119988,0.0,0.08,-0.22,0.05,40.0,19.0,0.0,12.938542366027832,1,1.0000224113464355,0,15.119988
CTUN,15159988,0.0,0.09,-0.22,0.05,40.0,6.0,0.0,12.940693855285645,1,1.0000156164169312,0,15.159988
CTUN,15199988,0.0,0.1,-0.22,0.03,40.0,-5.0,0.0,12.940693855285645,1,1.0000156164169312,0,15.199988
CTUN,15239988,0.0,0.12,-0.22,0.0,39.900001525878906,-16.0,0.0,12.940693855285645,1,1.0000156164169312,0,15.239988
CTUN,15279988,0.0,0.13,-0.26,-0.02,39.900001525878906,-26.0,0.0,12.94619369506836,1,1.0000133514404297,0,15.279988
CTUN,15319988,0.0,0.14,-0.26,-0.06,39.900001525878906,-35.0,0.0,12.94619369506836,1,1.0000133514404297,0,15.319988
CTUN,15359988,0.0,0.15,-0.26,-0.09,39.900001525878906,-42.0,0.0,12.94926929473877,1,1.0000216960906982,0,15.359988
CTUN,15399988,0.0,0.15,-0.26,-0.13,39.900001525878906,-47.0,0.0,12.94926929473877,1,1.0000216960906982,0,15.399988
CTUN,15439988,0.0,0.15,-0.26,-0.16,39.900001525878906,-50.0,0.0,12.94926929473877,1,1.0000216960906982,0,15.439988
CTUN,15479988,0.0,0.15,-0.26,-0.2,39.79999923706055,-51.0,0.0,12.95332145690918,1,1.0000176429748535,0,15.479988
CTUN,15519988,0.0,0.15,-0.26,-0.23,39.79999923706055,-49.0,0.0,12.95332145690918,1,1.0000176429748535,0,15.519988
CTUN,15559988,0.0,0.15,-0.26,-0.25,39.79999923706055,-45.0,0.0,12.9585542678833,1,1.0000149011611938,0,15.559988
CTUN,15599988,0.0,0.16,-0.26,-0.23,39.79999923706055,-37.0,0.0,12.9585542678833,1,1.0000149011611938,0,15.599988
CTUN,15639988,0.0,0.17,-0.26,-0.21,39.70000076293945,-28.0,0.0,12.9585542678833,1,1.0000149011611938,0,15.639988
CTUN,15679988,0.0,0.17,-0.26,-0.19,39.70000076293945,-18.0,0.0,12.96069049835205,1,1.0000133514404297,0,15.679988
CTUN,15719988,0.0,0.17,-0.26,-0.16,39.70000076293945,-8.0,0.0,12.96069049835205,1,1.0000133514404297,0,15.719988
CTUN,15759988,0.0,0.16,-0.26,-0.15,39.599998474121094,0.0,0.0,12.965686798095703,1,1.0000224113464355,0,15.759988
CTUN,15799988,0.0,0.14,-0.26,-0.15,39.599998474121094,9.0,0.0,12.965686798095703,1,1.0000224113464355,0,15.799988
CTUN,15839988,0.0,0.12,-0.26,-0.16,39.599998474121094,17.0,0.0,12.965686798095703,1,1.0000224113464355,0,15.839988
CTUN,15879988,0.0,0.09,-0.26,-0.16,39.599998474121094,25.0,0.0,12.972526550292969,1,1.0000154972076416,0,15.879988
CTUN,15919988,0.0,0.07,-0.26,-0.17,39.5,32.0,0.0,12.972526550292969,1,1.0000154972076416,0,15.919988
CTUN,15959988,0.0,0.06,-0.26,-0.16,39.5,38.0,0.0,12.97950553894043,1,1.0000121593475342,0,15.959988
CTUN,15999988,0.0,0.05,-0.26,-0.15,39.5,45.0,0.0,12.97950553894043,1,1.0000121593475342,0,15.999988
CTUN,16039988,0.0,0.05,-0.26,-0.14,39.400001525878906,50.0,0.0,12.97950553894043,1,1.0000121593475342,0,16.039988
CTUN,16079988,0.0,0.05,-0.26,-0.13,39.400001525878906,53.0,0.0,12.982091903686523,1,1.0000114440917969,0,16.079988
CTUN,16119988,0.0,0.05,-0.26,-0.12,39.400001525878906,56.0,0.0,12.982091903686523,1,1.0000114440917969,0,16.119988
CTUN,16159988,0.0,0.06,-0.26,-0.11,39.400001525878906,58.0,0.0,12.98646354675293,1,1.0000098943710327,0,16.159988
CTUN,16199988,0.0,0.08,-0.26,-0.12,39.29999923706055,61.0,0.0,12.98646354675293,1,1.0000098943710327,0,16.199988
CTUN,16239988,0.0,0.11,-0.26,-0.13,39.29999923706055,64.0,0.0,12.98646354675293,1,1.0000098943710327,0,16.239988
CTUN,16279988,0.0,0.13,-0.26,-0.14,39.29999923706055,64.0,0.0,12.991798400878906,1,1.0000121593475342,0,16.279988
CTUN,16319988,0.0,0.15,-0.26,-0.15,39.29999923706055,65.0,0.0,12.991798400878906,1,1.0000121593475342,0,16.319988
CTUN,16359988,0.0,0.16,-0.26,-0.15,39.29999923706055,63.0,0.0,12.996784210205078,1,1.0000097751617432,0,16.359988
CTUN,16399988,0.0,0.14,-0.26,-0.14,39.20000076293945,57.0,0.0,12.996784210205078,1,1.0000097751617432,0,16.399988
CTUN,16439988,0.0,0.12,-0.26,-0.13,39.20000076293945,51.0,0.0,12.996784210205078,1,1.0000097751617432,0,16.439988
CTUN,16479988,0.0,0.1,-0.26,-0.13,39.20000076293945,45.0,0.0,13.003511428833008,1,1.0000156164169312,0,16.479988
CTUN,16519988,0.0,0.08,-0.26,-0.12,39.20000076293945,39.0,0.0,13.003511428833008,1,1.0000156164169312,0,16.519988
CTUN,16559988,0.0,0.08,-0.26,-0.1,39.20000076293945,36.0,0.0,13.007485389709473,1,1.0000227689743042,0,16.559988
CTUN,16599988,0.0,0.11,-0.26,-0.08,39.099998474121094,36.0,0.0,13.007485389709473,1,1.0000227689743042,0,16.599988
CTUN,16639988,0.0,0.13,-0.26,-0.06,39.099998474121094,36.0,0.0,13.007485389709473,1,1.0000227689743042,0,16.639988
CTUN,16679988,0.0,0.16,-0.26,-0.04,39.099998474121094,36.0,0.0,13.010096549987793,1,1.000010371208191,0,16.679988
CTUN,16719988,0.0,0.18,-0.26,-0.03,39.099998474121094,36.0,0.0,13.010096549987793,1,1.000010371208191,0,16.719988
CTUN,16759988,0.0,0.19,-0.26,-0.02,39.099998474121094,34.0,0.0,13.014008522033691,1,1.0000120401382446,0,16.759988
CTUN,16799988,0.0,0.18,-0.26,-0.03,39.099998474121094,28.0,0.0,13.014008522033691,1,1.0000120401382446,0,16.799988
CTUN,16839988,0.0,0.17,-0.26,-0.04,39.099998474121094,24.0,0.0,13.014008522033691,1,1.0000120401382446,0,16.839988
CTUN,16879988,0.0,0.16,-0.26,-0.05,39.099998474121094,20.0,0.0,13.017960548400879,1,1.0000110864639282,0,16.879988
CTUN,16919988,0.0,0.15,-0.26,-0.07,39.0,16.0,0.0,13.017960548400879,1,1.0000110864639282,0,16.919988
CTUN,16959988,0.0,0.15,-0.26,-0.1,39.0,15.0,0.0,13.019261360168457,1,1.0000216960906982,0,16.959988
CTUN,16999988,0.0,0.17,-0.26,-0.13,39.0,15.0,0.0,13.019261360168457,1,1.0000216960906982,0,16.999988
CTUN,17039988,0.0,0.18,-0.26,-0.17,39.0,16.0,0.0,13.019261360168457,1,1.0000216960906982,0,17.039988
CTUN,17079988,0.0,0.2,-0.26,-0.2,39.0,16.0,0.0,13.023628234863281,1,1.0000159740447998,0,17.079988
CTUN,17119988,0.0,0.21,-0.26,-0.24,39.0,17.0,0.0,13.023628234863281,1,1.0000159740447998,0,17.119988
CTUN,17159988,0.0,0.21,-0.26,-0.26,38.900001525878906,16.0,0.0,13.025012016296387,1,1.00001060962677,0,17.159988
CTUN,17199988,0.0,0.2,-0.31,-0.26,38.900001525878906,13.0,0.0,13.025012016296387,1,1.00001060962677,0,17.199988
CTUN,17239988,0.0,0.18,-0.31,-0.25,38.900001525878906,11.0,0.0,13.025012016296387,1,1.00001060962677,0,17.239988
CTUN,17279988,0.0,0.17,-0.31,-0.23,38.900001525878906,8.0,0.0,13.0294189453125,1,1.0000088214874268,0,17.279988
CTUN,17319988,0.0,0.15,-0.31,-0.21,38.79999923706055,6.0,0.0,13.0294189453125,1,1.0000088214874268,0,17.319988
CTUN,17359988,0.0,0.15,-0.31,-0.19,38.79999923706055,14.0,0.0,13.03367805480957,1,1.0000131130218506,0,17.359988
CTUN,17399988,0.0,0.15,-0.31,-0.18,38.79999923706055,14.0,0.0,13.03367805480957,1,1.0000131130218506,0,17.399988
CTUN,17439988,0.0,0.15,-0.31,-0.17,38.79999923706055,14.0,0.0,13.03367805480957,1,1.0000131130218506,0,17.439988
CTUN,17479988,0.0,0.16,-0.31,-0.15,38.70000076293945,15.0,0.0,13.040701866149902,1,1.0000189542770386,0,17.479988
CTUN,17519988,0.0,0.16,-0.31,-0.14,38.70000076293945,16.0,0.0,13.040701866149902,1,1.0000189542770386,0,17.519988
CTUN,17559988,0.0,0.16,-0.31,-0.13,38.70000076293945,16.0,0.0,13.045938491821289,1,1.0000121593475342,0,17.559988
CTUN,17599988,0.0,0.15,-0.31,-0.14,38.70000076293945,15.0,0.0,13.045938491821289,1,1.0000121593475342,0,17.599988
CTUN,17639988,0.0,0.13,-0.31,-0.16,38.599998474121094,14.0,0.0,13.045938491821289,1,1.0000121593475342,0,17.639988
CTUN,17679988,0.0,0.12,-0.31,-0.19,38.599998474121094,13.0,0.0,13.049051284790039,1,1.0000137090682983,0,17.679988
CTUN,17719988,0.0,0.1,-0.31,-0.22,38.599998474121094,12.0,0.0,13.049051284790039,1,1.0000137090682983,0,17.719988
CTUN,17759988,0.0,0.11,-0.31,-0.24,38.599998474121094,14.0,0.0,13.055010795593262,1,1.0000097751617432,0,17.759988
CTUN,17799988,0.0,0.15,-0.31,-0.25,38.599998474121094,20.0,0.0,13.055010795593262,1,1.0000097751617432,0,17.799988
CTUN,17839988,0.0,0.18,-0.31,-0.25,38.5,25.0,0.0,13.055010795593262,1,1.0000097751617432,0,17.839988
CTUN,17879988,0.0,0.21,-0.31,-0.26,38.5,30.0,0.0,13.060891151428223,1,1.0000183582305908,0,17.879988
CTUN,17919988,0.0,0.25,-0.31,-0.27,38.5,35.0,0.0,13.060891151428223,1,1.0000183582305908,0,17.919988
CTUN,17959988,0.0,0.25,-0.31,-0.29,38.5,36.0,0.0,13.062512397766113,1,1.0000088214874268,0,17.959988
CTUN,17999988,0.0,0.22,-0.31,-0.32,38.5,32.0,0.0,13.062512397766113,1,1.0000088214874268,0,17.999988
CTUN,18039988,0.0,0.18,-0.31,-0.35,38.400001525878906,28.0,0.0,13.062512397766113,1,1.0000088214874268,0,18.039988
CTUN,18079988,0.0,0.15,-0.31,-0.38,38.400001525878906,25.0,0.0,13.067866325378418,1,1.0000050067901611,0,18.079988
CTUN,18119988,0.0,0.11,-0.31,-0.39,38.400001525878906,21.0,0.0,13.067866325378418,1,1.0000050067901611,0,18.119988
CTUN,18159988,0.0,0.1,-0.31,-0.39,38.29999923706055,19.0,0.0,13.074420928955078,1,1.000004768371582,0,18.159988
CTUN,18199988,0.0,0.1,-0.31,-0.37,38.29999923706055,20.0,0.0,13.074420928955078,1,1.000004768371582,0,18.199988
CTUN,18239988,0.0,0.1,-0.31,-0.35,38.29999923706055,21.0,0.0,13.074420928955078,1,1.000004768371582,0,18.239988
CTUN,18279988,0.0,0.1,-0.31,-0.33,38.29999923706055,22.0,0.0,13.07718563079834,1,1.000009536743164,0,18.279988
CTUN,18319988,0.0,0.1,-0.31,-0.3,38.20000076293945,23.0,0.0,13.07718563079834,1,1.000009536743164,0,18.319988
CTUN,18359988,0.0,0.12,-0.31,-0.27,38.20000076293945,25.0,0.0,13.083884239196777,1,1.0000126361846924,0,18.359988
CTUN,18399988,0.0,0.14,-0.31,-0.23,38.20000076293945,28.0,0.0,13.083884239196777,1,1.0000126361846924,0,18.399988
CTUN,18439988,0.0,0.16,-0.31,-0.2,38.20000076293945,32.0,0.0,13.083884239196777,1,1.0000126361846924,0,18.439988
CTUN,18479988,0.0,0.19,-0.31,-0.16,38.099998474121094,35.0,0.0,13.087581634521484,1,1.0000098943710327,0,18.479988
CTUN,18519988,0.0,0.21,-0.31,-0.13,38.099998474121094,38.0,0.0,13.087581634521484,1,1.0000098943710327,0,18.519988
CTUN,18559988,0.0,0.22,-0.31,-0.12,38.099998474121094,39.0,0.0,13.094583511352539,1,1.0000088214874268,0,18.559988
CTUN,18599988,0.0,0.2,-0.31,-0.13,38.099998474121094,36.0,0.0,13.094583511352539,1,1.0000088214874268,0,18.599988
CTUN,18639988,0.0,0.17,-0.31,-0.15,38.099998474121094,32.0,0.0,13.094583511352539,1,1.0000088214874268,0,18.639988
CTUN,18679988,0.0,0.14,-0.31,-0.17,38.099998474121094,27.0,0.0,13.09811782836914,1,1.0000128746032715,0,18.679988
CTUN,18719988,0.0,0.09,-0.31,-0.2,38.099998474121094,19.0,0.0,13.09811782836914,1,1.0000128746032715,0,18.719988
CTUN,18759988,0.0,0.06,-0.31,-0.22,38.0,10.0,0.0,13.103605270385742,1,1.0000144243240356,0,18.759988
CTUN,18799988,0.0,0.03,-0.31,-0.22,38.0,1.0,0.0,13.103605270385742,1,1.0000144243240356,0,18.799988
CTUN,18839988,0.0,0.0,-0.31,-0.22,38.0,-7.0,0.0,13.103605270385742,1,1.0000144243240356,0,18.839988
CTUN,18879988,0.0,-0.01,-0.31,-0.23,38.0,-20.0,0.0,13.108037948608398,1,1.0000144243240356,0,18.879988
CTUN,18919988,0.0,-0.04,-0.31,-0.23,38.0,-33.0,0.0,13.108037948608398,1,1.0000144243240356,0,18.919988
CTUN,18959988,0.0,-0.08,-0.31,-0.23,38.0,-49.0,0.0,13.109735488891602,1,1.0000079870224,0,18.959988
CTUN,18999988,0.0,-0.13,-0.31,-0.23,38.0,-67.0,0.0,13.109735488891602,1,1.0000079870224,0,18.999988
CTUN,19039988,0.0,-0.18,-0.35,-0.23,37.900001525878906,-85.0,0.0,13.109735488891602,1,1.0000079870224,0,19.039988
CTUN,19079988,0.0,-0.23,-0.35,-0.23,37.900001525878906,-103.0,0.0,13.113659858703613,1,1.0000114440917969,0,19.079988
CTUN,19119988,0.0,-0.28,-0.35,-0.23,37.900001525878906,-118.0,0.0,13.113659858703613,1,1.0000114440917969,0,19.119988
CTUN,19159988,0.0,-0.32,-0.35,-0.24,37.900001525878906,-132.0,0.0,13.117963790893555,1,1.0000016689300537,0,19.159988
CTUN,19199988,0.0,-0.36,-0.35,-0.25,37.900001525878906,-141.0,0.0,13.117963790893555,1,1.0000016689300537,0,19.199988
CTUN,19239988,0.0,-0.4,-0.35,-0.27,37.79999923706055,-149.0,0.0,13.117963790893555,1,1.0000016689300537,0,19.239988
CTUN,19279988,0.0,-0.42,-0.35,-0.28,37.79999923706055,-150.0,0.0,13.122062683105469,1,1.0000114440917969,0,19.279988
CTUN,19319988,0.0,-0.44,-0.35,-0.29,37.79999923706055,-148.0,0.0,13.122062683105469,1,1.0000114440917969,0,19.319988
CTUN,19359988,0.0,-0.44,-0.35,-0.31,37.79999923706055,-138.0,0.0,13.12673282623291,1,1.0000072717666626,0,19.359988
CTUN,19399988,0.0,-0.42,-0.35,-0.35,37.79999923706055,-121.0,0.0,13.12673282623291,1,1.0000072717666626,0,19.399988
CTUN,19439988,0.0,-0.4,-0.35,-0.38,37.70000076293945,-101.0,0.0,13.12673282623291,1,1.0000072717666626,0,19.439988
CTUN,19479988,0.0,-0.38,-0.35,-0.41,37.70000076293945,-76.0,0.0,13.128437995910645,1,1.0000081062316895,0,19.479988
CTUN,19519988,0.0,-0.36,-0.35,-0.44,37.70000076293945,-49.0,0.0,13.128437995910645,1,1.0000081062316895,0,19.519988
CTUN,19559988,0.0,-0.35,-0.35,-0.44,37.70000076293945,-19.0,0.0,13.131547927856445,1,1.0000014305114746,0,19.559988
CTUN,19599988,0.0,-0.35,-0.35,-0.41,37.599998474121094,9.0,0.0,13.131547927856445,1,1.0000014305114746,0,19.599988
CTUN,19639988,0.0,-0.34,-0.35,-0.37,37.599998474121094,39.0,0.0,13.131547927856445,1,1.0000014305114746,0,19.639988
CTUN,19679988,0.0,-0.34,-0.35,-0.32,37.599998474121094,68.0,0.0,13.136917114257812,1,0.9999989867210388,0,19.679988
CTUN,19719988,0.0,-0.34,-0.35,-0.26,37.599998474121094,95.0,0.0,13.136917114257812,1,0.9999989867210388,0,19.719988
CTUN,19759988,0.0,-0.35,-0.35,-0.23,37.5,116.0,0.0,13.139937400817871,1,1.0000038146972656,0,19.759988
CTUN,19799988,0.0,-0.39,-0.35,-0.23,37.5,130.0,0.0,13.139937400817871,1,1.0000038146972656,0,19.799988
CTUN,19839988,0.0,-0.43,-0.35,-0.22,37.5,140.0,0.0,13.139937400817871,1,1.0000038146972656,0,19.839988
CTUN,19879988,0.0,-0.46,-0.35,-0.22,37.5,145.0,0.0,13.144801139831543,1,1.000005841255188,0,19.879988
CTUN,19919988,0.0,-0.5,-0.35,-0.23,37.5,146.0,0.0,13.144801139831543,1,1.000005841255188,0,19.919988
CTUN,19959988,0.0,-0.51,-0.35,-0.22,37.400001525878906,144.0,0.0,13.147324562072754,1,1.0000025033950806,0,19.959988
CTUN,19999988,0.0,-0.5,-0.35,-0.2,37.400001525878906,141.0,0.0,13.147324562072754,1,1.0000025033950806,0,19.999988
CTUN,20039988,0.0,-0.49,-0.35,-0.18,37.400001525878906,136.0,0.0,13.147324562072754,1,1.0000025033950806,0,20.039988
CTUN,20079988,0.0,-0.45,-0.35,-0.16,37.400001525878906,128.0,0.0,13.150800704956055,1,1.0000020265579224,0,20.079988
CTUN,20119988,0.0,-0.41,-0.35,-0.14,37.400001525878906,120.0,0.0,13.150800704956055,1,1.0000020265579224,0,20.119988
CTUN,20159988,0.0,-0.38,-0.35,-0.14,37.400001525878906,108.0,0.0,13.155770301818848,1,0.9999940395355225,0,20.159988
CTUN,20199988,0.0,-0.36,-0.35,-0.17,37.400001525878906,94.0,0.0,13.155770301818848,1,0.9999940395355225,0,20.199988
CTUN,20239988,0.0,-0.34,-0.35,-0.19,37.400001525878906,83.0,0.0,13.155770301818848,1,0.9999940395355225,0,20.239988
CTUN,20279988,0.0,-0.32,-0.35,-0.22,37.29999923706055,72.0,0.0,13.158616065979004,1,1.0000035762786865,0,20.279988
CTUN,20319988,0.0,-0.3,-0.35,-0.24,37.29999923706055,64.0,0.0,13.158616065979004,1,1.0000035762786865,0,20.319988
CTUN,20359988,0.0,-0.27,-0.35,-0.26,37.29999923706055,59.0,0.0,13.16330337524414,1,1.0000020265579224,0,20.359988
CTUN,20399988,0.0,-0.23,-0.35,-0.28,37.29999923706055,59.0,0.0,13.16330337524414,1,1.0000020265579224,0,20.399988
CTUN,20439988,0.0,-0.19,-0.35,-0.29,37.29999923706055,60.0,0.0,13.16330337524414,1,1.0000020265579224,0,20.439988
CTUN,20479988,0.0,-0.14,-0.35,-0.31,37.29999923706055,65.0,0.0,13.166165351867676,1,0.9999937415122986,0,20.479988
CTUN,20519988,0.0,-0.1,-0.35,-0.32,37.29999923706055,72.0,0.0,13.166165351867676,1,0.9999937415122986,0,20.519988
CTUN,20559988,0.0,-0.06,-0.35,-0.33,37.20000076293945,81.0,0.0,13.169441223144531,1,0.9999944567680359,0,20.559988
CTUN,20599988,0.0,-0.02,-0.35,-0.33,37.20000076293945,92.0,0.0,13.169441223144531,1,0.9999944567680359,0,20.599988
CTUN,20639988,0.0,0.02,-0.35,-0.33,37.20000076293945,104.0,0.0,13.169441223144531,1,0.9999944567680359,0,20.639988
CTUN,20679988,0.0,0.06,-0.35,-0.33,37.20000076293945,117.0,0.0,13.170804977416992,1,0.9999994039535522,0,20.679988
CTUN,20719988,0.0,0.1,-0.35,-0.33,37.20000076293945,130.0,0.0,13.170804977416992,1,0.9999994039535522,0,20.719988
CTUN,20759988,0.0,0.12,-0.35,-0.34,37.20000076293945,139.0,0.0,13.173009872436523,1,1.0000038146972656,0,20.759988
CTUN,20799988,0.0,0.13,-0.35,-0.34,37.20000076293945,146.0,0.0,13.173009872436523,1,1.0000038146972656,0,20.799988
CTUN,20839988,0.0,0.12,-0.35,-0.35,37.099998474121094,150.0,0.0,13.173009872436523,1,1.0000038146972656,0,20.839988
CTUN,20879988,0.0,0.12,-0.35,-0.36,37.099998474121094,152.0,0.0,13.178447723388672,1,0.9999971389770508,0,20.879988
CTUN,20919988,0.0,0.11,-0.35,-0.36,37.099998474121094,149.0,0.0,13.178447723388672,1,0.9999971389770508,0,20.919988
CTUN,20959988,0.0,0.09,-0.35,-0.36,37.099998474121094,142.0,0.0,13.179954528808594,1,1.0000009536743164,0,20.959988
CTUN,20999988,0.0,0.07,-0.35,-0.35,37.099998474121094,131.0,0.0,13.179954528808594,1,1.0000009536743164,0,20.999988
CTUN,21039988,0.0,0.05,-0.35,-0.34,37.099998474121094,116.0,0.0,13.179954528808594,1,1.0000009536743164,0,21.039988
CTUN,21079988,0.0,0.03,-0.35,-0.33,37.0,98.0,0.0,13.183746337890625,1,0.9999985098838806,0,21.079988
CTUN,21119988,0.0,0.02,-0.35,-0.32,37.0,78.0,0.0,13.183746337890625,1,0.9999985098838806,0,21.119988
CTUN,21159988,0.0,0.33,-0.35,-0.14,37.0,75.0,0.0,13.186197280883789,1,0.9999967217445374,0,21.159988
CTUN,21199988,0.0,0.33,-0.35,-0.17,37.0,54.0,0.0,13.186197280883789,1,0.9999967217445374,0,21.199988
CTUN,21239988,0.0,0.33,-0.35,-0.21,37.0,32.0,0.0,13.186197280883789,1,0.9999967217445374,0,21.239988
CTUN,21279988,0.0,0.32,-0.35,-0.24,37.0,11.0,0.0,13.191459655761719,1,0.9999924898147583,0,21.279988
CTUN,21319988,0.0,0.31,-0.35,-0.26,37.0,-5.0,0.0,13.191459655761719,1,0.9999924898147583,0,21.319988
CTUN,21359988,0.0,0.31,-0.4,-0.29,36.900001525878906,-22.0,0.0,13.195903778076172,1,1.0000014305114746,0,21.359988
CTUN,21399988,0.0,0.31,-0.4,-0.32,36.900001525878906,-36.0,0.0,13.195903778076172,1,1.0000014305114746,0,21.399988
CTUN,21439988,0.0,0.3,-0.4,-0.35,36.900001525878906,-46.0,0.0,13.195903778076172,1,1.0000014305114746,0,21.439988
CTUN,21479988,0.0,0.3,-0.4,-0.38,36.900001525878906,-54.0,0.0,13.199929237365723,1,1.0000009536743164,0,21.479988
CTUN,21519988,0.0,0.3,-0.4,-0.41,36.900001525878906,-57.0,0.0,13.199929237365723,1,1.0000009536743164,0,21.519988
CTUN,21559988,0.0,0.29,-0.4,-0.43,36.900001525878906,-60.0,0.0,13.203449249267578,1,0.9999944567680359,0,21.559988
CTUN,21599988,0.0,0.27,-0.4,-0.46,36.79999923706055,-59.0,0.0,13.203449249267578,1,0.9999944567680359,0,21.599988
CTUN,21639988,0.0,0.24,-0.4,-0.48,36.79999923706055,-55.0,0.0,13.203449249267578,1,0.9999944567680359,0,21.639988
CTUN,21679988,0.0,0.22,-0.4,-0.49,36.79999923706055,-49.0,0.0,13.204023361206055,1,0.9999874830245972,0,21.679988
CTUN,21719988,0.0,0.2,-0.4,-0.5,36.79999923706055,-40.0,0.0,13.204023361206055,1,0.9999874830245972,0,21.719988
CTUN,21759988,0.0,0.15,-0.4,-0.52,36.79999923706055,-35.0,0.0,13.208282470703125,1,0.9999982118606567,0,21.759988
CTUN,21799988,0.0,0.09,-0.4,-0.56,36.79999923706055,-28.0,0.0,13.208282470703125,1,0.9999982118606567,0,21.799988
CTUN,21839988,0.0,0.03,-0.4,-0.58,36.79999923706055,-20.0,0.0,13.208282470703125,1,0.9999982118606567,0,21.839988
CTUN,21879988,0.0,-0.02,-0.4,-0.6,36.70000076293945,-19.0,0.0,13.212366104125977,1,0.9999869465827942,0,21.879988
CTUN,21919988,0.0,-0.08,-0.4,-0.61,36.70000076293945,-12.0,0.0,13.212366104125977,1,0.9999869465827942,0,21.919988
CTUN,21959988,0.0,-0.12,-0.4,-0.61,36.70000076293945,-4.0,0.0,13.214608192443848,1,0.9999869465827942,0,21.959988
CTUN,21999988,0.0,-0.14,-0.4,-0.61,36.70000076293945,5.0,0.0,13.214608192443848,1,0.9999869465827942,0,21.999988
CTUN,22039988,9.19,-0.15,-0.4,-0.61,36.70000076293945,32.0,0.0,13.214608192443848,1,0.9999869465827942,0,22.039988
CTUN,22079988,9.19,-0.15,-0.4,-0.59,36.70000076293945,65.0,0.0,13.21539306640625,1,0.9999868273735046,0,22.079988
CTUN,22119988,9.19,-0.07,-0.4,-0.58,36.70000076293945,95.0,0.0,13.21539306640625,1,0.9999868273735046,0,22.119988
CTUN,22159988,9.19,0.11,-0.4,-0.56,36.70000076293945,142.0,0.0,13.216533660888672,1,0.9999884963035583,0,22.159988
CTUN,22199988,9.19,0.42,-0.4,-0.54,36.70000076293945,198.0,0.0,13.216533660888672,1,0.9999884963035583,0,22.199988
CTUN,22239988,9.19,0.82,-0.4,-0.52,36.70000076293945,273.0,0.0,13.216533660888672,1,0.9999884963035583,0,22.239988
CTUN,22279988,9.19,1.27,-0.4,-0.49,36.70000076293945,362.0,0.0,13.216142654418945,1,0.9999858140945435,0,22.279988
CTUN,22319988,9.19,1.76,-0.4,-0.46,36.70000076293945,472.0,0.0,13.216142654418945,1,0.9999858140945435,0,22.319988
CTUN,22359988,9.19,2.27,-0.4,-0.42,36.70000076293945,599.0,0.0,13.217891693115234,1,0.9999910593032837,0,22.359988
CTUN,22399988,9.19,2.79,-0.4,-0.35,36.70000076293945,740.0,0.0,13.217891693115234,1,0.9999910593032837,0,22.399988
CTUN,22439988,9.19,3.29,-0.4,-0.28,36.70000076293945,891.0,0.0,13.217891693115234,1,0.9999910593032837,0,22.439988
CTUN,22479988,9.19,3.78,-0.4,-0.21,36.70000076293945,1051.0,0.0,13.217585563659668,1,0.9999874830245972,0,22.479988
CTUN,22519988,9.19,4.24,-0.4,-0.15,36.79999923706055,1201.0,0.0,13.217585563659668,1,0.9999874830245972,0,22.519988
CTUN,22559988,9.19,4.68,-0.4,-0.09,36.79999923706055,1336.0,0.0,13.216058731079102,1,0.9999914765357971,0,22.559988
CTUN,22599988,9.19,5.08,-0.4,-0.03,36.79999923706055,1460.0,0.0,13.216058731079102,1,0.9999914765357971,0,22.599988
CTUN,22639988,9.19,5.45,-0.4,0.02,36.79999923706055,1559.0,0.0,13.216058731079102,1,0.9999914765357971,0,22.639988
CTUN,22679988,9.19,5.79,-0.4,0.06,36.900001525878906,1628.0,0.0,13.213665962219238,1,0.9999933242797852,0,22.679988
CTUN,22719988,9.19,6.11,-0.4,0.08,36.900001525878906,1664.0,0.0,13.213665962219238,1,0.9999933242797852,0,22.719988
CTUN,22759988,9.19,6.4,-0.4,0.1,36.900001525878906,1657.0,0.0,13.211886405944824,1,0.9999952912330627,0,22.759988
CTUN,22799988,9.19,6.68,-0.4,0.11,36.900001525878906,1619.0,0.0,13.211886405944824,1,0.9999952912330627,0,22.799988
CTUN,22839988,9.19,6.95,-0.4,0.11,37.0,1543.0,0.0,13.211886405944824,1,0.9999952912330627,0,22.839988
CTUN,22879988,9.19,7.2,-0.35,0.1,37.0,1432.0,0.0,13.206819534301758,1,0.9999926090240479,0,22.879988
CTUN,22919988,9.19,7.44,-0.35,0.08,37.0,1290.0,0.0,13.206819534301758,1,0.9999926090240479,0,22.919988
CTUN,22959988,9.19,7.68,-0.35,0.05,37.0,1132.0,0.0,13.202530860900879,1,0.9999831318855286,0,22.959988
CTUN,22999988,9.2,7.91,-0.35,0.0,37.0,945.0,0.0,13.202530860900879,1,0.9999831318855286,0,22.999988
CTUN,23039988,9.19,8.15,-0.35,-0.04,37.0,747.0,0.0,13.202530860900879,1,0.9999831318855286,0,23.039988
CTUN,23079988,9.19,8.39,-0.35,-0.1,37.0,546.0,0.0,13.200485229492188,1,0.9999918937683105,0,23.079988
CTUN,23119988,9.19,8.63,-0.35,-0.15,37.0,349.0,0.0,13.200485229492188,1,0.9999918937683105,0,23.119988
CTUN,23159988,9.19,8.86,-0.35,-0.2,36.900001525878906,165.0,0.0,13.200688362121582,1,0.9999884963035583,0,23.159988
CTUN,23199988,9.19,9.06,-0.4,-0.26,36.900001525878906,-5.0,0.0,13.200688362121582,1,0.9999884963035583,0,23.199988
CTUN,23239988,9.19,9.26,-0.4,-0.3,36.900001525878906,-155.0,0.0,13.200688362121582,1,0.9999884963035583,0,23.239988
CTUN,23279988,9.19,9.45,-0.4,-0.33,36.79999923706055,-280.0,0.0,13.201725959777832,1,0.9999876022338867,0,23.279988
CTUN,23319988,9.19,9.62,-0.4,-0.35,36.79999923706055,-375.0,0.0,13.201725959777832,1,0.9999876022338867,0,23.319988
CTUN,23359988,9.19,9.78,-0.4,-0.37,36.79999923706055,-438.0,0.0,13.205212593078613,1,0.9999869465827942,0,23.359988
CTUN,23399988,9.19,9.93,-0.4,-0.38,36.70000076293945,-471.0,0.0,13.205212593078613,1,0.9999869465827942,0,23.399988
CTUN,23439988,9.19,10.07,-0.4,-0.38,36.70000076293945,-477.0,0.0,13.205212593078613,1,0.9999869465827942,0,23.439988
CTUN,23479988,9.19,10.19,-0.4,-0.38,36.599998474121094,-457.0,0.0,13.209809303283691,1,0.9999808669090271,0,23.479988
CTUN,23519988,9.19,10.31,-0.4,-0.37,36.599998474121094,-413.0,0.0,13.209809303283691,1,0.9999808669090271,0,23.519988
CTUN,23559988,9.19,10.41,-0.4,-0.34,36.5,-357.0,0.0,13.216217041015625,1,0.9999820590019226,0,23.559988
CTUN,23599988,9.19,10.52,-0.4,-0.3,36.5,-281.0,0.0,13.216217041015625,1,0.9999820590019226,0,23.599988
CTUN,23639988,9.19,10.61,-0.4,-0.25,36.400001525878906,-195.0,0.0,13.216217041015625,1,0.9999820590019226,0,23.639988
CTUN,23679988,9.19,10.7,-0.4,-0.2,36.400001525878906,-106.0,0.0,13.225496292114258,1,0.9999804496765137,0,23.679988
CTUN,23719988,9.19,10.77,-0.4,-0.15,36.400001525878906,-20.0,0.0,13.225496292114258,1,0.9999804496765137,0,23.719988
CTUN,23759988,9.19,10.83,-0.4,-0.09,36.29999923706055,59.0,0.0,13.232512474060059,1,0.9999770522117615,0,23.759988
CTUN,23799988,9.19,10.89,-0.4,-0.05,36.29999923706055,130.0,0.0,13.232512474060059,1,0.9999770522117615,0,23.799988
CTUN,23839988,0.0,10.96,-0.4,-0.01,36.29999923706055,176.0,0.0,13.232512474060059,1,0.9999770522117615,0,23.839988
CTUN,23879988,0.0,11.01,-0.4,0.01,36.20000076293945,202.0,0.0,13.240137100219727,1,0.9999874830245972,0,23.879988
CTUN,23919988,0.0,11.03,-0.4,0.03,36.20000076293945,215.0,0.0,13.240137100219727,1,0.9999874830245972,0,23.919988
CTUN,23959988,0.0,10.98,-0.4,0.04,36.20000076293945,203.0,0.0,13.249399185180664,1,0.9999846816062927,0,23.959988
CTUN,23999988,0.0,10.89,-0.4,0.03,36.099998474121094,168.0,0.0,13.249399185180664,1,0.9999846816062927,0,23.999988
CTUN,24039988,0.0,10.75,-0.4,0.01,36.099998474121094,108.0,0.0,13.249399185180664,1,0.9999846816062927,0,24.039988
CTUN,24079988,0.0,10.59,-0.4,-0.02,36.099998474121094,24.0,0.0,13.254950523376465,1,0.9999745488166809,0,24.079988
CTUN,24119988,0.0,10.41,-0.4,-0.07,36.099998474121094,-82.0,0.0,13.254950523376465,1,0.9999745488166809,0,24.119988
CTUN,24159988,0.0,10.23,-0.4,-0.14,36.0,-204.0,0.0,13.260346412658691,1,0.9999759793281555,0,24.159988
CTUN,24199988,0.0,10.04,-0.4,-0.22,36.0,-344.0,0.0,13.260346412658691,1,0.9999759793281555,0,24.199988
CTUN,24239988,0.0,9.86,-0.4,-0.3,36.0,-495.0,0.0,13.260346412658691,1,0.9999759793281555,0,24.239988
CTUN,24279988,0.0,9.69,-0.44,-0.38,35.900001525878906,-643.0,0.0,13.2664155960083,1,0.9999729990959167,0,24.279988
CTUN,24319988,0.0,9.52,-0.44,-0.45,35.900001525878906,-791.0,0.0,13.2664155960083,1,0.9999729990959167,0,24.319988
CTUN,24359988,0.0,9.36,-0.44,-0.51,35.79999923706055,-925.0,0.0,13.274863243103027,1,0.9999779462814331,0,24.359988
CTUN,24399988,0.0,9.19,-0.44,-0.56,35.79999923706055,-1050.0,0.0,13.274863243103027,1,0.9999779462814331,0,24.399988
CTUN,24439988,0.0,9.03,-0.44,-0.6,35.70000076293945,-1152.0,0.0,13.274863243103027,1,0.9999779462814331,0,24.439988
CTUN,24479988,0.0,8.86,-0.44,-0.62,35.70000076293945,-1230.0,0.0,13.285252571105957,1,0.999973714351654,0,24.479988
CTUN,24519988,0.0,8.69,-0.44,-0.63,35.70000076293945,-1281.0,0.0,13.285252571105957,1,0.999973714351654,0,24.519988
CTUN,24559988,0.0,8.53,-0.44,-0.63,35.599998474121094,-1305.0,0.0,13.29337215423584,1,0.9999796152114868,0,24.559988
CTUN,24599988,0.0,8.38,-0.44,-0.61,35.599998474121094,-1294.0,0.0,13.29337215423584,1,0.9999796152114868,0,24.599988
CTUN,24639988,0.0,8.23,-0.44,-0.59,35.5,-1256.0,0.0,13.29337215423584,1,0.9999796152114868,0,24.639988
CTUN,24679988,0.0,8.08,-0.44,-0.55,35.5,-1187.0,0.0,13.302448272705078,1,0.9999775290489197,0,24.679988
CTUN,24719988,0.0,7.92,-0.44,-0.51,35.400001525878906,-1100.0,0.0,13.302448272705078,1,0.9999775290489197,0,24.719988
CTUN,24759988,0.0,7.75,-0.44,-0.46,35.400001525878906,-985.0,0.0,13.311494827270508,1,0.9999748468399048,0,24.759988
CTUN,24799988,0.0,7.56,-0.44,-0.42,35.400001525878906,-869.0,0.0,13.311494827270508,1,0.9999748468399048,0,24.799988
CTUN,24839988,0.0,7.37,-0.44,-0.39,35.400001525878906,-747.0,0.0,13.311494827270508,1,0.9999748468399048,0,24.839988
CTUN,24879988,0.0,7.17,-0.44,-0.35,35.29999923706055,-617.0,0.0,13.318870544433594,1,0.9999680519104004,0,24.879988
CTUN,24919988,0.0,6.98,-0.44,-0.33,35.29999923706055,-498.0,0.0,13.318870544433594,1,0.9999680519104004,0,24.919988
CTUN,24959988,-9.19,6.8,-0.44,-0.31,35.29999923706055,-408.0,0.0,13.324172019958496,1,0.9999650716781616,0,24.959988
CTUN,24999988,-9.19,6.61,-0.44,-0.3,35.29999923706055,-321.0,0.0,13.324172019958496,1,0.9999650716781616,0,24.999988
CTUN,25039988,-9.19,6.37,-0.44,-0.3,35.29999923706055,-253.0,0.0,13.324172019958496,1,0.9999650716781616,0,25.039988
CTUN,25079988,-9.19,6.08,-0.44,-0.31,35.29999923706055,-226.0,0.0,13.327261924743652,1,0.9999619126319885,0,25.079988
CTUN,25119988,-9.19,5.73,-0.44,-0.31,35.29999923706055,-221.0,0.0,13.327261924743652,1,0.9999619126319885,0,25.119988
CTUN,25159988,-9.19,5.31,-0.44,-0.33,35.29999923706055,-261.0,0.0,13.331035614013672,1,0.9999679327011108,0,25.159988
CTUN,25199988,-9.19,4.83,-0.44,-0.36,35.20000076293945,-323.0,0.0,13.331035614013672,1,0.9999679327011108,0,25.199988
CTUN,25239988,-9.19,4.3,-0.44,-0.39,35.20000076293945,-421.0,0.0,13.331035614013672,1,0.9999679327011108,0,25.239988
CTUN,25279988,-9.19,3.73,-0.44,-0.43,35.20000076293945,-550.0,0.0,13.334003448486328,1,0.999971866607666,0,25.279988
CTUN,25319988,-9.19,3.15,-0.44,-0.46,35.20000076293945,-710.0,0.0,13.334003448486328,1,0.999971866607666,0,25.319988
CTUN,25359988,-9.19,2.57,-0.44,-0.49,35.20000076293945,-902.0,0.0,13.335677146911621,1,0.9999669790267944,0,25.359988
CTUN,25399988,-9.19,2.0,-0.44,-0.51,35.20000076293945,-1100.0,0.0,13.335677146911621,1,0.9999669790267944,0,25.399988
CTUN,25439988,-9.19,1.43,-0.44,-0.53,35.20000076293945,-1305.0,0.0,13.335677146911621,1,0.9999669790267944,0,25.439988
CTUN,25479988,-9.19,0.86,-0.44,-0.54,35.20000076293945,-1512.0,0.0,13.336220741271973,1,0.9999706149101257,0,25.479988
CTUN,25519988,-9.19,0.3,-0.44,-0.55,35.20000076293945,-1706.0,0.0,13.336220741271973,1,0.9999706149101257,0,25.519988
CTUN,25559988,-9.19,-0.23,-0.44,-0.54,35.29999923706055,-1879.0,0.0,13.338090896606445,1,0.9999650716781616,0,25.559988
CTUN,25599988,-9.19,-0.77,-0.44,-0.54,35.29999923706055,-2025.0,0.0,13.338090896606445,1,0.9999650716781616,0,25.599988
CTUN,25639988,-9.19,-1.3,-0.44,-0.52,35.29999923706055,-2136.0,0.0,13.338090896606445,1,0.9999650716781616,0,25.639988
CTUN,25679988,-9.19,-1.82,-0.44,-0.51,35.29999923706055,-2206.0,0.0,13.340564727783203,1,0.9999673366546631,0,25.679988
CTUN,25719988,-9.19,-2.33,-0.44,-0.48,35.29999923706055,-2235.0,0.0,13.340564727783203,1,0.9999673366546631,0,25.719988
CTUN,25759988,-9.19,-2.84,-0.44,-0.46,35.29999923706055,-2218.0,0.0,13.341828346252441,1,0.9999597072601318,0,25.759988
CTUN,25799988,-9.19,-3.33,-0.44,-0.43,35.29999923706055,-2158.0,0.0,13.341828346252441,1,0.9999597072601318,0,25.799988
CTUN,25839988,-9.19,-3.83,-0.44,-0.41,35.29999923706055,-2055.0,0.0,13.341828346252441,1,0.9999597072601318,0,25.839988
CTUN,25879988,-9.19,-4.31,-0.44,-0.38,35.29999923706055,-1912.0,0.0,13.341989517211914,1,0.9999656677246094,0,25.879988
CTUN,25919988,-9.19,-4.79,-0.44,-0.36,35.400001525878906,-1741.0,0.0,13.341989517211914,1,0.9999656677246094,0,25.919988
CTUN,25959988,-9.19,-5.26,-0.44,-0.34,35.400001525878906,-1546.0,0.0,13.338704109191895,1,0.999961256980896,0,25.959988
CTUN,25999988,-9.19,-5.71,-0.44,-0.32,35.400001525878906,-1331.0,0.0,13.338704109191895,1,0.999961256980896,0,25.999988
CTUN,26039988,-9.19,-6.15,-0.44,-0.31,35.400001525878906,-1107.0,0.0,13.338704109191895,1,0.999961256980896,0,26.039988
CTUN,26079988,-9.19,-6.58,-0.44,-0.3,35.400001525878906,-883.0,0.0,13.336808204650879,1,0.999961256980896,0,26.079988
CTUN,26119988,-9.19,-6.99,-0.44,-0.29,35.400001525878906,-664.0,0.0,13.336808204650879,1,0.999961256980896,0,26.119988
CTUN,26159988,-9.19,-7.36,-0.44,-0.29,35.400001525878906,-473.0,0.0,13.335649490356445,1,0.999958872795105,0,26.159988
CTUN,26199988,-9.19,-7.71,-0.44,-0.31,35.400001525878906,-286.0,0.0,13.335649490356445,1,0.999958872795105,0,26.199988
CTUN,26239988,-9.19,-8.03,-0.44,-0.32,35.29999923706055,-121.0,0.0,13.335649490356445,1,0.999958872795105,0,26.239988
CTUN,26279988,-9.19,-8.33,-0.44,-0.34,35.29999923706055,12.0,0.0,13.336216926574707,1,0.9999639987945557,0,26.279988
CTUN,26319988,-9.19,-8.61,-0.44,-0.36,35.29999923706055,119.0,0.0,13.336216926574707,1,0.9999639987945557,0,26.319988
CTUN,26359988,-9.19,-8.85,-0.44,-0.37,35.29999923706055,192.0,0.0,13.338738441467285,1,0.9999539256095886,0,26.359988
CTUN,26399988,-9.19,-9.06,-0.44,-0.38,35.29999923706055,242.0,0.0,13.338738441467285,1,0.9999539256095886,0,26.399988
CTUN,26439988,-9.19,-9.25,-0.44,-0.38,35.29999923706055,266.0,0.0,13.338738441467285,1,0.9999539256095886,0,26.439988
CTUN,26479988,-9.19,-9.42,-0.44,-0.39,35.20000076293945,267.0,0.0,13.340519905090332,1,0.999961256980896,0,26.479988
CTUN,26519988,-9.19,-9.56,-0.44,-0.39,35.20000076293945,248.0,0.0,13.340519905090332,1,0.999961256980896,0,26.519988
CTUN,26559988,-9.19,-9.67,-0.44,-0.39,35.20000076293945,208.0,0.0,13.341876983642578,1,0.9999574422836304,0,26.559988
CTUN,26599988,-9.19,-9.75,-0.44,-0.39,35.20000076293945,169.0,0.0,13.341876983642578,1,0.9999574422836304,0,26.599988
CTUN,26639988,-9.19,-9.82,-0.44,-0.39,35.099998474121094,123.0,0.0,13.341876983642578,1,0.9999574422836304,0,26.639988
CTUN,26679988,-9.19,-9.87,-0.44,-0.4,35.099998474121094,76.0,0.0,13.346288681030273,1,0.9999502897262573,0,26.679988
CTUN,26719988,-9.19,-9.92,-0.44,-0.4,35.099998474121094,34.0,0.0,13.346288681030273,1,0.9999502897262573,0,26.719988
CTUN,26759988,0.0,-9.95,-0.44,-0.4,35.0,20.0,0.0,13.34912109375,1,0.9999589920043945,0,26.759988
CTUN,26799988,0.0,-9.92,-0.44,-0.41,35.0,14.0,0.0,13.34912109375,1,0.9999589920043945,0,26.799988
CTUN,26839988,0.0,-9.77,-0.44,-0.42,35.0,30.0,0.0,13.34912109375,1,0.9999589920043945,0,26.839988
CTUN,26879988,0.0,-9.48,-0.44,-0.44,34.900001525878906,75.0,0.0,13.352511405944824,1,0.99994957447052,0,26.879988
CTUN,26919988,0.0,-9.06,-0.48,-0.45,34.900001525878906,155.0,0.0,13.352511405944824,1,0.99994957447052,0,26.919988
CTUN,26959988,0.0,-8.56,-0.48,-0.46,34.900001525878906,273.0,0.0,13.357335090637207,1,0.9999518394470215,0,26.959988
CTUN,26999988,0.0,-8.02,-0.48,-0.48,34.79999923706055,425.0,0.0,13.357335090637207,1,0.9999518394470215,0,26.999988
CTUN,27039988,0.0,-7.44,-0.48,-0.5,34.79999923706055,612.0,0.0,13.357335090637207,1,0.9999518394470215,0,27.039988
CTUN,27079988,0.0,-6.86,-0.48,-0.52,34.79999923706055,826.0,0.0,13.363128662109375,1,0.99994957447052,0,27.079988
CTUN,27119988,0.0,-6.3,-0.48,-0.55,34.70000076293945,1063.0,0.0,13.363128662109375,1,0.99994957447052,0,27.119988
CTUN,27159988,0.0,-5.76,-0.48,-0.57,34.70000076293945,1313.0,0.0,13.36822509765625,1,0.9999446272850037,0,27.159988
CTUN,27199988,0.0,-5.26,-0.48,-0.6,34.70000076293945,1561.0,0.0,13.36822509765625,1,0.9999446272850037,0,27.199988
CTUN,27239988,0.0,-4.8,-0.48,-0.62,34.70000076293945,1800.0,0.0,13.36822509765625,1,0.9999446272850037,0,27.239988
CTUN,27279988,0.0,-4.38,-0.48,-0.65,34.599998474121094,2012.0,0.0,13.37664794921875,1,0.9999510645866394,0,27.279988
CTUN,27319988,0.0,-4.0,-0.48,-0.68,34.599998474121094,2194.0,0.0,13.37664794921875,1,0.9999510645866394,0,27.319988
CTUN,27359988,0.0,-3.65,-0.48,-0.69,34.599998474121094,2326.0,0.0,13.381659507751465,1,0.9999533891677856,0,27.359988
CTUN,27399988,0.0,-3.32,-0.48,-0.7,34.599998474121094,2413.0,0.0,13.381659507751465,1,0.9999533891677856,0,27.399988
CTUN,27439988,0.0,-3.02,-0.48,-0.71,34.599998474121094,2446.0,0.0,13.381659507751465,1,0.9999533891677856,0,27.439988
CTUN,27479988,0.0,-2.73,-0.48,-0.7,34.599998474121094,2415.0,0.0,13.387560844421387,1,0.9999434947967529,0,27.479988
CTUN,27519988,0.0,-2.45,-0.48,-0.69,34.5,2332.0,0.0,13.387560844421387,1,0.9999434947967529,0,27.519988
CTUN,27559988,0.0,-2.19,-0.48,-0.67,34.5,2194.0,0.0,13.392565727233887,1,0.9999411106109619,0,27.559988
CTUN,27599988,0.0,-1.94,-0.48,-0.64,34.5,2008.0,0.0,13.392565727233887,1,0.9999411106109619,0,27.599988
CTUN,27639988,0.0,-1.69,-0.48,-0.61,34.5,1782.0,0.0,13.392565727233887,1,0.9999411106109619,0,27.639988
CTUN,27679988,0.0,-1.44,-0.48,-0.58,34.5,1525.0,0.0,13.395827293395996,1,0.9999422430992126,0,27.679988
CTUN,27719988,0.0,-1.19,-0.48,-0.54,34.5,1247.0,0.0,13.395827293395996,1,0.9999422430992126,0,27.719988
CTUN,27759988,0.0,-0.96,-0.48,-0.51,34.5,964.0,0.0,13.401132583618164,1,0.9999457597732544,0,27.759988
CTUN,27799988,0.0,-0.74,-0.48,-0.48,34.5,680.0,0.0,13.401132583618164,1,0.9999457597732544,0,27.799988
CTUN,27839988,0.0,-0.53,-0.48,-0.44,34.5,409.0,0.0,13.401132583618164,1,0.9999457597732544,0,27.839988
CTUN,27879988,0.0,-0.33,-0.48,-0.42,34.400001525878906,161.0,0.0,13.40422248840332,1,0.9999491572380066,0,27.879988
CTUN,27919988,0.0,-0.15,-0.48,-0.4,34.400001525878906,-55.0,0.0,13.40422248840332,1,0.9999491572380066,0,27.919988
