mavpackettype,TimeUS,DesRoll,Roll,DesPitch,Pitch,DesYaw,Yaw,AEKF,ap_time_s
ATT,2199998,4.739999771118164,4.745790004730225,-6.37999963760376,-6.383893966674805,0.0,2.75834059715271,0,2.199998
ATT,2239998,4.829999923706055,4.835151672363281,-6.5,-6.504791736602783,0.0,2.818181276321411,0,2.239998
ATT,2279998,4.869999885559082,4.870413780212402,-6.549999713897705,-6.5550312995910645,0.0,19.0869197845459,0,2.279998
ATT,2319998,4.940000057220459,4.940577507019043,-6.649999618530273,-6.656275749206543,0.0,19.148258209228516,0,2.319998
ATT,2359998,5.009999752044678,5.010619640350342,-6.75,-6.7574944496154785,0.0,19.209829330444336,0,2.359998
ATT,2399998,5.079999923706055,5.081077575683594,-6.849999904632568,-6.858219623565674,0.0,19.270700454711914,0,2.399998
ATT,2439998,5.150000095367432,5.151394844055176,-6.949999809265137,-6.958502292633057,0.0,19.331119537353516,0,2.439998
ATT,2479998,5.25,5.257635593414307,-7.549999713897705,-7.551424980163574,0.0,19.386865615844727,0,2.479998
ATT,2519998,5.359999656677246,5.363410949707031,-8.139999389648438,-8.142996788024902,0.0,19.44265365600586,0,2.519998
ATT,2559998,5.460000038146973,5.468625068664551,-8.729999542236328,-8.73345947265625,0.0,19.497507095336914,0,2.559998
ATT,2599998,5.569999694824219,5.573202133178711,-9.319999694824219,-9.321965217590332,0.0,19.550661087036133,0,2.599998
ATT,2639998,5.670000076293945,5.6778669357299805,-9.899999618530273,-9.908679962158203,0.0,19.602048873901367,0,2.639998
ATT,2679998,5.769999980926514,5.773774147033691,-10.219999313354492,-10.226259231567383,0.0,19.656734466552734,0,2.679998
ATT,2719998,5.849999904632568,5.859834671020508,-10.269999504089355,-10.275221824645996,0.0,19.725435256958008,0,2.719998
ATT,2759998,5.940000057220459,5.9458136558532715,-10.319999694824219,-10.322370529174805,0.0,19.794010162353516,0,2.759998
ATT,2799998,6.029999732971191,6.032329559326172,-10.359999656677246,-10.36689567565918,0.0,19.86180877685547,0,2.799998
ATT,2839998,6.109999656677246,6.1188483238220215,-10.399999618530273,-10.409711837768555,0.0,19.92841911315918,0,2.839998
ATT,2879998,6.199999809265137,6.205257415771484,-10.449999809265137,-10.45000171661377,0.0,19.995113372802734,0,2.879998
ATT,2919998,6.279999732971191,6.281747341156006,-10.510000228881836,-10.510330200195312,0.0,20.066621780395508,0,2.919998
ATT,2959998,6.349999904632568,6.357800483703613,-10.559999465942383,-10.568938255310059,0.0,20.138080596923828,0,2.959998
ATT,2999998,6.429999828338623,6.433608055114746,-10.619999885559082,-10.625744819641113,0.0,20.211071014404297,0,2.999998
ATT,3039998,6.5,6.508683681488037,-10.679999351501465,-10.680655479431152,0.0,20.285470962524414,0,3.039998
ATT,3079998,6.579999923706055,6.584071636199951,-10.729999542236328,-10.733563423156738,0.0,20.359355926513672,0,3.079998
ATT,3119998,6.649999618530273,6.6576032638549805,-10.769999504089355,-10.776533126831055,0.0,20.4383602142334,0,3.119998
ATT,3159998,6.730000019073486,6.730321407318115,-10.800000190734863,-10.808918952941895,0.0,20.516658782958984,0,3.159998
ATT,3199998,6.799999713897705,6.802779674530029,-10.829999923706055,-10.839578628540039,0.0,20.593387603759766,0,3.199998
ATT,3239998,6.869999885559082,6.875869274139404,-10.859999656677246,-10.867995262145996,0.0,20.668773651123047,0,3.239998
ATT,3279998,6.940000057220459,6.948992729187012,-10.889999389648438,-10.894840240478516,0.0,20.743515014648438,0,3.279998
ATT,3319998,7.019999980926514,7.020562171936035,-10.920000076293945,-10.920865058898926,0.0,20.825193405151367,0,3.319998
ATT,3359998,7.079999923706055,7.089907646179199,-10.9399995803833,-10.945555686950684,0.0,20.906423568725586,0,3.359998
ATT,3399998,7.149999618530273,7.159524917602539,-10.960000038146973,-10.968404769897461,0.0,20.98619270324707,0,3.399998
ATT,3439998,7.21999979019165,7.229549884796143,-10.979999542236328,-10.989668846130371,0.0,21.065509796142578,0,3.439998
ATT,3479998,7.289999961853027,7.29930305480957,-11.0,-11.00888442993164,0.0,21.143808364868164,0,3.479998
ATT,3519998,7.359999656677246,7.368218898773193,-11.019999504089355,-11.026865005493164,0.0,21.22541046142578,0,3.519998
ATT,3559998,7.429999828338623,7.436145305633545,-11.039999961853027,-11.042819023132324,0.0,21.306184768676758,0,3.559998
ATT,3599998,7.5,7.502964019775391,-11.050000190734863,-11.056756019592285,0.0,21.38559341430664,0,3.599998
ATT,3639998,7.569999694824219,7.57021427154541,-11.059999465942383,-11.06856918334961,0.0,21.463865280151367,0,3.639998
ATT,3679998,7.62999963760376,7.637553691864014,-11.069999694824219,-11.07904052734375,0.0,21.541324615478516,0,3.679998
ATT,3719998,7.699999809265137,7.7039475440979,-11.079999923706055,-11.08918285369873,0.0,21.62596321105957,0,3.719998
ATT,3759998,7.759999752044678,7.769973278045654,-11.09000015258789,-11.097772598266602,0.0,21.71006965637207,0,3.759998
ATT,3799998,7.829999923706055,7.832995414733887,-11.09999942779541,-11.104804992675781,0.0,21.793485641479492,0,3.799998
ATT,3839998,7.889999866485596,7.896371841430664,-11.109999656677246,-11.110230445861816,0.0,21.87598991394043,0,3.839998
ATT,3879998,7.949999809265137,7.959918022155762,-11.109999656677246,-11.11444091796875,0.0,21.957921981811523,0,3.879998
ATT,3919998,8.019999504089355,8.02371883392334,-11.109999656677246,-11.117524147033691,0.0,22.038772583007812,0,3.919998
ATT,3959998,8.079999923706055,8.087416648864746,-11.109999656677246,-11.119227409362793,0.0,22.11930274963379,0,3.959998
ATT,4019996,8.170000076293945,8.179693222045898,-11.119999885559082,-11.125774383544922,0.0,22.24253273010254,0,4.019996
ATT,4079993,8.269999504089355,8.270556449890137,-11.130000114440918,-11.133155822753906,0.0,22.366310119628906,0,4.079993
ATT,4139990,8.359999656677246,8.36159610748291,-11.130000114440918,-11.137542724609375,0.0,22.488630294799805,0,4.13999
ATT,4199988,8.449999809265137,8.451302528381348,-11.139999389648438,-11.140661239624023,0.0,22.621822357177734,0,4.199988
ATT,4239988,8.5,8.508893966674805,-11.119999885559082,-11.129755973815918,0.0,22.709646224975586,0,4.239988
ATT,4279988,8.559999465942383,8.566492080688477,-11.109999656677246,-11.11776065826416,0.0,22.796438217163086,0,4.279988
ATT,4319988,8.619999885559082,8.624550819396973,-11.09999942779541,-11.104510307312012,0.0,22.88155174255371,0,4.319988
ATT,4359988,8.679999351501465,8.682924270629883,-11.09000015258789,-11.090583801269531,0.0,22.966489791870117,0,4.359988
ATT,4399988,8.739999771118164,8.740265846252441,-11.069999694824219,-11.076750755310059,0.0,23.05756187438965,0,4.399988
ATT,4439988,8.789999961853027,8.796743392944336,-11.059999465942383,-11.06492805480957,0.0,23.147293090820312,0,4.439988
ATT,4479988,8.84999942779541,8.852237701416016,-11.050000190734863,-11.055096626281738,0.0,23.235763549804688,0,4.479988
ATT,4519988,8.899999618530273,8.907822608947754,-11.039999961853027,-11.04499626159668,0.0,23.322757720947266,0,4.519988
ATT,4559988,8.960000038146973,8.96367073059082,-11.029999732971191,-11.033539772033691,0.0,23.408681869506836,0,4.559988
ATT,4599988,9.010000228881836,9.018935203552246,-11.019999504089355,-11.022354125976562,0.0,23.49811553955078,0,4.599988
ATT,4639988,9.069999694824219,9.074328422546387,-11.010000228881836,-11.010713577270508,0.0,23.586437225341797,0,4.639988
ATT,4679988,9.119999885559082,9.127694129943848,-10.989999771118164,-10.996012687683105,0.0,23.675439834594727,0,4.679988
ATT,4719988,9.179999351501465,9.180991172790527,-10.979999542236328,-10.980365753173828,0.0,23.765108108520508,0,4.719988
ATT,4759988,9.229999542236328,9.234946250915527,-10.960000038146973,-10.96425724029541,0.0,23.853567123413086,0,4.759988
ATT,4799988,9.279999732971191,9.288567543029785,-10.9399995803833,-10.948066711425781,0.0,23.941814422607422,0,4.799988
ATT,4839988,9.34000015258789,9.342487335205078,-10.929999351501465,-10.931365966796875,0.0,24.028770446777344,0,4.839988
ATT,4879988,9.389999389648438,9.395030975341797,-10.90999984741211,-10.915393829345703,0.0,24.117900848388672,0,4.879988
ATT,4919988,9.4399995803833,9.445682525634766,-10.899999618530273,-10.90003776550293,0.0,24.209318161010742,0,4.919988
ATT,4959988,9.489999771118164,9.496484756469727,-10.880000114440918,-10.88424015045166,0.0,24.29949378967285,0,4.959988
ATT,4999988,9.539999961853027,9.548415184020996,-10.859999656677246,-10.86776351928711,0.0,24.385719299316406,0,4.999988
ATT,5039988,9.59999942779541,9.60044002532959,-10.84999942779541,-10.850805282592773,0.0,24.47148895263672,0,5.039988
ATT,5079988,9.649999618530273,9.651891708374023,-10.829999923706055,-10.833844184875488,0.0,24.559005737304688,0,5.079988
ATT,5119988,9.699999809265137,9.70081901550293,-10.809999465942383,-10.813494682312012,0.0,24.648000717163086,0,5.119988
ATT,5159988,9.75,9.750080108642578,-10.789999961853027,-10.792631149291992,0.0,24.735858917236328,0,5.159988
ATT,5199988,9.789999961853027,9.798890113830566,-10.769999504089355,-10.77285385131836,0.0,24.827829360961914,0,5.199988
ATT,5239988,9.84000015258789,9.847500801086426,-10.75,-10.75268840789795,0.0,24.918455123901367,0,5.239988
ATT,5279988,9.889999389648438,9.896190643310547,-10.729999542236328,-10.732217788696289,0.0,25.00748062133789,0,5.279988
ATT,5319988,9.9399995803833,9.944724082946777,-10.710000038146973,-10.71129322052002,0.0,25.094690322875977,0,5.319988
ATT,5359988,9.989999771118164,9.992411613464355,-10.6899995803833,-10.690093040466309,0.0,25.18092155456543,0,5.359988
ATT,5399988,10.029999732971191,10.039040565490723,-10.670000076293945,-10.6702880859375,0.0,25.274112701416016,0,5.399988
ATT,5439988,10.079999923706055,10.085946083068848,-10.649999618530273,-10.65041732788086,0.0,25.3658390045166,0,5.439988
ATT,5479988,10.130000114440918,10.132823944091797,-10.630000114440918,-10.630745887756348,0.0,25.456790924072266,0,5.479988
ATT,5519988,10.170000076293945,10.179798126220703,-10.609999656677246,-10.611087799072266,0.0,25.54730796813965,0,5.519988
ATT,5559988,10.219999313354492,10.225211143493652,-10.59000015258789,-10.590949058532715,0.0,25.6363525390625,0,5.559988
ATT,5599988,10.269999504089355,10.270146369934082,-10.569999694824219,-10.57158374786377,0.0,25.727291107177734,0,5.599988
ATT,5639988,10.309999465942383,10.314949035644531,-10.550000190734863,-10.552547454833984,0.0,25.81715965270996,0,5.639988
ATT,5679988,10.359999656677246,10.360259056091309,-10.529999732971191,-10.533951759338379,0.0,25.906509399414062,0,5.679988
ATT,5719988,10.399999618530273,10.405714988708496,-10.510000228881836,-10.51560115814209,0.0,25.99542999267578,0,5.719988
ATT,5759988,10.449999809265137,10.450482368469238,-10.489999771118164,-10.497218132019043,0.0,26.0828857421875,0,5.759988
ATT,5799988,10.489999771118164,10.493287086486816,-10.469999313354492,-10.479327201843262,0.0,26.175588607788086,0,5.799988
ATT,5839988,10.529999732971191,10.536333084106445,-10.460000038146973,-10.462220191955566,0.0,26.267133712768555,0,5.839988
ATT,5879988,10.569999694824219,10.579498291015625,-10.4399995803833,-10.44595718383789,0.0,26.35786247253418,0,5.879988
ATT,5919988,10.619999885559082,10.622710227966309,-10.420000076293945,-10.429892539978027,0.0,26.44861602783203,0,5.919988
ATT,5959988,10.65999984741211,10.665945053100586,-10.40999984741211,-10.41390323638916,0.0,26.537872314453125,0,5.959988
ATT,5999988,10.699999809265137,10.707565307617188,-10.389999389648438,-10.394960403442383,0.0,26.627290725708008,0,5.999988
ATT,6039988,10.739999771118164,10.749471664428711,-10.369999885559082,-10.376138687133789,0.0,26.71554183959961,0,6.039988
ATT,6079988,10.789999961853027,10.791067123413086,-10.34999942779541,-10.358796119689941,0.0,26.805904388427734,0,6.079988
ATT,6119988,10.829999923706055,10.832322120666504,-10.34000015258789,-10.342334747314453,0.0,26.898609161376953,0,6.119988
ATT,6159988,10.869999885559082,10.873861312866211,-10.319999694824219,-10.326461791992188,0.0,26.98929786682129,0,6.159988
ATT,6199988,10.90999984741211,10.91318130493164,-10.309999465942383,-10.313023567199707,0.0,27.085561752319336,0,6.199988
ATT,6239988,10.949999809265137,10.952033042907715,-10.300000190734863,-10.300575256347656,0.0,27.180025100708008,0,6.239988
ATT,6279988,10.989999771118164,10.99150276184082,-10.279999732971191,-10.288474082946777,0.0,27.270776748657227,0,6.279988
ATT,6319988,11.029999732971191,11.031639099121094,-10.269999504089355,-10.276274681091309,0.0,27.358570098876953,0,6.319988
ATT,6359988,11.069999694824219,11.071927070617676,-10.260000228881836,-10.264544486999512,0.0,27.444744110107422,0,6.359988
ATT,6399988,11.109999656677246,11.111990928649902,-10.25,-10.254671096801758,0.0,27.534137725830078,0,6.399988
ATT,6439988,11.139999389648438,11.149880409240723,-10.239999771118164,-10.244205474853516,0.0,27.62217140197754,0,6.439988
ATT,6479988,11.179999351501465,11.188372611999512,-10.229999542236328,-10.234515190124512,0.0,27.707862854003906,0,6.479988
ATT,6519988,11.219999313354492,11.227540969848633,-10.219999313354492,-10.224909782409668,0.0,27.79096031188965,0,6.519988
ATT,6559988,11.25999927520752,11.26675033569336,-10.210000038146973,-10.215597152709961,0.0,27.87346649169922,0,6.559988
ATT,6599988,11.300000190734863,11.305349349975586,-10.199999809265137,-10.208328247070312,0.0,27.959285736083984,0,6.599988
ATT,6639988,11.34000015258789,11.342874526977539,-10.199999809265137,-10.201054573059082,0.0,28.043781280517578,0,6.639988
ATT,6679988,11.369999885559082,11.378253936767578,-10.1899995803833,-10.194520950317383,0.0,28.130699157714844,0,6.679988
ATT,6719988,11.40999984741211,11.413458824157715,-10.179999351501465,-10.1895112991333,0.0,28.21954345703125,0,6.719988
ATT,6759988,11.4399995803833,11.448699951171875,-10.179999351501465,-10.1854887008667,0.0,28.307159423828125,0,6.759988
ATT,6799988,11.479999542236328,11.484323501586914,-10.179999351501465,-10.181941986083984,0.0,28.393600463867188,0,6.799988
ATT,6839988,11.519999504089355,11.520315170288086,-10.170000076293945,-10.178537368774414,0.0,28.478776931762695,0,6.839988
ATT,6879988,11.550000190734863,11.554527282714844,-10.170000076293945,-10.175032615661621,0.0,28.5643367767334,0,6.879988
ATT,6919988,11.579999923706055,11.588892936706543,-10.170000076293945,-10.172836303710938,0.0,28.65031623840332,0,6.919988
ATT,6959988,11.619999885559082,11.623705863952637,-10.170000076293945,-10.171180725097656,0.0,28.734724044799805,0,6.959988
ATT,6999988,11.649999618530273,11.658207893371582,-10.170000076293945,-10.171104431152344,0.0,28.821149826049805,0,6.999988
ATT,7039988,11.6899995803833,11.69290542602539,-10.170000076293945,-10.171356201171875,0.0,28.90656089782715,0,7.039988
ATT,7079988,11.719999313354492,11.725335121154785,-10.170000076293945,-10.170000076293945,0.0,28.992761611938477,0,7.079988
ATT,7119988,11.75,11.755497932434082,-10.15999984741211,-10.166589736938477,0.0,29.079959869384766,0,7.119988
ATT,7159988,11.779999732971191,11.786145210266113,-10.15999984741211,-10.163734436035156,0.0,29.165388107299805,0,7.159988
ATT,7199988,11.809999465942383,11.816488265991211,-10.15999984741211,-10.163287162780762,0.0,29.2545108795166,0,7.199988
ATT,7239988,11.84000015258789,11.846902847290039,-10.15999984741211,-10.162612915039062,0.0,29.342668533325195,0,7.239988
ATT,7279988,11.869999885559082,11.877260208129883,-10.15999984741211,-10.163482666015625,0.0,29.429262161254883,0,7.279988
ATT,7319988,11.899999618530273,11.906639099121094,-10.15999984741211,-10.167819023132324,0.0,29.515451431274414,0,7.319988
ATT,7359988,11.929999351501465,11.936763763427734,-10.170000076293945,-10.173022270202637,0.0,29.600088119506836,0,7.359988
ATT,7399988,11.960000038146973,11.966874122619629,-10.170000076293945,-10.179073333740234,0.0,29.682876586914062,0,7.399988
ATT,7439988,11.989999771118164,11.997320175170898,-10.179999351501465,-10.185508728027344,0.0,29.76412582397461,0,7.439988
ATT,7479988,12.019999504089355,12.027399063110352,-10.1899995803833,-10.193387031555176,0.0,29.847248077392578,0,7.479988
ATT,7519988,12.050000190734863,12.056075096130371,-10.199999809265137,-10.201756477355957,0.0,29.931896209716797,0,7.519988
ATT,7559988,12.079999923706055,12.083847999572754,-10.210000038146973,-10.210485458374023,0.0,30.015377044677734,0,7.559988
ATT,7599988,12.109999656677246,12.111689567565918,-10.219999313354492,-10.220706939697266,0.0,30.10184097290039,0,7.599988
ATT,7639988,12.130000114440918,12.139184951782227,-10.229999542236328,-10.232203483581543,0.0,30.18644905090332,0,7.639988
ATT,7679988,12.15999984741211,12.167028427124023,-10.239999771118164,-10.244123458862305,0.0,30.2696590423584,0,7.679988
ATT,7719988,12.1899995803833,12.194758415222168,-10.25,-10.256592750549316,0.0,30.351869583129883,0,7.719988
ATT,7759988,12.219999313354492,12.22165584564209,-10.260000228881836,-10.267505645751953,0.0,30.433210372924805,0,7.759988
ATT,7799988,12.239999771118164,12.24846363067627,-10.269999504089355,-10.279972076416016,0.0,30.514999389648438,0,7.799988
ATT,7839988,12.269999504089355,12.275494575500488,-10.289999961853027,-10.293305397033691,0.0,30.595264434814453,0,7.839988
ATT,7879988,12.300000190734863,12.302549362182617,-10.300000190734863,-10.307188034057617,0.0,30.675006866455078,0,7.879988
ATT,7919988,12.319999694824219,12.32917594909668,-10.319999694824219,-10.321996688842773,0.0,30.75443458557129,0,7.919988
ATT,7959988,12.34999942779541,12.355212211608887,-10.329999923706055,-10.337517738342285,0.0,30.83324432373047,0,7.959988
ATT,7999988,12.369999885559082,12.379941940307617,-10.34999942779541,-10.354422569274902,0.0,30.913469314575195,0,7.999988
ATT,8039988,12.399999618530273,12.404638290405273,-10.369999885559082,-10.37207317352295,0.0,30.9926815032959,0,8.039988
ATT,8079988,12.420000076293945,12.429457664489746,-10.389999389648438,-10.390518188476562,0.0,31.07305335998535,0,8.079988
ATT,8119988,12.449999809265137,12.453980445861816,-10.40999984741211,-10.410067558288574,0.0,31.154556274414062,0,8.119988
ATT,8159988,12.469999313354492,12.47848892211914,-10.420000076293945,-10.429838180541992,0.0,31.234600067138672,0,8.159988
ATT,8199988,12.5,12.501490592956543,-10.4399995803833,-10.4462251663208,0.0,31.316715240478516,0,8.199988
ATT,8239988,12.519999504089355,12.524903297424316,-10.460000038146973,-10.46359634399414,0.0,31.397541046142578,0,8.239988
ATT,8279988,12.539999961853027,12.548666954040527,-10.479999542236328,-10.481294631958008,0.0,31.478008270263672,0,8.279988
ATT,8319988,12.569999694824219,12.572474479675293,-10.489999771118164,-10.499932289123535,0.0,31.557098388671875,0,8.319988
ATT,8359988,12.59000015258789,12.59633731842041,-10.510000228881836,-10.518800735473633,0.0,31.635507583618164,0,8.359988
ATT,8399988,12.609999656677246,12.619546890258789,-10.529999732971191,-10.53948974609375,0.0,31.714609146118164,0,8.399988
ATT,8439988,12.639999389648438,12.641996383666992,-10.559999465942383,-10.56169319152832,0.0,31.792675018310547,0,8.439988
ATT,8479988,12.65999984741211,12.664275169372559,-10.579999923706055,-10.584211349487305,0.0,31.869749069213867,0,8.479988
ATT,8519988,12.679999351501465,12.686956405639648,-10.59999942779541,-10.607542037963867,0.0,31.945905685424805,0,8.519988
ATT,8559988,12.699999809265137,12.70969009399414,-10.630000114440918,-10.631139755249023,0.0,32.02106475830078,0,8.559988
ATT,8599988,12.729999542236328,12.731583595275879,-10.649999618530273,-10.656341552734375,0.0,32.1004753112793,0,8.599988
ATT,8639988,12.75,12.752129554748535,-10.679999351501465,-10.6815824508667,0.0,32.17919158935547,0,8.639988
ATT,8679988,12.769999504089355,12.772865295410156,-10.699999809265137,-10.706466674804688,0.0,32.25572204589844,0,8.679988
ATT,8719988,12.789999961853027,12.794097900390625,-10.729999542236328,-10.731562614440918,0.0,32.33054733276367,0,8.719988
ATT,8759988,12.809999465942383,12.815263748168945,-10.75,-10.756994247436523,0.0,32.40455627441406,0,8.759988
ATT,8799988,12.829999923706055,12.835709571838379,-10.779999732971191,-10.784112930297852,0.0,32.48292922973633,0,8.799988
ATT,8839988,12.84999942779541,12.855844497680664,-10.809999465942383,-10.811029434204102,0.0,32.56011962890625,0,8.839988
ATT,8879988,12.869999885559082,12.876151084899902,-10.829999923706055,-10.83745002746582,0.0,32.63461685180664,0,8.879988
ATT,8919988,12.889999389648438,12.896509170532227,-10.859999656677246,-10.863819122314453,0.0,32.7071533203125,0,8.919988
ATT,8959988,12.90999984741211,12.916678428649902,-10.889999389648438,-10.890314102172852,0.0,32.77927780151367,0,8.959988
ATT,8999988,12.929999351501465,12.936657905578613,-10.90999984741211,-10.917591094970703,0.0,32.85362243652344,0,8.999988
ATT,9039988,12.949999809265137,12.956324577331543,-10.9399995803833,-10.94532585144043,0.0,32.92729568481445,0,9.039988
ATT,9079988,12.969999313354492,12.97470474243164,-10.969999313354492,-10.971684455871582,0.0,33.001930236816406,0,9.079988
ATT,9119988,12.989999771118164,12.993376731872559,-10.989999771118164,-10.998394966125488,0.0,33.076168060302734,0,9.119988
ATT,9159988,13.00999927520752,13.011584281921387,-11.019999504089355,-11.02499008178711,0.0,33.149539947509766,0,9.159988
ATT,9199988,13.019999504089355,13.02950382232666,-11.050000190734863,-11.052583694458008,0.0,33.224815368652344,0,9.199988
ATT,9239988,13.039999961853027,13.047642707824707,-11.069999694824219,-11.079981803894043,0.0,33.29941177368164,0,9.239988
ATT,9279988,13.059999465942383,13.0648832321167,-11.09999942779541,-11.107436180114746,0.0,33.375118255615234,0,9.279988
ATT,9319988,13.079999923706055,13.081517219543457,-11.130000114440918,-11.135533332824707,0.0,33.451934814453125,0,9.319988
ATT,9359988,13.09000015258789,13.0984468460083,-11.15999984741211,-11.163434028625488,0.0,33.52785873413086,0,9.359988
ATT,9399988,13.109999656677246,13.115275382995605,-11.1899995803833,-11.19151496887207,0.0,33.60298538208008,0,9.399988
ATT,9439988,13.130000114440918,13.132326126098633,-11.210000038146973,-11.219572067260742,0.0,33.677391052246094,0,9.439988
ATT,9479988,13.139999389648438,13.149545669555664,-11.239999771118164,-11.247930526733398,0.0,33.751136779785156,0,9.479988
ATT,9519988,13.15999984741211,13.166348457336426,-11.269999504089355,-11.276432991027832,0.0,33.82478332519531,0,9.519988
ATT,9559988,13.179999351501465,13.18331527709961,-11.300000190734863,-11.304661750793457,0.0,33.89744186401367,0,9.559988
ATT,9599988,13.199999809265137,13.200700759887695,-11.329999923706055,-11.332942008972168,0.0,33.9700927734375,0,9.599988
ATT,9639988,13.210000038146973,13.217301368713379,-11.359999656677246,-11.361165046691895,0.0,34.04238510131836,0,9.639988
ATT,9679988,13.229999542236328,13.233893394470215,-11.380000114440918,-11.389472007751465,0.0,34.11449432373047,0,9.679988
ATT,9719988,13.25,13.250073432922363,-11.40999984741211,-11.417864799499512,0.0,34.186580657958984,0,9.719988
ATT,9759988,13.25,13.256142616271973,-11.4399995803833,-11.445606231689453,0.0,34.26021957397461,0,9.759988
ATT,9799988,13.25,13.25582504272461,-11.469999313354492,-11.470457077026367,0.0,34.32236862182617,0,9.799988
ATT,9839988,13.25,13.255433082580566,-11.489999771118164,-11.495237350463867,0.0,34.384544372558594,0,9.839988
ATT,9879988,13.25,13.255304336547852,-11.50999927520752,-11.519824981689453,0.0,34.44528579711914,0,9.879988
ATT,9919988,13.25,13.25498104095459,-11.539999961853027,-11.544029235839844,0.0,34.50510025024414,0,9.919988
ATT,9959988,13.25,13.25437068939209,-11.559999465942383,-11.566121101379395,0.0,34.5655632019043,0,9.959988
ATT,9999988,13.25,13.253466606140137,-11.579999923706055,-11.585149765014648,0.0,34.62432098388672,0,9.999988
ATT,10039988,13.25,13.252092361450195,-11.59999942779541,-11.604347229003906,0.0,34.683536529541016,0,10.039988
ATT,10079988,13.25,13.250565528869629,-11.619999885559082,-11.623398780822754,0.0,34.74320983886719,0,10.079988
ATT,10119988,13.239999771118164,13.248988151550293,-11.639999389648438,-11.642425537109375,0.0,34.8033332824707,0,10.119988
ATT,10159988,13.25,13.252761840820312,-11.65999984741211,-11.667134284973145,0.0,34.86286163330078,0,10.159988
ATT,10199988,13.25999927520752,13.261627197265625,-11.6899995803833,-11.697857856750488,0.0,34.9234733581543,0,10.199988
ATT,10239988,13.269999504089355,13.270392417907715,-11.719999313354492,-11.728568077087402,0.0,34.984249114990234,0,10.239988
ATT,10279988,13.269999504089355,13.279539108276367,-11.75,-11.758476257324219,0.0,35.04337692260742,0,10.279988
ATT,10319988,13.279999732971191,13.289141654968262,-11.779999732971191,-11.788414001464844,0.0,35.10073471069336,0,10.319988
ATT,10359988,13.279999732971191,13.28928279876709,-11.789999961853027,-11.798770904541016,0.0,35.161190032958984,0,10.359988
ATT,10399988,13.279999732971191,13.280390739440918,-11.779999732971191,-11.789349555969238,0.0,35.22401428222656,0,10.399988
ATT,10439988,13.269999504089355,13.271419525146484,-11.769999504089355,-11.77960205078125,0.0,35.287113189697266,0,10.439988
ATT,10479988,13.25999927520752,13.2631196975708,-11.75999927520752,-11.769097328186035,0.0,35.34896469116211,0,10.479988
ATT,10519988,13.25,13.255261421203613,-11.75,-11.759101867675781,0.0,35.410400390625,0,10.519988
ATT,10559988,13.25,13.254032135009766,-11.75999927520752,-11.76636028289795,0.0,35.47029113769531,0,10.559988
ATT,10599988,13.25,13.259709358215332,-11.789999961853027,-11.790770530700684,0.0,35.52937698364258,0,10.599988
ATT,10639988,13.25999927520752,13.265206336975098,-11.809999465942383,-11.815070152282715,0.0,35.58916473388672,0,10.639988
ATT,10679988,13.269999504089355,13.27076530456543,-11.829999923706055,-11.838790893554688,0.0,35.64840316772461,0,10.679988
ATT,10719988,13.269999504089355,13.275910377502441,-11.859999656677246,-11.86266040802002,0.0,35.70759963989258,0,10.719988
ATT,10759988,13.269999504089355,13.276196479797363,-11.889999389648438,-11.899560928344727,0.0,35.76715850830078,0,10.759988
ATT,10799988,13.269999504089355,13.27238655090332,-11.9399995803833,-11.947863578796387,0.0,35.82246017456055,0,10.799988
ATT,10839988,13.25999927520752,13.268308639526367,-11.989999771118164,-11.995965003967285,0.0,35.87874221801758,0,10.839988
ATT,10879988,13.25999927520752,13.263666152954102,-12.039999961853027,-12.044052124023438,0.0,35.93559646606445,0,10.879988
ATT,10919988,13.25,13.258487701416016,-12.09000015258789,-12.091896057128906,0.0,35.99372863769531,0,10.919988
ATT,10959988,13.239999771118164,13.24631404876709,-12.109999656677246,-12.110569953918457,0.0,36.05491256713867,0,10.959988
ATT,10999988,13.219999313354492,13.226578712463379,-12.09999942779541,-12.100051879882812,0.0,36.120689392089844,0,10.999988
ATT,11039988,13.199999809265137,13.206778526306152,-12.079999923706055,-12.088946342468262,0.0,36.186805725097656,0,11.039988
ATT,11079988,13.179999351501465,13.187723159790039,-12.069999694824219,-12.077296257019043,0.0,36.25149154663086,0,11.079988
ATT,11119988,13.15999984741211,13.16846752166748,-12.059999465942383,-12.065279006958008,0.0,36.3147087097168,0,11.119988
ATT,11159988,13.15999984741211,13.160812377929688,-12.059999465942383,-12.062426567077637,0.0,36.37641525268555,0,11.159988
ATT,11199988,13.15999984741211,13.165372848510742,-12.059999465942383,-12.068563461303711,0.0,36.43463134765625,0,11.199988
ATT,11239988,13.15999984741211,13.16939926147461,-12.069999694824219,-12.074300765991211,0.0,36.49351119995117,0,11.239988
ATT,11279988,13.170000076293945,13.173328399658203,-12.069999694824219,-12.07931137084961,0.0,36.55173110961914,0,11.279988
ATT,11319988,13.170000076293945,13.177584648132324,-12.079999923706055,-12.08381462097168,0.0,36.60862731933594,0,11.319988
ATT,11359988,13.170000076293945,13.178569793701172,-12.09999942779541,-12.104724884033203,0.0,36.66592788696289,0,11.359988
ATT,11399988,13.170000076293945,13.17513370513916,-12.139999389648438,-12.141368865966797,0.0,36.72412872314453,0,11.399988
ATT,11439988,13.170000076293945,13.171754837036133,-12.170000076293945,-12.177937507629395,0.0,36.782920837402344,0,11.439988
ATT,11479988,13.15999984741211,13.168391227722168,-12.210000038146973,-12.214022636413574,0.0,36.84272766113281,0,11.479988
ATT,11519988,13.15999984741211,13.164920806884766,-12.25,-12.250272750854492,0.0,36.90308380126953,0,11.519988
ATT,11559988,13.15999984741211,13.162935256958008,-12.269999504089355,-12.274237632751465,0.0,36.96437072753906,0,11.559988
ATT,11599988,13.15999984741211,13.163376808166504,-12.279999732971191,-12.285325050354004,0.0,37.02369689941406,0,11.599988
ATT,11639988,13.15999984741211,13.162997245788574,-12.289999961853027,-12.296485900878906,0.0,37.08379364013672,0,11.639988
ATT,11679988,13.15999984741211,13.162446975708008,-12.300000190734863,-12.307043075561523,0.0,37.14317321777344,0,11.679988
ATT,11719988,13.15999984741211,13.162369728088379,-12.309999465942383,-12.31671142578125,0.0,37.20167922973633,0,11.719988
ATT,11759988,13.149999618530273,13.158060073852539,-12.309999465942383,-12.313748359680176,0.0,37.26247024536133,0,11.759988
ATT,11799988,13.149999618530273,13.150311470031738,-12.289999961853027,-12.297402381896973,0.0,37.32280731201172,0,11.799988
ATT,11839988,13.139999389648438,13.142329216003418,-12.279999732971191,-12.280963897705078,0.0,37.38387680053711,0,11.839988
ATT,11879988,13.130000114440918,13.133976936340332,-12.25999927520752,-12.264050483703613,0.0,37.44477081298828,0,11.879988
ATT,11919988,13.119999885559082,13.12614631652832,-12.239999771118164,-12.246759414672852,0.0,37.50519561767578,0,11.919988
ATT,11959988,13.119999885559082,13.12170124053955,-12.239999771118164,-12.240008354187012,0.0,37.5654296875,0,11.959988
ATT,11999988,13.119999885559082,13.121223449707031,-12.239999771118164,-12.243578910827637,0.0,37.62436294555664,0,11.999988
ATT,12039988,13.119999885559082,13.120685577392578,-12.239999771118164,-12.247285842895508,0.0,37.683895111083984,0,12.039988
ATT,12079988,13.109999656677246,13.119901657104492,-12.25,-12.250242233276367,0.0,37.74361801147461,0,12.079988
ATT,12119988,13.109999656677246,13.118670463562012,-12.25,-12.253327369689941,0.0,37.80402374267578,0,12.119988
ATT,12159988,13.119999885559082,13.123199462890625,-12.25999927520752,-12.263011932373047,0.0,37.86476516723633,0,12.159988
ATT,12199988,13.130000114440918,13.134410858154297,-12.269999504089355,-12.278512954711914,0.0,37.92134094238281,0,12.199988
ATT,12239988,13.139999389648438,13.145575523376465,-12.289999961853027,-12.293561935424805,0.0,37.97905731201172,0,12.239988
ATT,12279988,13.149999618530273,13.156036376953125,-12.300000190734863,-12.308406829833984,0.0,38.03639221191406,0,12.279988
ATT,12319988,13.15999984741211,13.167064666748047,-12.319999694824219,-12.322773933410645,0.0,38.09369659423828,0,12.319988
ATT,12359988,13.15999984741211,13.16519832611084,-12.329999923706055,-12.339021682739258,0.0,38.15369415283203,0,12.359988
ATT,12399988,13.149999618530273,13.150246620178223,-12.34999942779541,-12.358080863952637,0.0,38.21677017211914,0,12.399988
ATT,12439988,13.130000114440918,13.134660720825195,-12.369999885559082,-12.376924514770508,0.0,38.28055953979492,0,12.439988
ATT,12479988,13.109999656677246,13.11972713470459,-12.389999389648438,-12.395174026489258,0.0,38.343544006347656,0,12.479988
ATT,12519988,13.09999942779541,13.104790687561035,-12.40999984741211,-12.41310977935791,0.0,38.405574798583984,0,12.519988
ATT,12559988,13.09999942779541,13.104480743408203,-12.40999984741211,-12.413219451904297,0.0,38.46707534790039,0,12.559988
ATT,12599988,13.109999656677246,13.11913776397705,-12.389999389648438,-12.395203590393066,0.0,38.52507400512695,0,12.599988
ATT,12639988,13.130000114440918,13.13341236114502,-12.369999885559082,-12.37734317779541,0.0,38.584068298339844,0,12.639988
ATT,12679988,13.139999389648438,13.147418022155762,-12.34999942779541,-12.359065055847168,0.0,38.6439323425293,0,12.679988
ATT,12719988,13.15999984741211,13.161335945129395,-12.34000015258789,-12.340680122375488,0.0,38.70480728149414,0,12.719988
ATT,12759988,13.15999984741211,13.16551399230957,-12.319999694824219,-12.32616901397705,0.0,38.7676887512207,0,12.759988
ATT,12799988,13.15999984741211,13.16055679321289,-12.309999465942383,-12.314301490783691,0.0,38.83015060424805,0,12.799988
ATT,12839988,13.149999618530273,13.15539836883545,-12.300000190734863,-12.30228042602539,0.0,38.8928108215332,0,12.839988
ATT,12879988,13.149999618530273,13.150094985961914,-12.289999961853027,-12.290119171142578,0.0,38.95597457885742,0,12.879988
ATT,12919988,13.139999389648438,13.144293785095215,-12.269999504089355,-12.277997970581055,0.0,39.01968765258789,0,12.919988
ATT,12959988,13.130000114440918,13.13408088684082,-12.269999504089355,-12.279753684997559,0.0,39.084251403808594,0,12.959988
ATT,12999988,13.109999656677246,13.119914054870605,-12.289999961853027,-12.293909072875977,0.0,39.1461067199707,0,12.999988
ATT,13039988,13.09999942779541,13.105852127075195,-12.300000190734863,-12.308109283447266,0.0,39.20867919921875,0,13.039988
ATT,13079988,13.09000015258789,13.09167766571045,-12.319999694824219,-12.321415901184082,0.0,39.27027130126953,0,13.079988
ATT,13119988,13.069999694824219,13.078335762023926,-12.329999923706055,-12.3342924118042,0.0,39.33056640625,0,13.119988
ATT,13159988,13.059999465942383,13.067055702209473,-12.319999694824219,-12.323384284973145,0.0,39.39338684082031,0,13.159988
ATT,13199988,13.049999237060547,13.05776309967041,-12.279999732971191,-12.28797435760498,0.0,39.455902099609375,0,13.199988
ATT,13239988,13.039999961853027,13.048881530761719,-12.25,-12.252756118774414,0.0,39.51896667480469,0,13.239988
ATT,13279988,13.029999732971191,13.039971351623535,-12.210000038146973,-12.21710205078125,0.0,39.582801818847656,0,13.279988
ATT,13319988,13.029999732971191,13.030684471130371,-12.179999351501465,-12.181058883666992,0.0,39.64713668823242,0,13.319988
ATT,13359988,13.019999504089355,13.022425651550293,-12.15999984741211,-12.164273262023926,0.0,39.710941314697266,0,13.359988
ATT,13399988,13.00999927520752,13.014998435974121,-12.15999984741211,-12.166504859924316,0.0,39.773193359375,0,13.399988
ATT,13439988,13.0,13.006937980651855,-12.15999984741211,-12.16934585571289,0.0,39.836082458496094,0,13.439988
ATT,13479988,12.989999771118164,12.999783515930176,-12.170000076293945,-12.171221733093262,0.0,39.895751953125,0,13.479988
ATT,13519988,12.989999771118164,12.992805480957031,-12.170000076293945,-12.172011375427246,0.0,39.95267868041992,0,13.519988
ATT,13559988,12.989999771118164,12.991438865661621,-12.15999984741211,-12.168920516967773,0.0,40.01089096069336,0,13.559988
ATT,13599988,12.989999771118164,12.9956636428833,-12.15999984741211,-12.161270141601562,0.0,40.06916427612305,0,13.599988
ATT,13639988,12.989999771118164,12.999457359313965,-12.149999618530273,-12.15384578704834,0.0,40.12788391113281,0,13.639988
ATT,13679988,13.0,13.003844261169434,-12.139999389648438,-12.146136283874512,0.0,40.18552017211914,0,13.679988
ATT,13719988,13.0,13.008617401123047,-12.130000114440918,-12.137662887573242,0.0,40.241519927978516,0,13.719988
ATT,13759988,13.00999927520752,13.012616157531738,-12.130000114440918,-12.131654739379883,0.0,40.29838562011719,0,13.759988
ATT,13799988,13.00999927520752,13.016337394714355,-12.119999885559082,-12.127225875854492,0.0,40.35423278808594,0,13.799988
ATT,13839988,13.019999504089355,13.02001667022705,-12.119999885559082,-12.1228609085083,0.0,40.41104507446289,0,13.839988
ATT,13879988,13.019999504089355,13.023199081420898,-12.109999656677246,-12.118959426879883,0.0,40.469051361083984,0,13.879988
ATT,13919988,13.019999504089355,13.026082038879395,-12.109999656677246,-12.114664077758789,0.0,40.528228759765625,0,13.919988
ATT,13959988,13.019999504089355,13.024170875549316,-12.09999942779541,-12.10367202758789,0.0,40.58934020996094,0,13.959988
ATT,13999988,13.00999927520752,13.019058227539062,-12.079999923706055,-12.083842277526855,0.0,40.646827697753906,0,13.999988
ATT,14039988,13.00999927520752,13.013612747192383,-12.059999465942383,-12.064606666564941,0.0,40.705665588378906,0,14.039988
ATT,14079988,13.0,13.008194923400879,-12.039999961853027,-12.044877052307129,0.0,40.76357650756836,0,14.079988
ATT,14119988,13.0,13.002753257751465,-12.019999504089355,-12.024813652038574,0.0,40.82093811035156,0,14.119988
ATT,14159988,12.989999771118164,12.995868682861328,-12.0,-12.008654594421387,0.0,40.879451751708984,0,14.159988
ATT,14199988,12.979999542236328,12.988643646240234,-11.989999771118164,-11.995684623718262,0.0,40.93278503417969,0,14.199988
ATT,14239988,12.979999542236328,12.98110294342041,-11.979999542236328,-11.98237419128418,0.0,40.98748016357422,0,14.239988
ATT,14279988,12.969999313354492,12.973173141479492,-11.960000038146973,-11.96958065032959,0.0,41.043460845947266,0,14.279988
ATT,14319988,12.960000038146973,12.964627265930176,-11.949999809265137,-11.95749282836914,0.0,41.10030746459961,0,14.319988
ATT,14359988,12.960000038146973,12.967290878295898,-11.949999809265137,-11.955850601196289,0.0,41.15631866455078,0,14.359988
ATT,14399988,12.979999542236328,12.98166561126709,-11.960000038146973,-11.965001106262207,0.0,41.207454681396484,0,14.399988
ATT,14439988,12.989999771118164,12.99576473236084,-11.969999313354492,-11.974569320678711,0.0,41.26001739501953,0,14.439988
ATT,14479988,13.0,13.009982109069824,-11.979999542236328,-11.984223365783691,0.0,41.312217712402344,0,14.479988
ATT,14519988,13.019999504089355,13.02439022064209,-11.989999771118164,-11.994067192077637,0.0,41.36492156982422,0,14.519988
ATT,14559988,13.029999732971191,13.038252830505371,-11.989999771118164,-11.991975784301758,0.0,41.41940689086914,0,14.559988
ATT,14599988,13.049999237060547,13.051895141601562,-11.969999313354492,-11.976780891418457,0.0,41.47119903564453,0,14.599988
ATT,14639988,13.059999465942383,13.065336227416992,-11.960000038146973,-11.96173095703125,0.0,41.52376937866211,0,14.639988
ATT,14679988,13.069999694824219,13.078590393066406,-11.9399995803833,-11.947102546691895,0.0,41.577484130859375,0,14.679988
ATT,14719988,13.09000015258789,13.091695785522461,-11.929999351501465,-11.932817459106445,0.0,41.6319694519043,0,14.719988
ATT,14759988,13.09000015258789,13.096851348876953,-11.920000076293945,-11.922159194946289,0.0,41.68837356567383,0,14.759988
ATT,14799988,13.09000015258789,13.094294548034668,-11.90999984741211,-11.914613723754883,0.0,41.74555206298828,0,14.799988
ATT,14839988,13.09000015258789,13.091628074645996,-11.899999618530273,-11.907217979431152,0.0,41.804019927978516,0,14.839988
ATT,14879988,13.079999923706055,13.089420318603516,-11.889999389648438,-11.899714469909668,0.0,41.86022186279297,0,14.879988
ATT,14919988,13.079999923706055,13.087496757507324,-11.889999389648438,-11.892133712768555,0.0,41.91440200805664,0,14.919988
ATT,14959988,13.079999923706055,13.080971717834473,-11.880000114440918,-11.888824462890625,0.0,41.970096588134766,0,14.959988
ATT,14999988,13.069999694824219,13.070900917053223,-11.880000114440918,-11.889634132385254,0.0,42.02394104003906,0,14.999988
ATT,15039988,13.059999465942383,13.060311317443848,-11.889999389648438,-11.891129493713379,0.0,42.079193115234375,0,15.039988
ATT,15079988,13.049999237060547,13.050168991088867,-11.889999389648438,-11.892298698425293,0.0,42.133670806884766,0,15.079988
ATT,15119988,13.039999961853027,13.040023803710938,-11.889999389648438,-11.893611907958984,0.0,42.187835693359375,0,15.119988
ATT,15159988,13.029999732971191,13.030497550964355,-11.880000114440918,-11.887279510498047,0.0,42.24312210083008,0,15.159988
ATT,15199988,13.019999504089355,13.021295547485352,-11.869999885559082,-11.873294830322266,0.0,42.29875183105469,0,15.199988
ATT,15239988,13.00999927520752,13.011553764343262,-11.84999942779541,-11.859687805175781,0.0,42.3560791015625,0,15.239988
ATT,15279988,13.0,13.002379417419434,-11.84000015258789,-11.84560489654541,0.0,42.41206741333008,0,15.279988
ATT,15319988,12.989999771118164,12.993531227111816,-11.829999923706055,-11.831722259521484,0.0,42.467288970947266,0,15.319988
ATT,15359988,12.989999771118164,12.995340347290039,-11.809999465942383,-11.814419746398926,0.0,42.522071838378906,0,15.359988
ATT,15399988,13.0,13.009593963623047,-11.789999961853027,-11.792530059814453,0.0,42.571441650390625,0,15.399988
ATT,15439988,13.019999504089355,13.023763656616211,-11.769999504089355,-11.771198272705078,0.0,42.622093200683594,0,15.439988
ATT,15479988,13.029999732971191,13.038281440734863,-11.739999771118164,-11.74941635131836,0.0,42.67166519165039,0,15.479988
ATT,15519988,13.049999237060547,13.05313491821289,-11.719999313354492,-11.727734565734863,0.0,42.72037124633789,0,15.519988
ATT,15559988,13.049999237060547,13.059398651123047,-11.719999313354492,-11.724308967590332,0.0,42.770851135253906,0,15.559988
ATT,15599988,13.049999237060547,13.057055473327637,-11.729999542236328,-11.739002227783203,0.0,42.822566986083984,0,15.599988
ATT,15639988,13.049999237060547,13.054335594177246,-11.75,-11.754523277282715,0.0,42.87548065185547,0,15.639988
ATT,15679988,13.049999237060547,13.051716804504395,-11.769999504089355,-11.770111083984375,0.0,42.92755126953125,0,15.679988
ATT,15719988,13.039999961853027,13.049227714538574,-11.779999732971191,-11.785476684570312,0.0,42.97895431518555,0,15.719988
ATT,15759988,13.039999961853027,13.047286033630371,-11.779999732971191,-11.787162780761719,0.0,43.03274154663086,0,15.759988
ATT,15799988,13.039999961853027,13.046963691711426,-11.769999504089355,-11.773402214050293,0.0,43.08322525024414,0,15.799988
ATT,15839988,13.039999961853027,13.046223640441895,-11.75,-11.759834289550781,0.0,43.13502883911133,0,15.839988
ATT,15879988,13.039999961853027,13.045846939086914,-11.739999771118164,-11.74638843536377,0.0,43.18577575683594,0,15.879988
ATT,15919988,13.039999961853027,13.045709609985352,-11.729999542236328,-11.733053207397461,0.0,43.23615646362305,0,15.919988
ATT,15959988,13.029999732971191,13.036665916442871,-11.710000038146973,-11.719499588012695,0.0,43.2893180847168,0,15.959988
ATT,15999988,13.00999927520752,13.019704818725586,-11.699999809265137,-11.705650329589844,0.0,43.34291458129883,0,15.999988
ATT,16039988,13.0,13.00234603881836,-11.6899995803833,-11.69218921661377,0.0,43.39787673950195,0,16.039988
ATT,16079988,12.979999542236328,12.98554515838623,-11.670000076293945,-11.678483009338379,0.0,43.45173263549805,0,16.079988
ATT,16119988,12.960000038146973,12.969315528869629,-11.65999984741211,-11.665044784545898,0.0,43.504364013671875,0,16.119988
ATT,16159988,12.969999313354492,12.970186233520508,-11.649999618530273,-11.659736633300781,0.0,43.555606842041016,0,16.159988
ATT,16199988,12.979999542236328,12.989401817321777,-11.65999984741211,-11.661404609680176,0.0,43.5998649597168,0,16.199988
ATT,16239988,13.0,13.007939338684082,-11.65999984741211,-11.663355827331543,0.0,43.64579772949219,0,16.239988
ATT,16279988,13.019999504089355,13.026641845703125,-11.65999984741211,-11.665193557739258,0.0,43.69077682495117,0,16.279988
ATT,16319988,13.039999961853027,13.046136856079102,-11.65999984741211,-11.667231559753418,0.0,43.73421859741211,0,16.319988
ATT,16359988,13.049999237060547,13.052451133728027,-11.670000076293945,-11.673454284667969,0.0,43.78068923950195,0,16.359988
ATT,16399988,13.039999961853027,13.046574592590332,-11.679999351501465,-11.683004379272461,0.0,43.82801055908203,0,16.399988
ATT,16439988,13.039999961853027,13.040719032287598,-11.6899995803833,-11.692617416381836,0.0,43.876895904541016,0,16.439988
ATT,16479988,13.029999732971191,13.034801483154297,-11.699999809265137,-11.702604293823242,0.0,43.92533874511719,0,16.479988
ATT,16519988,13.019999504089355,13.02941608428955,-11.710000038146973,-11.712615013122559,0.0,43.97238540649414,0,16.519988
ATT,16559988,13.029999732971191,13.030771255493164,-11.719999313354492,-11.722692489624023,0.0,44.019981384277344,0,16.559988
ATT,16599988,13.039999961853027,13.040486335754395,-11.729999542236328,-11.732094764709473,0.0,44.06312561035156,0,16.599988
ATT,16639988,13.039999961853027,13.049710273742676,-11.739999771118164,-11.74224853515625,0.0,44.108463287353516,0,16.639988
ATT,16679988,13.049999237060547,13.058541297912598,-11.75,-11.7527437210083,0.0,44.15393829345703,0,16.679988
ATT,16719988,13.059999465942383,13.067313194274902,-11.75999927520752,-11.763141632080078,0.0,44.19976043701172,0,16.719988
ATT,16759988,13.059999465942383,13.068655967712402,-11.75,-11.756987571716309,0.0,44.24924087524414,0,16.759988
ATT,16799988,13.059999465942383,13.063937187194824,-11.729999542236328,-11.733647346496582,0.0,44.29936218261719,0,16.799988
ATT,16839988,13.049999237060547,13.058483123779297,-11.710000038146973,-11.710892677307129,0.0,44.3512077331543,0,16.839988
ATT,16879988,13.049999237060547,13.053878784179688,-11.679999351501465,-11.687705993652344,0.0,44.40068435668945,0,16.879988
ATT,16919988,13.039999961853027,13.049775123596191,-11.65999984741211,-11.664151191711426,0.0,44.448123931884766,0,16.919988
ATT,16959988,13.049999237060547,13.052321434020996,-11.639999389648438,-11.641587257385254,0.0,44.49591064453125,0,16.959988
ATT,16999988,13.059999465942383,13.062593460083008,-11.609999656677246,-11.619704246520996,0.0,44.541385650634766,0,16.999988
ATT,17039988,13.069999694824219,13.072344779968262,-11.59000015258789,-11.598573684692383,0.0,44.58854675292969,0,17.039988
ATT,17079988,13.079999923706055,13.081816673278809,-11.569999694824219,-11.57787799835205,0.0,44.63614273071289,0,17.079988
ATT,17119988,13.09000015258789,13.091424942016602,-11.550000190734863,-11.55703353881836,0.0,44.68421173095703,0,17.119988
ATT,17159988,13.09000015258789,13.091084480285645,-11.559999465942383,-11.56053638458252,0.0,44.73347473144531,0,17.159988
ATT,17199988,13.079999923706055,13.082723617553711,-11.579999923706055,-11.587442398071289,0.0,44.77769470214844,0,17.199988
ATT,17239988,13.069999694824219,13.074195861816406,-11.609999656677246,-11.614910125732422,0.0,44.823543548583984,0,17.239988
ATT,17279988,13.059999465942383,13.065714836120605,-11.639999389648438,-11.64275074005127,0.0,44.869354248046875,0,17.279988
ATT,17319988,13.049999237060547,13.05725383758545,-11.670000076293945,-11.670402526855469,0.0,44.91495132446289,0,17.319988
ATT,17359988,13.049999237060547,13.056580543518066,-11.670000076293945,-11.678078651428223,0.0,44.9613151550293,0,17.359988
ATT,17399988,13.059999465942383,13.06514835357666,-11.65999984741211,-11.664531707763672,0.0,45.00209426879883,0,17.399988
ATT,17439988,13.069999694824219,13.073216438293457,-11.649999618530273,-11.651579856872559,0.0,45.04420471191406,0,17.439988
ATT,17479988,13.079999923706055,13.081404685974121,-11.630000114440918,-11.638021469116211,0.0,45.085899353027344,0,17.479988
ATT,17519988,13.079999923706055,13.089681625366211,-11.619999885559082,-11.624761581420898,0.0,45.12759017944336,0,17.519988
ATT,17559988,13.09000015258789,13.092362403869629,-11.619999885559082,-11.624112129211426,0.0,45.171241760253906,0,17.559988
ATT,17599988,13.079999923706055,13.08983325958252,-11.630000114440918,-11.635294914245605,0.0,45.2140007019043,0,17.599988
ATT,17639988,13.079999923706055,13.086740493774414,-11.639999389648438,-11.646781921386719,0.0,45.258262634277344,0,17.639988
ATT,17679988,13.079999923706055,13.083860397338867,-11.649999618530273,-11.657922744750977,0.0,45.30080795288086,0,17.679988
ATT,17719988,13.079999923706055,13.081533432006836,-11.65999984741211,-11.668837547302246,0.0,45.341827392578125,0,17.719988
ATT,17759988,13.079999923706055,13.085474967956543,-11.65999984741211,-11.665447235107422,0.0,45.384586334228516,0,17.759988
ATT,17799988,13.09000015258789,13.095816612243652,-11.639999389648438,-11.646641731262207,0.0,45.42695236206055,0,17.799988
ATT,17839988,13.09999942779541,13.105598449707031,-11.619999885559082,-11.628332138061523,0.0,45.470863342285156,0,17.839988
ATT,17879988,13.109999656677246,13.116056442260742,-11.59999942779541,-11.609538078308105,0.0,45.513004302978516,0,17.879988
ATT,17919988,13.119999885559082,13.126436233520508,-11.59000015258789,-11.59056568145752,0.0,45.554222106933594,0,17.919988
ATT,17959988,13.130000114440918,13.134087562561035,-11.579999923706055,-11.582354545593262,0.0,45.59703063964844,0,17.959988
ATT,17999988,13.139999389648438,13.140179634094238,-11.579999923706055,-11.583494186401367,0.0,45.6348876953125,0,17.999988
ATT,18039988,13.139999389648438,13.145730972290039,-11.579999923706055,-11.584748268127441,0.0,45.67456817626953,0,18.039988
ATT,18079988,13.149999618530273,13.151239395141602,-11.579999923706055,-11.586203575134277,0.0,45.71446990966797,0,18.079988
ATT,18119988,13.149999618530273,13.15644645690918,-11.579999923706055,-11.587575912475586,0.0,45.75442886352539,0,18.119988
ATT,18159988,13.149999618530273,13.159659385681152,-11.59000015258789,-11.596671104431152,0.0,45.79579162597656,0,18.159988
ATT,18199988,13.15999984741211,13.161124229431152,-11.609999656677246,-11.612592697143555,0.0,45.83687973022461,0,18.199988
ATT,18239988,13.15999984741211,13.162172317504883,-11.619999885559082,-11.628934860229492,0.0,45.87995529174805,0,18.239988
ATT,18279988,13.15999984741211,13.163543701171875,-11.639999389648438,-11.644944190979004,0.0,45.920631408691406,0,18.279988
ATT,18319988,13.15999984741211,13.165201187133789,-11.65999984741211,-11.660393714904785,0.0,45.95933151245117,0,18.319988
ATT,18359988,13.170000076293945,13.174851417541504,-11.65999984741211,-11.665621757507324,0.0,45.99949645996094,0,18.359988
ATT,18399988,13.1899995803833,13.193026542663574,-11.649999618530273,-11.658974647521973,0.0,46.036041259765625,0,18.399988
ATT,18439988,13.210000038146973,13.210968017578125,-11.649999618530273,-11.65273666381836,0.0,46.07426071166992,0,18.439988
ATT,18479988,13.219999313354492,13.229265213012695,-11.639999389648438,-11.646551132202148,0.0,46.11111831665039,0,18.479988
ATT,18519988,13.239999771118164,13.248079299926758,-11.630000114440918,-11.639900207519531,0.0,46.14724349975586,0,18.519988
ATT,18559988,13.25,13.253576278686523,-11.630000114440918,-11.631731986999512,0.0,46.187095642089844,0,18.559988
ATT,18599988,13.239999771118164,13.247096061706543,-11.619999885559082,-11.621964454650879,0.0,46.228965759277344,0,18.599988
ATT,18639988,13.239999771118164,13.240323066711426,-11.609999656677246,-11.612808227539062,0.0,46.2724723815918,0,18.639988
ATT,18679988,13.229999542236328,13.234234809875488,-11.59999942779541,-11.603236198425293,0.0,46.31320571899414,0,18.679988
ATT,18719988,13.219999313354492,13.228592872619629,-11.59000015258789,-11.593293190002441,0.0,46.35206985473633,0,18.719988
ATT,18759988,13.199999809265137,13.209561347961426,-11.59000015258789,-11.59316635131836,0.0,46.39442443847656,0,18.759988
ATT,18799988,13.170000076293945,13.177988052368164,-11.59999942779541,-11.602618217468262,0.0,46.43895721435547,0,18.799988
ATT,18839988,13.139999389648438,13.145761489868164,-11.609999656677246,-11.612195014953613,0.0,46.4857292175293,0,18.839988
ATT,18879988,13.109999656677246,13.114124298095703,-11.619999885559082,-11.621222496032715,0.0,46.53004455566406,0,18.879988
ATT,18919988,13.079999923706055,13.08253288269043,-11.630000114440918,-11.630072593688965,0.0,46.57258987426758,0,18.919988
ATT,18959988,13.059999465942383,13.067931175231934,-11.630000114440918,-11.632575035095215,0.0,46.614994049072266,0,18.959988
ATT,18999988,13.069999694824219,13.071395874023438,-11.619999885559082,-11.62720775604248,0.0,46.649681091308594,0,18.999988
ATT,19039988,13.069999694824219,13.074737548828125,-11.619999885559082,-11.62247371673584,0.0,46.68605422973633,0,19.039988
ATT,19079988,13.069999694824219,13.077998161315918,-11.609999656677246,-11.618499755859375,0.0,46.724300384521484,0,19.079988
ATT,19119988,13.079999923706055,13.080251693725586,-11.609999656677246,-11.614800453186035,0.0,46.76448059082031,0,19.119988
ATT,19159988,13.09000015258789,13.09073543548584,-11.609999656677246,-11.616874694824219,0.0,46.804908752441406,0,19.159988
ATT,19199988,13.109999656677246,13.110928535461426,-11.619999885559082,-11.622695922851562,0.0,46.83835220336914,0,19.199988
ATT,19239988,13.130000114440918,13.130701065063477,-11.619999885559082,-11.628645896911621,0.0,46.87370300292969,0,19.239988
ATT,19279988,13.149999618530273,13.151063919067383,-11.630000114440918,-11.634324073791504,0.0,46.90761184692383,0,19.279988
ATT,19319988,13.170000076293945,13.171067237854004,-11.630000114440918,-11.639573097229004,0.0,46.94028854370117,0,19.319988
ATT,19359988,13.170000076293945,13.177846908569336,-11.630000114440918,-11.631918907165527,0.0,46.94617462158203,0,19.359988
ATT,19399988,13.170000076293945,13.17035961151123,-11.609999656677246,-11.611298561096191,0.0,46.927555084228516,0,19.399988
ATT,19439988,13.15999984741211,13.161813735961914,-11.59000015258789,-11.59194278717041,0.0,46.91450500488281,0,19.439988
ATT,19479988,13.149999618530273,13.15195369720459,-11.569999694824219,-11.573576927185059,0.0,46.906219482421875,0,19.479988
ATT,19519988,13.139999389648438,13.141295433044434,-11.550000190734863,-11.556340217590332,0.0,46.90261459350586,0,19.519988
ATT,19559988,13.149999618530273,13.156301498413086,-11.529999732971191,-11.534995079040527,0.0,46.891815185546875,0,19.559988
ATT,19599988,13.1899995803833,13.196919441223145,-11.5,-11.509939193725586,0.0,46.875694274902344,0,19.599988
ATT,19639988,13.229999542236328,13.236340522766113,-11.479999542236328,-11.486221313476562,0.0,46.8648567199707,0,19.639988
ATT,19679988,13.269999504089355,13.274569511413574,-11.460000038146973,-11.463311195373535,0.0,46.859073638916016,0,19.679988
ATT,19719988,13.309999465942383,13.311990737915039,-11.4399995803833,-11.441499710083008,0.0,46.857887268066406,0,19.719988
ATT,19759988,13.329999923706055,13.333535194396973,-11.420000076293945,-11.42068862915039,0.0,46.8477783203125,0,19.759988
ATT,19799988,13.329999923706055,13.339381217956543,-11.399999618530273,-11.401350975036621,0.0,46.829498291015625,0,19.799988
ATT,19839988,13.34000015258789,13.343602180480957,-11.380000114440918,-11.383519172668457,0.0,46.81681823730469,0,19.839988
ATT,19879988,13.34000015258789,13.347131729125977,-11.359999656677246,-11.36676025390625,0.0,46.808773040771484,0,19.879988
ATT,19919988,13.34000015258789,13.349711418151855,-11.34999942779541,-11.350919723510742,0.0,46.80496597290039,0,19.919988
ATT,19959988,13.34999942779541,13.358620643615723,-11.329999923706055,-11.337608337402344,0.0,46.7924690246582,0,19.959988
ATT,19999988,13.369999885559082,13.37294864654541,-11.319999694824219,-11.326949119567871,0.0,46.77184295654297,0,19.999988
ATT,20039988,13.380000114440918,13.386768341064453,-11.309999465942383,-11.317526817321777,0.0,46.756263732910156,0,20.039988
ATT,20079988,13.389999389648438,13.399404525756836,-11.300000190734863,-11.30953311920166,0.0,46.74589920043945,0,20.079988
ATT,20119988,13.40999984741211,13.41132640838623,-11.300000190734863,-11.302440643310547,0.0,46.74027633666992,0,20.119988
ATT,20159988,13.40999984741211,13.412419319152832,-11.289999961853027,-11.293808937072754,0.0,46.72645568847656,0,20.159988
ATT,20199988,13.399999618530273,13.40297794342041,-11.279999732971191,-11.283467292785645,0.0,46.70518493652344,0,20.199988
ATT,20239988,13.389999389648438,13.39255428314209,-11.269999504089355,-11.274578094482422,0.0,46.689239501953125,0,20.239988
ATT,20279988,13.380000114440918,13.381270408630371,-11.25999927520752,-11.266523361206055,0.0,46.67841720581055,0,20.279988
ATT,20319988,13.359999656677246,13.368558883666992,-11.25,-11.259610176086426,0.0,46.672061920166016,0,20.319988
ATT,20359988,13.359999656677246,13.367671966552734,-11.25999927520752,-11.261621475219727,0.0,46.65592956542969,0,20.359988
ATT,20399988,13.369999885559082,13.378467559814453,-11.269999504089355,-11.272468566894531,0.0,46.63026428222656,0,20.399988
ATT,20439988,13.380000114440918,13.388104438781738,-11.279999732971191,-11.28463363647461,0.0,46.6097297668457,0,20.439988
ATT,20479988,13.389999389648438,13.39683723449707,-11.289999961853027,-11.297831535339355,0.0,46.59400939941406,0,20.479988
ATT,20519988,13.399999618530273,13.404743194580078,-11.309999465942383,-11.312176704406738,0.0,46.58345413208008,0,20.519988
ATT,20559988,13.420000076293945,13.426194190979004,-11.309999465942383,-11.311617851257324,0.0,46.5697021484375,0,20.559988
ATT,20599988,13.460000038146973,13.461838722229004,-11.289999961853027,-11.296297073364258,0.0,46.55270767211914,0,20.599988
ATT,20639988,13.489999771118164,13.496628761291504,-11.279999732971191,-11.282543182373047,0.0,46.54078674316406,0,20.639988
ATT,20679988,13.529999732971191,13.53017807006836,-11.25999927520752,-11.269637107849121,0.0,46.53363037109375,0,20.679988
ATT,20719988,13.559999465942383,13.562824249267578,-11.25,-11.257392883300781,0.0,46.53122329711914,0,20.719988
ATT,20759988,13.569999694824219,13.57017993927002,-11.239999771118164,-11.242513656616211,0.0,46.52064514160156,0,20.759988
ATT,20799988,13.549999237060547,13.551689147949219,-11.219999313354492,-11.224803924560547,0.0,46.502906799316406,0,20.799988
ATT,20839988,13.529999732971191,13.532347679138184,-11.199999809265137,-11.20792007446289,0.0,46.48987579345703,0,20.839988
ATT,20879988,13.50999927520752,13.51233196258545,-11.1899995803833,-11.192364692687988,0.0,46.48220443725586,0,20.879988
ATT,20919988,13.489999771118164,13.491342544555664,-11.170000076293945,-11.178237915039062,0.0,46.4789924621582,0,20.919988
ATT,20959988,13.479999542236328,13.486068725585938,-11.149999618530273,-11.159330368041992,0.0,46.46874237060547,0,20.959988
ATT,20999988,13.489999771118164,13.495603561401367,-11.130000114440918,-11.136110305786133,0.0,46.45231628417969,0,20.999988
ATT,21039988,13.5,13.504005432128906,-11.109999656677246,-11.11385726928711,0.0,46.44093322753906,0,21.039988
ATT,21079988,13.50999927520752,13.51151180267334,-11.09000015258789,-11.093108177185059,0.0,46.43410873413086,0,21.079988
ATT,21119988,13.50999927520752,13.518009185791016,-11.069999694824219,-11.073238372802734,0.0,46.432647705078125,0,21.119988
ATT,21159988,2.190000057220459,2.1945555210113525,-1.2699999809265137,-1.278108835220337,0.0,0.29216063022613525,3,21.159988
ATT,21199988,2.0399999618530273,2.0464746952056885,-1.1200000047683716,-1.12764573097229,0.0,0.3730529844760895,3,21.199988
ATT,21239988,1.899999976158142,1.907128095626831,-0.9799999594688416,-0.982679545879364,0.0,0.4538935124874115,3,21.239988
ATT,21279988,1.7699999809265137,1.7795889377593994,-0.8499999642372131,-0.8524686694145203,0.0,0.533484935760498,3,21.279988
ATT,21319988,1.659999966621399,1.6650716066360474,-0.7400000095367432,-0.7409155368804932,0.0,0.6123488545417786,3,21.319988
ATT,21359988,1.5699999332427979,1.5700258016586304,-0.6299999952316284,-0.638926088809967,0.0,0.6898899674415588,3,21.359988
ATT,21399988,1.4900000095367432,1.4976603984832764,-0.5399999618530273,-0.5457940101623535,0.0,0.7659903168678284,3,21.399988
ATT,21439988,1.4399999380111694,1.44297194480896,-0.4699999988079071,-0.47077712416648865,0.0,0.8407047390937805,3,21.439988
ATT,21479988,1.399999976158142,1.4011266231536865,-0.4099999964237213,-0.41071879863739014,0.0,0.9153218269348145,3,21.479988
ATT,21519988,1.3600000143051147,1.3698691129684448,-0.35999998450279236,-0.36307552456855774,0.0,0.9895266890525818,3,21.519988
ATT,21559988,1.350000023841858,1.3504287004470825,-0.32999998331069946,-0.3334704637527466,0.0,1.062709927558899,3,21.559988
ATT,21599988,1.3299999237060547,1.334836721420288,-0.3199999928474426,-0.32148343324661255,0.0,1.1364332437515259,3,21.599988
ATT,21639988,1.3199999332427979,1.3266321420669556,-0.3100000023841858,-0.3186257481575012,0.0,1.2096407413482666,3,21.639988
ATT,21679988,1.3199999332427979,1.323682427406311,-0.3199999928474426,-0.32243868708610535,0.0,1.282415747642517,3,21.679988
ATT,21719988,1.3199999332427979,1.3233182430267334,-0.32999998331069946,-0.3317156136035919,0.0,1.3547717332839966,3,21.719988
ATT,21759988,1.3199999332427979,1.323201298713684,-0.3199999928474426,-0.3295181095600128,0.0,1.426834225654602,3,21.759988
ATT,21799988,1.3199999332427979,1.3243426084518433,-0.3100000023841858,-0.31128039956092834,0.0,1.4978893995285034,3,21.799988
ATT,21839988,1.3199999332427979,1.326932430267334,-0.28999999165534973,-0.29398903250694275,0.0,1.56851065158844,3,21.839988
ATT,21879988,1.3299999237060547,1.330012559890747,-0.26999998092651367,-0.27644526958465576,0.0,1.6392794847488403,3,21.879988
ATT,21919988,1.3299999237060547,1.3332725763320923,-0.25,-0.25857067108154297,0.0,1.7097212076187134,3,21.919988
ATT,21959988,1.2999999523162842,1.3053233623504639,-0.22999998927116394,-0.23145093023777008,0.0,1.776824712753296,3,21.959988
ATT,21999988,1.2400000095367432,1.2488489151000977,-0.1899999976158142,-0.19606910645961761,0.0,1.8373173475265503,3,21.999988
