time_s,roll_deg,p_deg_s,pitch_deg,flight_path_deg,q_deg_s,yaw_deg,r_deg_s,airspeed_mps,alpha_deg,beta_deg,aileron_left_deg,aileron_right_deg,elevator_deg,rudder_deg,pwm_left_us,pwm_right_us,pwm_elevator_us,pwm_rudder_us
0,0,0,-2.14307349860544,4.44089209850063e-16,0,0,0,16,-2.14307349860544,0,0,0,1.27754927761387,-22,1410,1410,1355,1007
0.005,-0.000227466383087084,-0.0577900058866409,-2.14307344307557,0.000283648572383388,3.07490950330737e-05,0.00186449590889309,0.74487700799321,15.9998496500183,-2.14335709164795,-0.0234274715873674,0,0,1.27761583792849,-22,1410,1410,1355,1007
0.01,-0.000806389080639386,-0.0854981298611486,-2.14307311696738,0.000554353293288123,8.85105034116161e-05,0.00744945566937172,1.48704413243558,15.9997018044661,-2.14362747026067,-0.0504253515465429,0,0,1.27793977885272,-22,1410,1410,1355,1007
0.015,-0.00159398677629357,-0.0863428156361912,-2.14307258345249,0.00081354362566799,5.63833943474885e-05,0.016739859261561,2.22592638250698,15.9995568041103,-2.14388612707816,-0.0809791674563713,0,0,1.27822059608077,-22,1410,1410,1355,1007
0.02,-0.00246263649907533,-0.0632159275247336,-2.14307210530366,0.00106174177010931,-3.88059793753914e-05,0.0297179408139724,2.96100028930635,15.9994149777685,-2.14413384707377,-0.115070776365268,0,0,1.27846403032963,-22,1410,1410,1355,1007
0.025,-0.0032983354570806,-0.0187162610441062,-2.1430718198834,0.00129017335581239,-0.000170922753057125,0.0463634394224238,3.69179236759209,15.9993521898932,-2.14436199323921,-0.1526781411743,0,0,1.2786750581,-22,1410,1410,1355,1007
0.03,-0.00399932050666035,0.0448206975419225,-2.14307176937944,0.00151007390964475,-0.000313504981889967,0.0666538376485541,4.41787107820705,15.9992931848997,-2.14458184328908,-0.193777318511256,0,0,1.27885799341038,-22,1410,1410,1355,1007
0.035,-0.00447482712802454,0.125295644197883,-2.14307191751584,0.00172130052111852,-0.000439238258456211,0.0905645436784699,5.13883932451002,15.9992382502564,-2.14479321803696,-0.238341138386673,0,0,1.27901657598803,-22,1410,1410,1355,1007
0.04,-0.00464397717311895,0.2208211046678,-2.14307216912451,0.00192347306221974,-0.000521458524760656,0.118069066104922,5.85433433022087,15.9991876583233,-2.14499564218673,-0.286339968380038,0,0,1.27915404771987,-22,1410,1410,1355,1007
0.045,-0.00443478099912832,0.329699740076619,-2.14307238981669,0.00211603046975473,-0.00053438550428838,0.14913917731763,6.56402436027544,15.9991411149956,-2.14518842028644,-0.337741956083901,0,0,1.27927321892605,-22,1410,1410,1355,1007
0.05,-0.00378324181873556,0.450404882036036,-2.14307242392147,0.0022980114609914,-0.00045333824650113,0.183745061384357,7.26760582512859,15.9990994108657,-2.14537043538246,-0.392513208706444,0,0,1.27937652581098,-22,1410,1410,1355,1007
0.055,-0.00263255176933445,0.581563070494195,-2.14307211094583,0.00246828189060455,-0.000254914106611997,0.221855448335837,7.96480068305843,15.999062768634,-2.14554039283644,-0.450618011799573,0,0,1.27946608026641,-22,1410,1410,1355,1007
0.06,-0.000932370270859266,0.721938384333085,-2.14307130057341,0.00262545537091086,8.28771198945199e-05,0.263437735934167,8.65535406036542,15.9990313931724,-2.14569675594432,-0.512018991420599,0,0,1.27954371304465,-22,1410,1410,1355,1007
0.065,0.00136182377412893,0.870418382463609,-2.14306986634355,0.00276789630349272,0.000580496937095059,0.308458100238283,9.33903213766892,15.9990054842355,-2.14583776264704,-0.576677268978762,0,0,1.2796110111844,-22,1410,1410,1355,1007
0.07,0.00428931352124061,1.02600148984343,-2.14306771813131,0.00289373179418062,0.00125678667403511,0.356881596147699,10.0156202505372,15.9989851961699,-2.14596144992549,-0.644552603245195,0,0,1.27966935045444,-22,1410,1410,1355,1007
0.075,0.00788466627110055,1.18778567995374,-2.14306481351948,0.0030008545690734,0.00212889780944168,0.408672248937125,10.6849211834457,15.998970677249,-2.14606566808855,-0.715603516729605,0,0,1.27971992347833,-22,1410,1410,1355,1007
0.08,0.0121782022086132,1.35495832064027,-2.14306116814818,0.00308693463848275,0.00321224152821938,0.46379313770483,11.3467536382936,15.9989620560007,-2.14614810278666,-0.789787411971517,0,0,1.27976376411507,-22,1410,1410,1355,1007
0.085,0.0171964152739009,1.52678706368498,-2.14305686511507,0.00314942963557696,0.00452045592163134,0.522206471554205,12.0009508579361,15.9989594434577,-2.14620629475065,-0.867060676738177,0,0,1.27980176859416,-22,1410,1410,1355,1007
0.09,0.0229623510812746,1.70261167083743,-2.14305206349064,0.00318559716541333,0.00606538877152809,0.583873659243127,12.647359388945,15.9989629249972,-2.14623766065605,-0.947378780268271,0,0,1.27983471383718,-22,1410,1410,1355,1007
0.095,0.0294959462975043,1.88183668005674,-2.14304700600587,0.00319250550269556,0.00785709401174255,0.64875537295901,13.2858379694494,15.9989725679062,-2.14623951150857,-1.03069636022493,0,0,1.27986327334026,-22,1410,1410,1355,1007
0.1,0.0368143334376086,2.06392482562022,-2.14304202596451,0.00316704602655626,0.00990384016398319,0.716811606812253,13.916256529376,15.9989884185335,-2.14620907199107,-1.11696730250474,0,0,1.2798880309423,-22,1410,1410,1355,1007
0.105,0.044932114629744,2.24839113455528,-2.14303755342548,0.00310594593957747,0.0122121294231053,0.788001730577675,14.5384952909787,15.9990104974723,-2.14614349936505,-1.20614481437855,0,0,1.27990949276036,-22,1410,1410,1355,1007
0.11,0.0538616075359087,2.43479762990639,-2.1430341206968,0.0030057786164539,0.0147867257703718,0.862284539158721,15.1524439599867,15.9990388132786,-2.14603989931326,-1.29818149014083,0,0,1.27992809753613,-22,1410,1410,1355,1007
0.115,0.0636130662879986,2.62274857842272,-2.14303236717921,0.00286297756104448,0.0176306910595733,0.939618298203296,15.7580009976567,15.9990733484837,-2.14589534474026,-1.39302937314109,0,0,1.27994422560507,-22,1410,1410,1355,1007
0.12,0.0741948800047998,2.81188622663019,-2.14303304359203,0.00267384756675604,0.0207454280516851,1.01996078625076,16.3550729649936,15.9991140641412,-2.14570689115879,-1.49064001154576,0,0,1.2799582066716,-22,1410,1410,1355,1007
0.125,0.0856137511919934,3.00188697505345,-2.14303701561223,0.00243457778059941,0.024130729356397,1.10326933375235,16.9435739317394,15.9991608876262,-2.14547159339283,-1.59096451108068,0,0,1.27997032654919,-22,1410,1410,1355,1007
0.13,0.0978748560907601,3.19245794562822,-2.14304526695474,0.00214124826950224,0.0277848308868956,1.18950085927193,17.5234249447468,15.9992137491136,-2.14518651522425,-1.69395357913588,0,0,1.27998083300322,-22,1410,1410,1355,1007
0.135,0.110981988828885,3.38333390180829,-2.14305890192245,0.00178984604042176,0.0317044694932152,1.27861190314956,18.0945535486686,15.9992725451231,-2.14484874796287,-1.79955757203213,0,0,1.27998994081603,-22,1410,1410,1355,1007
0.14,0.124937691037227,3.57427448495359,-2.14307914744734,0.00137627385113293,0.035884944291705,1.37055865886839,18.6568933525717,15.9993371507452,-2.14445542129847,-1.90772653453285,0,0,1.27999783617766,-22,1410,1410,1355,1007
0.145,0.139743368423802,3.76506173450203,-2.1431073546455,0.000896362814510887,0.0403201807771354,1.4652970023462,19.2103836383663,15.9994074001848,-2.14400371746001,-2.01841023989012,0,0,1.28000468049218,-22,1410,1410,1355,1007
0.15,0.155399395644477,3.95549786288501,-2.14314499990734,0.000345874657165623,0.0450027964271077,1.56278251935038,19.7549690085905,15.9994831455515,-2.1434908745645,-2.13155821778819,0,0,1.28001061367717,-22,1410,1410,1355,1007
0.155,0.171905210672551,4.1454032588882,-2.14319368554674,-0.000279480672005672,0.0499241680519269,1.66297053122545,20.2905990680147,15.9995641983537,-2.14291420487473,-2.24711979388343,0,0,1.28001575702411,-22,1410,1410,1355,1007
0.16,0.189259399744983,4.33461469574379,-2.14325514002413,-0.000984038793061082,0.0550745008268552,1.76581611908264,20.8172281340264,15.9996503492436,-2.14227110123107,-2.36504411795069,0,0,1.2800202156779,-22,1410,1410,1355,1007
0.165,0.207459773852731,4.52298372297932,-2.14333121776194,-0.00177216897973764,0.060442898106165,1.87127414659523,21.334814974011,15.9997413418525,-2.1415590487822,-2.48528019632931,0,0,1.28002408078634,-22,1410,1410,1355,1007
0.17,0.226503437643363,4.71037522331121,-2.14342389857025,-0.0026482760526938,0.0660174307486915,1.97929928152838,21.8433225692641,15.9998369521915,-2.14077562251755,-2.60777690682443,0,0,1.28002743136343,-22,1410,1410,1355,1007
0.175,0.246386851515959,4.89666611748108,-2.14353528670461,-0.00361678141211907,0.0717852066783412,2.08984601613324,22.3427179007597,15.9999369097651,-2.13991850529249,-2.73248303542567,0,0,1.28003033590465,-22,1410,1410,1355,1007
0.18,0.267105887606928,5.08174420153949,-2.14366760956693,-0.00468211928041384,0.0777324409367897,2.20286868649561,22.8329717524897,16.000040924259,-2.13898549028651,-2.85934729612042,0,0,1.28003285378725,-22,1410,1410,1355,1007
0.185,0.288655880294115,5.26550710308687,-2.14382321606559,-0.00584872548374094,0.0838445252684682,2.31832149093235,23.3140585322491,16.0001486536246,-2.13797449058185,-2.98831835908234,0,0,1.28003503648403,-22,1410,1410,1355,1007
0.19,0.311031671782229,5.44786134445418,-2.14400457465101,-0.00712104296455207,0.0901060959465005,2.43615850751949,23.7859561107315,16.000259801155,-2.13688353168645,-3.11934485437848,0,0,1.28003692861563,-22,1410,1410,1355,1007
0.195,0.334227653276048,5.62872150168157,-2.14421427104794,-0.00850350169293135,0.0965011009288984,2.55633371084403,24.2486456747437,16.0003740191237,-2.13571076935501,-3.25237540919658,0,0,1.28003856886269,-22,1410,1410,1355,1007
0.2,0.358237802194278,5.8080094491212,-2.14445500569269,-0.0100005170235948,0.103012866842898,2.67880098803067,24.7021115906788,16.0004909414259,-2.13445448866909,-3.38735866122311,0,0,1.28003999075663,-22,1410,1410,1355,1007
0.205,0.383055715831058,5.98565368103224,-2.14472959089028,-0.011616479139517,0.109624164743856,2.80351415410454,25.1463412792908,16.0006101472675,-2.13311311175076,-3.5242432846889,0,0,1.28004122336505,-22,1410,1410,1355,1007
0.21,0.408674641830423,6.16158870248151,-2.14504094770669,-0.013355761433131,0.116317273331064,2.93042696674482,25.5813251034762,16.0007312717938,-2.13168518627356,-3.66297798418138,0,0,1.28004229188605,-22,1410,1410,1355,1007
0.215,0.435087505802817,6.33575448227595,-2.14539210261747,-0.0152226996602254,0.123074040978,3.05949314049685,26.0070562651717,16.0008538963454,-2.13016940295724,-3.80351153442012,0,0,1.2800432181633,-22,1410,1410,1355,1007
0.22,0.462286936377284,6.508095961205,-2.14578618391868,-0.0172215919944718,0.129875947248407,3.19066636046898,26.4235307077742,16.0009775856697,-2.12856459192421,-3.9457927884527,0,0,1.28004402113257,-22,1410,1410,1355,1007
0.225,0.490265287953493,6.6785626101081,-2.14622641791481,-0.0193566891375516,0.136704162747454,3.32390029555413,26.8307470259239,16.0011018489358,-2.12686972877726,-4.08977070276257,0,0,1.28004471720888,-22,1410,1410,1355,1007
0.23,0.519014661390708,6.84710803287378,-2.14671612489762,-0.0216322046818105,0.14353960598738,3.4591486112126,27.2287063848103,16.0012262586898,-2.12508392021581,-4.23539432247815,0,0,1.28004532062206,-22,1410,1410,1355,1007
0.235,0.548526922847737,7.01368960961233,-2.14725871493738,-0.0240522940407186,0.150362998796554,3.59636498186734,27.6174124453596,16.0013503329248,-2.12320642089666,-4.38261282455729,0,0,1.2800458437076,-22,1410,1410,1355,1007
0.24,0.5787937209643,7.17826817552814,-2.14785768349078,-0.0266210557535618,0.157154921055991,3.73550310292216,27.9968712919366,16.0014735751105,-2.12123662773722,-4.53137552175261,0,0,1.2800462971589,-22,1410,1410,1355,1007
0.245,0.609806502555297,7.3408077320381,-2.14851660683961,-0.0293425223359498,0.163895863536611,3.8765167024294,28.3670913648945,16.001595434594,-2.11917408450366,-4.6816318872618,0,0,1.28004669024581,-22,1410,1410,1355,1007
0.25,0.641556526971947,7.50127518703332,-2.14923913737339,-0.0322206716428153,0.170566277559681,4.01935955243153,28.7280834002728,16.0017154276437,-2.11701846573057,-4.83333153303172,0,0,1.28004703100417,-22,1410,1410,1355,1007
0.255,0.674034879269086,7.65964012116887,-2.15002899873684,-0.0352594062838043,0.177146623080255,4.16398548001658,29.0798603732886,16.0018330175421,-2.11476959245304,-4.98642425604284,0,0,1.28004732640005,-22,1410,1410,1355,1007
0.26,0.707232482302158,7.81587457718277,-2.1508899808457,-0.0384625557206553,0.183617416031153,4.31034837808842,29.4224374425113,16.0019476553445,-2.11242742512505,-5.1408600389374,0,0,1.28004758247222,-22,1410,1410,1355,1007
0.265,0.741140107865216,7.96995287009204,-2.15182593478379,-0.0418338680056531,0.189959273665887,4.45840221586964,29.7558318972842,16.0020587420192,-2.10999206677814,-5.29658907407067,0,0,1.28004780445552,-22,1410,1410,1355,1007
0.27,0.775748386969921,8.12185141630097,-2.15284076759425,-0.0453770210950215,0.196152956729903,4.60810104915374,30.0800631105793,16.0021657444592,-2.10746374649923,-5.45356173733354,0,0,1.28004799688794,-22,1410,1410,1355,1007
0.275,0.811047819356167,8.27154857958524,-2.15393843698444,-0.0490956036155246,0.202179410023861,4.75939903033785,30.3951524942927,16.0022680806912,-2.10484283336892,-5.61172863601321,0,0,1.28004816370335,-22,1410,1410,1355,1007
0.28,0.847028782314437,8.41902453193275,-2.15512294594752,-0.052993117294478,0.208019802189323,4.91225041823214,30.7011234542156,16.0023651589789,-2.10212982865305,-5.77104060709401,0,0,1.28004830831194,-22,1410,1410,1355,1007
0.285,0.883681538892123,8.5642611279128,-2.15639833731286,-0.0570729697992056,0.213655563477942,5.06660958765783,30.9980013472394,16.0024563443085,-2.09932536751365,-5.93144874000164,0,0,1.28004843366993,-22,1410,1410,1355,1007
0.29,0.920996245548661,8.70724179132296,-2.15776868823716,-0.0613384849001881,0.219068420518521,5.22243103884539,31.2858134426412,16.0025410614948,-2.09643020333698,-6.092904349335,0,0,1.28004854234001,-22,1410,1410,1355,1007
0.295,0.95896295931833,8.84795141278957,-2.15923810465432,-0.0657928855865784,0.224240429494759,5.37966940665713,31.5645888849394,16.002618693352,-2.09344521906775,-6.25535902149959,0,0,1.28004863654369,-22,1410,1410,1355,1007
0.3,0.99757164453263,8.98637625696621,-2.16081071568668,-0.0704392963686198,0.229154008492971,5.53827946962825,31.8343586560001,16.0026886155082,-2.09037141931806,-6.41876461193237,0,0,1.28004871820679,-22,1410,1410,1355,1007
0.305,1.03681217914897,9.12250387851305,-2.16249066802913,-0.0752807374834119,0.233791967874705,5.69821615883481,32.0951555387428,16.0027501700421,-2.08720993054572,-6.58307326529417,0,0,1.28004878899872,-22,1410,1410,1355,1007
0.31,1.07667436072765,9.25632304604675,-2.1642821203169,-0.0803201327726617,0.238137537963194,5.85943456659661,32.3470140837549,16.0028027472081,-2.08396198754424,-6.74823739164434,0,0,1.28004885036668,-22,1410,1410,1355,1007
0.315,1.11714791209507,9.3878236732095,-2.16618923749241,-0.0855602962453856,0.242174395182564,6.0218899550325,32.5899705769159,16.0028457050187,-2.08062894124703,-6.91420970770167,0,0,1.2800489035652,-22,1410,1410,1355,1007
0.32,1.15822248672685,9.51699675596239,-2.16821618517479,-0.0910039337934996,0.245886687269838,6.18553776446301,32.824063006278,16.0028783969354,-2.07721225138129,-7.08094323457423,0,0,1.28004894968183,-22,1410,1410,1355,1007
0.325,1.19988767388078,9.6438343155936,-2.17036712404214,-0.0966536390667181,0.249259056591289,6.35033362166602,33.0493310301514,16.0029001556115,-2.07371348497542,-7.24839131363707,0,0,1.28004898965932,-22,1410,1410,1355,1007
0.33,1.24213300350672,9.76832934689791,-2.17264620423626,-0.102511897911382,0.252276661225146,6.51623334799122,33.2658159469944,16.0029103443169,-2.07013430632488,-7.41650759194019,0,0,1.28004902431492,-22,1410,1410,1355,1007
0.335,1.28494795095762,9.89047577098811,-2.17505755980234,-0.108581079547162,0.254925194545002,6.68319296734434,33.4735606659569,16.0029083068278,-2.06647648025517,-7.58524605256938,0,0,1.28004905435709,-22,1410,1410,1355,1007
0.34,1.32832194152327,10.0102683921736,-2.17760530316815,-0.114863437239069,0.257190903712322,6.85116871403838,33.6726096770101,16.0028933850109,-2.06274186592908,-7.75456101484838,0,0,1.28004908039999,-22,1410,1410,1355,1007
0.345,1.37224435480592,10.1277028585739,-2.18029351967178,-0.121361106167349,0.259060606378613,7.02011704051592,33.8630090220346,16.0028649157243,-2.05893241350443,-7.92440714363918,0,0,1.280049102976,-22,1410,1410,1355,1007
0.35,1.41670452895482,10.242775626083,-2.18312626214641,-0.128076103272049,0.260521705737669,7.18999462494665,34.0448062666173,16.0028222427364,-2.05505015887436,-8.09473945108742,0,0,1.28004912254664,-22,1410,1410,1355,1007
0.355,1.46169176477503,10.3554839253464,-2.18610754557062,-0.135010324247719,0.261562204120482,7.36075837870409,34.2180504722765,16.002764706106,-2.0510972213229,-8.26551330916292,0,0,1.280049139512,-22,1410,1410,1355,1007
0.36,1.50719532972407,10.4658257314301,-2.18924134179096,-0.142165542719784,0.262170715253161,7.53236545372293,34.3827921688517,16.002691646583,-2.04707579907118,-8.43668445471963,0,0,1.2800491542189,-22,1410,1410,1355,1007
0.365,1.55320446180817,10.5737997359442,-2.19253157432432,-0.149543410445087,0.262336474847819,7.70477324973963,34.5390833277005,16.00260241876,-2.04298816387923,-8.6082089894792,0,0,1.28004916696798,-22,1410,1410,1355,1007
0.37,1.59970837338906,10.6794053213362,-2.19598211324739,-0.15714545142164,0.26204935025521,7.87793942141928,34.6869773344786,16.0024963541576,-2.03883666182575,-8.7800434065333,0,0,1.28004917801988,-22,1410,1410,1355,1007
0.375,1.64669625491036,10.7826425371366,-2.19959677017715,-0.164973065912915,0.261299848687819,8.05182188536565,34.8265289622107,16.0023727994038,-2.03462370426423,-8.95214457677883,0,0,1.28004918760052,-22,1410,1410,1355,1007
0.38,1.69415727855186,10.8835120780173,-2.20337929335171,-0.173027527684225,0.260079123766162,8.22637882702068,34.9577943452996,16.0022311043322,-2.03035176566749,-9.12446976164803,0,0,1.28004919590577,-22,1410,1410,1355,1007
0.385,1.74208060181882,10.9820152634753,-2.20733336281783,-0.181309986867612,0.258378980534159,8.4015687074555,35.0808309542467,16.0020706544679,-2.02602337595021,-9.29697660059187,0,0,1.28004920310541,-22,1410,1410,1355,1007
0.39,1.79045537107283,11.0781540189289,-2.21146258573096,-0.189821457227125,0.256191880373273,8.57735027005475,35.1956975687891,16.0018907759871,-2.02164112850384,-9.46962317202358,0,0,1.28004920934662,-22,1410,1410,1355,1007
0.395,1.83927072500934,11.17193085806,-2.21577049176647,-0.198562828404857,0.253510944494999,8.75368254708378,35.3024542512481,16.0016908319697,-2.01720766336161,-9.6423679440675,0,0,1.28004921475698,-22,1410,1410,1355,1007
0.4,1.88851579808664,11.2633488664036,-2.2202605286548,-0.207534860784215,0.250329955315434,8.93052486615107,35.4011623217407,16.0014701910912,-2.01272566787058,-9.81516979818766,0,0,1.28004921944711,-22,1410,1410,1355,1007
0.405,1.93817972391014,11.3524116860235,-2.22493605784567,-0.21673819134087,0.246643356444388,9.107836856567,35.4918843340431,16.0012282824637,-2.0081978665048,-9.98798800058594,0,0,1.28004922351287,-22,1410,1410,1355,1007
0.41,1.98825163857555,11.4391235011255,-2.22980035030571,-0.226173312999819,0.2424462535326,9.28557845560039,35.5746840486572,16.0009644333649,-2.00362703730589,-10.1607823084376,0,0,1.2800492270374,-22,1410,1410,1355,1007
0.415,2.03872068397391,11.523489024439,-2.23485658244194,-0.235840596251916,0.237734413681465,9.46370991461426,35.6496264060528,16.0006780326553,-1.99901598619003,-10.3335128741864,0,0,1.28004923009273,-22,1410,1410,1355,1007
0.42,2.08957601106033,11.6055134844705,-2.24010783216851,-0.245740281225936,0.232504262187844,9.64219180510005,35.7167775028129,16.0003684770198,-1.99436755094258,-10.506140283687,0,0,1.28004923274133,-22,1410,1410,1355,1007
0.425,2.14080678308825,11.6852026134894,-2.24555707512025,-0.255872486827081,0.226752878055983,9.82098502461088,35.7762045683907,16.0000352510782,-1.98968458829317,-10.6786255075847,0,0,1.28004923503734,-22,1410,1410,1355,1007
0.43,2.19240217881103,11.762562636172,-2.25120718101605,-0.266237181181357,0.220477991445217,10.0000508025946,35.8279759378216,15.99967768911,-1.98496999983469,-10.8509300647183,0,0,1.2800492370277,-22,1410,1410,1355,1007
0.435,2.24435139565242,11.8376002586838,-2.25706091015763,-0.276834213707465,0.213677979638097,10.1793507061003,35.8721610246009,15.9992952143965,-1.98022669645016,-11.0230158681572,0,0,1.2800492387531,-22,1410,1410,1355,1007
0.44,2.29664365284558,11.9103226583632,-2.26312091008643,-0.287663303998327,0.20635185968899,10.3588466453844,35.9088302975935,15.9988872600835,-1.9754576060881,-11.1948452818138,0,0,1.28004924024881,-22,1410,1410,1355,1007
0.445,2.34926819454127,11.9807374739063,-2.26938971240083,-0.298724054521919,0.198499279998031,10.5385008794168,35.9380552585275,15.9984533773194,-1.97066565787891,-11.3663810475886,0,0,1.28004924154541,-22,1410,1410,1355,1007
0.45,2.40221429288557,12.048852796072,-2.27586972973524,-0.310015911219243,0.190120515011489,10.7182760212875,35.9599084141668,15.9979929126666,-1.965853818516,-11.5375865186614,0,0,1.28004924266941,-22,1410,1410,1355,1007
0.455,2.45547125106851,12.1146771585845,-2.28256325287897,-0.321538207035553,0.181216458372723,10.8981350434784,35.9744632486613,15.9975053316695,-1.96102504584342,-11.7084254346095,0,0,1.28004924364377,-22,1410,1410,1355,1007
0.46,2.50902840634099,12.1782195294247,-2.28947244806408,-0.333290147234444,0.171788611992352,11.0780412830354,35.9817942011192,15.9969901115622,-1.95618230082964,-11.8788620007332,0,0,1.28004924448843,-22,1410,1410,1355,1007
0.465,2.56287513300022,12.239489302467,-2.29659935442282,-0.345270825904211,0.16183907420667,11.2579584466398,35.9819766437442,15.9964468800035,-1.95132852851861,-12.0488607865373,0,0,1.28004924522064,-22,1410,1410,1355,1007
0.47,2.61700084534302,12.298496289608,-2.30394588161482,-0.357479175855628,0.151370532359121,11.4378506155789,35.9750868533604,15.9958750004448,-1.94646670575919,-12.2183870422646,0,0,1.28004924585538,-22,1410,1410,1355,1007
0.475,2.67139500058853,12.3552507129065,-2.31151380759384,-0.369914024522438,0.140386253734193,11.6176822505744,35.9612019831415,15.9952739876477,-1.9415997830714,-12.3874063897966,0,0,1.28004924640562,-22,1410,1410,1355,1007
0.48,2.72604710176616,12.409763196923,-2.3193047765502,-0.382574075356696,0.128890071545884,11.7974181965086,35.9404000407951,15.9946433696541,-1.93673070119351,-12.5558849291466,0,0,1.28004924688261,-22,1410,1410,1355,1007
0.485,2.78094670056828,12.4620447612958,-2.32732029702833,-0.395457928349099,0.11688637018134,11.9770236870492,35.9127598672952,15.9939828594625,-1.93186236867923,-12.7237891037197,0,0,1.28004924729611,-22,1410,1410,1355,1007
0.49,2.83608340016679,12.5121068138703,-2.33556174021806,-0.408564018459657,0.104380076261597,12.1564643491723,35.8783611077118,15.9932918413058,-1.9269977217584,-12.8910861138405,0,0,1.28004924765456,-22,1410,1410,1355,1007
0.495,2.89144685799575,12.5599611436892,-2.34403033838062,-0.421890684693636,0.0913766479283103,12.3357062075326,35.8372841822813,15.9925698851595,-1.92213965368698,-13.0577435097323,0,0,1.28004924796529,-22,1410,1410,1355,1007
0.5,2.94702678849412,12.6056199139869,-2.35272718345365,-0.435436147255289,0.077882058222587,12.5147156887308,35.7896102651881,15.9918165756234,-1.91729103619836,-13.2237293297711,0,0,1.28004924823465,-22,1410,1410,1355,1007
0.505,3.00281296580799,12.6490956553468,-2.36165322583303,-0.449198532254045,0.0639027778894088,12.6934596254772,35.7354212638806,15.9910317186251,-1.91245469357898,-13.389011927919,0,0,1.28004924846816,-22,1410,1410,1355,1007
0.51,3.05879522645122,12.6904012595477,-2.37080927332899,-0.463175797992736,0.0494457654804367,12.8719052606517,35.6747997892056,15.9902147223351,-1.90763347533626,-13.5535604981438,0,0,1.28004924867058,-22,1410,1410,1355,1007
0.515,3.11496347192788,12.7295499731423,-2.38019599024806,-0.477365817915195,0.0345184555287477,13.0500202512017,35.6078291258271,15.9893652169365,-1.90283017233286,-13.7173445556224,0,0,1.28004924884606,-22,1410,1410,1355,1007
0.52,3.17130767130876,12.7665553908253,-2.3898138966538,-0.491766353226261,0.019128739762922,13.227772671934,35.534593211619,15.9884828483252,-1.89804754342754,-13.8803341114014,0,0,1.28004924899817,-22,1410,1410,1355,1007
0.525,3.22781786376121,12.8014314489129,-2.39966336780308,-0.506375081918705,0.00328494792016998,13.405131019203,35.4551766175819,15.9875675216492,-1.89328828588437,-14.0424994574409,0,0,1.28004924913004,-22,1410,1410,1355,1007
0.53,3.28448416103139,12.8341924197164,-2.40974463375382,-0.521189512337762,-0.0130041625853582,13.582064214491,35.369664517321,15.9866186714283,-1.88855512141606,-14.2038118157075,0,0,1.28004924924435,-22,1410,1410,1355,1007
0.535,3.34129674988384,12.8648529055297,-2.42005777908598,-0.536207080583588,-0.0297294191028051,13.7585416078183,35.278142656857,15.9856359920184,-1.88385069850239,-14.3642426938586,0,0,1.28004924934345,-22,1410,1410,1355,1007
0.54,3.39824589448878,12.8934278321652,-2.43060274279835,-0.551425118337881,-0.0468812542793041,13.9345329810453,35.1806973346683,15.9846191943175,-1.87917762446047,-14.5237641009213,0,0,1.28004924942935,-22,1410,1410,1355,1007
0.545,3.4553219387565,12.9199324425633,-2.44137931837653,-0.566840886310077,-0.0644497268196132,14.1100085510679,35.0774153822475,15.9835682876524,-1.87453843206645,-14.6823482855136,0,0,1.28004924950382,-22,1410,1410,1355,1007
0.55,3.51251530861791,12.9443822915644,-2.45238715402678,-0.582451474591748,-0.082424531771244,14.2849389729046,34.9683841329947,15.9824827345685,-1.86993567943503,-14.8399685230124,0,0,1.28004924956837,-22,1410,1410,1355,1007
0.555,3.56981651425863,12.9667932401861,-2.46362575300739,-0.598253914983681,-0.100795013123437,14.4592953426035,34.8536913914947,15.981362296524,-1.8653718380237,-14.9965983323498,0,0,1.28004924962433,-22,1410,1410,1355,1007
0.56,3.62721271459033,12.9852435671994,-2.47509475373356,-0.614244487662713,-0.119550850018468,14.6330536594729,34.7361240698347,15.9802165967952,-1.86085026607085,-15.1523469772744,0,0,1.28004924967284,-22,1410,1410,1355,1007
