"TimeUS","Dist","TBrg","NavBrg","AltE","XT","XTi","AsE","TLat","TLng","TAW","TAT","TAsp","ap_time_s"
"3059985","0","0","0","0.5","0","0","0","0","0","0","0","0","3.059985"
"3099985","0","0","0","0.5","0","0","0","0","0","0","0","0","3.099985"
"3139985","0","0","0","0.25","0","0","0","0","0","0","0","13","3.139985"
"3179985","0","0","0","0.25","0","0","0","0","0","0","0","13","3.179985"
"3219985","0","0","0","0.25","0","0","0","0","0","0","0","13","3.219985"
"3259985","0","0","0","0.29","0","0","0","0","0","0","0","13","3.259985"
"3299985","0","0","0","0.29","0","0","0","0","0","0","0","13","3.299985"
"3359984","0","0","0","0.14","0","0","0","0","0","0","0","13","3.359984"
"3399984","0","0","0","0.14","0","0","0","0","0","0","0","13","3.399984"
"3439984","0","0","0","0.14","0","0","0","0","0","0","0","13","3.439984"
"3479984","0","0","0","0.15","0","0","0","0","0","0","0","13","3.479984"
"3519984","0","0","0","0.15","0","0","0","0","0","0","0","13","3.519984"
"3559984","0","0","0","0.49","0","0","0","0","0","0","0","13","3.559984"
"3599984","0","0","0","0.49","0","0","0","0","0","0","0","13","3.599984"
"3639984","0","0","0","0.49","0","0","0","0","0","0","0","13","3.639984"
"3679984","0","0","0","0.43","0","0","0","0","0","0","0","13","3.679984"
"3719984","0","0","0","0.43","0","0","0","0","0","0","0","13","3.719984"
"3759984","0","0","0","0.35","0","0","0","0","0","0","0","13","3.759984"
"3799984","0","0","0","0.35","0","0","0","0","0","0","0","13","3.799984"
"3859983","0","0","0","0.35","0","0","0","0","0","0","0","13","3.859983"
"3899983","0","0","0","0.29","0","0","0","0","0","0","0","13","3.899983"
"3939983","0","0","0","0.29","0","0","0","0","0","0","0","13","3.939983"
"3979983","0","0","0","0.57","0","0","0","0","0","0","0","13","3.979983"
"4019983","0","0","0","0.57","0","0","0","0","0","0","0","13","4.019983"
"4079981","0","0","0","0.57","0","0","0","0","0","0","0","13","4.079981"
"4139979","0","0","0","0.49","0","0","0","0","0","0","0","13","4.139979"
"4199978","0","0","0","0.49","0","0","0","0","0","0","0","13","4.199978"
"4239978","0","0","0","0.23","0","0","0","0","0","0","0","13","4.239978"
"4279978","0","0","0","0.23","0","0","0","0","0","0","0","13","4.279978"
"4319978","0","0","0","0.23","0","0","0","0","0","0","0","13","4.319978"
"4359978","0","0","0","0.23","0","0","0","0","0","0","0","13","4.359978"
"4399978","0","0","0","0.23","0","0","0","0","0","0","0","13","4.399978"
"4439978","0","0","0","0.44","0","0","0","0","0","0","0","13","4.439978"
"4479978","0","0","0","0.44","0","0","0","0","0","0","0","13","4.479978"
"4519978","0","0","0","0.44","0","0","0","0","0","0","0","13","4.519978"
"4559978","0","0","0","0.53","0","0","0","0","0","0","0","13","4.559978"
"4599978","0","0","0","0.53","0","0","0","0","0","0","0","13","4.599978"
"4639978","0","0","0","0.27","0","0","0","0","0","0","0","13","4.639978"
"4679978","0","0","0","0.27","0","0","0","0","0","0","0","13","4.679978"
"4719978","0","0","0","0.27","0","0","0","0","0","0","0","13","4.719978"
"4759978","0","0","0","0.35","0","0","0","0","0","0","0","13","4.759978"
"4799978","0","0","0","0.35","0","0","0","0","0","0","0","13","4.799978"
"4839978","0","0","0","0.17","0","0","0","0","0","0","0","13","4.839978"
"4879978","0","0","0","0.17","0","0","0","0","0","0","0","13","4.879978"
"4919978","0","0","0","0.17","0","0","0","0","0","0","0","13","4.919978"
"4959978","0","0","0","0.38","0","0","0","0","0","0","0","13","4.959978"
"4999978","0","0","0","0.38","0","0","0","0","0","0","0","13","4.999978"
"5039978","0","0","0","0.31","0","0","0","0","0","0","0","13","5.039978"
"5079978","0","0","0","0.31","0","0","0","0","0","0","0","13","5.079978"
"5119978","0","0","0","0.31","0","0","0","0","0","0","0","13","5.119978"
"5159978","0","0","0","0.1","0","0","0","0","0","0","0","13","5.159978"
"5199978","0","0","0","0.1","0","0","0","0","0","0","0","13","5.199978"
"5239978","0","0","0","0.22","0","0","0","0","0","0","0","13","5.239978"
"5279978","0","0","0","0.22","0","0","0","0","0","0","0","13","5.279978"
"5319978","0","0","0","0.22","0","0","0","0","0","0","0","13","5.319978"
"5359978","0","0","0","0.24","0","0","0","0","0","0","0","13","5.359978"
"5399978","0","0","0","0.24","0","0","0","0","0","0","0","13","5.399978"
"5439978","0","0","0","0.2","0","0","0","0","0","0","0","13","5.439978"
"5479978","0","0","0","0.2","0","0","0","0","0","0","0","13","5.479978"
"5519978","0","0","0","0.2","0","0","0","0","0","0","0","13","5.519978"
"5559978","0","0","0","0.37","0","0","0","0","0","0","0","13","5.559978"
"5599978","0","0","0","0.37","0","0","0","0","0","0","0","13","5.599978"
"5639978","0","0","0","0.02","0","0","0","0","0","0","0","13","5.639978"
"5679978","0","0","0","0.02","0","0","0","0","0","0","0","13","5.679978"
"5719978","0","0","0","0.02","0","0","0","0","0","0","0","13","5.719978"
"5759978","0","0","0","0.16","0","0","0","0","0","0","0","13","5.759978"
"5799978","0","0","0","0.16","0","0","0","0","0","0","0","13","5.799978"
"5839978","0","0","0","0.27","0","0","0","0","0","0","0","13","5.839978"
"5879978","0","0","0","0.27","0","0","0","0","0","0","0","13","5.879978"
"5919978","0","0","0","0.27","0","0","0","0","0","0","0","13","5.919978"
"5959978","0","0","0","0.2","0","0","0","0","0","0","0","13","5.959978"
"5999978","0","0","0","0.2","0","0","0","0","0","0","0","13","5.999978"
"6039978","0","0","0","0.06","0","0","0","0","0","0","0","13","6.039978"
"6079978","0","0","0","0.06","0","0","0","0","0","0","0","13","6.079978"
"6119978","0","0","0","0.06","0","0","0","0","0","0","0","13","6.119978"
"6159978","0","0","0","0.23","0","0","0","0","0","0","0","13","6.159978"
"6199978","0","0","0","0.23","0","0","0","0","0","0","0","13","6.199978"
"6239978","0","0","0","0.33","0","0","0","0","0","0","0","13","6.239978"
"6279978","0","0","0","0.33","0","0","0","0","0","0","0","13","6.279978"
"6319978","0","0","0","0.33","0","0","0","0","0","0","0","13","6.319978"
"6359978","0","0","0","0.14","0","0","0","0","0","0","0","13","6.359978"
"6399978","0","0","0","0.14","0","0","0","0","0","0","0","13","6.399978"
"6439978","0","0","0","0.02","0","0","0","0","0","0","0","13","6.439978"
"6479978","0","0","0","0.02","0","0","0","0","0","0","0","13","6.479978"
"6519978","0","0","0","0.02","0","0","0","0","0","0","0","13","6.519978"
"6559978","0","0","0","0.34","0","0","0","0","0","0","0","13","6.559978"
"6599978","0","0","0","0.34","0","0","0","0","0","0","0","13","6.599978"
"6639978","0","0","0","0.19","0","0","0","0","0","0","0","13","6.639978"
"6679978","0","0","0","0.19","0","0","0","0","0","0","0","13","6.679978"
"6719978","0","0","0","0.19","0","0","0","0","0","0","0","13","6.719978"
"6759978","0","0","0","0.12","0","0","0","0","0","0","0","13","6.759978"
"6799978","0","0","0","0.12","0","0","0","0","0","0","0","13","6.799978"
"6839978","0","0","0","0.43","0","0","0","0","0","0","0","13","6.839978"
"6879978","0","0","0","0.43","0","0","0","0","0","0","0","13","6.879978"
"6919978","0","0","0","0.43","0","0","0","0","0","0","0","13","6.919978"
"6959978","0","0","0","0.32","0","0","0","0","0","0","0","13","6.959978"
"6999978","0","0","0","0.32","0","0","0","0","0","0","0","13","6.999978"
"7039978","0","0","0","0.47","0","0","0","0","0","0","0","13","7.039978"
"7079978","0","0","0","0.47","0","0","0","0","0","0","0","13","7.079978"
"7119978","0","0","0","0.47","0","0","0","0","0","0","0","13","7.119978"
"7159978","0","0","0","0.18","0","0","0","0","0","0","0","13","7.159978"
"7199978","0","0","0","0.18","0","0","0","0","0","0","0","13","7.199978"
"7239978","0","0","0","0.18","0","0","0","0","0","0","0","13","7.239978"
"7279978","0","0","0","0.18","0","0","0","0","0","0","0","13","7.279978"
"7319978","0","0","0","0.18","0","0","0","0","0","0","0","13","7.319978"
"7359978","0","0","0","0.35","0","0","0","0","0","0","0","13","7.359978"
"7399978","0","0","0","0.35","0","0","0","0","0","0","0","13","7.399978"
"7439978","0","0","0","0.57","0","0","0","0","0","0","0","13","7.439978"
"7479978","0","0","0","0.57","0","0","0","0","0","0","0","13","7.479978"
"7519978","0","0","0","0.57","0","0","0","0","0","0","0","13","7.519978"
"7559978","0","0","0","0.54","0","0","0","0","0","0","0","13","7.559978"
"7599978","0","0","0","0.54","0","0","0","0","0","0","0","13","7.599978"
"7639978","0","0","0","0.49","0","0","0","0","0","0","0","13","7.639978"
"7679978","0","0","0","0.49","0","0","0","0","0","0","0","13","7.679978"
"7719978","0","0","0","0.49","0","0","0","0","0","0","0","13","7.719978"
"7759978","0","0","0","0.46","0","0","0","0","0","0","0","13","7.759978"
"7799978","0","0","0","0.46","0","0","0","0","0","0","0","13","7.799978"
"7839978","0","0","0","0.34","0","0","0","0","0","0","0","13","7.839978"
"7879978","0","0","0","0.34","0","0","0","0","0","0","0","13","7.879978"
"7919978","0","0","0","0.34","0","0","0","0","0","0","0","13","7.919978"
"7959978","0","0","0","0.39","0","0","0","0","0","0","0","13","7.959978"
"7999978","0","0","0","0.39","0","0","0","0","0","0","0","13","7.999978"
"8039978","0","0","0","0.77","0","0","0","0","0","0","0","13","8.039978"
"8079978","0","0","0","0.77","0","0","0","0","0","0","0","13","8.079978"
"8119978","0","0","0","0.77","0","0","0","0","0","0","0","13","8.119978"
"8159978","0","0","0","0.61","0","0","0","0","0","0","0","13","8.159978"
"8199978","0","0","0","0.61","0","0","0","0","0","0","0","13","8.199978"
"8239978","0","0","0","0.51","0","0","0","0","0","0","0","13","8.239978"
"8279978","0","0","0","0.51","0","0","0","0","0","0","0","13","8.279978"
"8319978","0","0","0","0.51","0","0","0","0","0","0","0","13","8.319978"
"8359978","0","0","0","0.87","0","0","0","0","0","0","0","13","8.359978"
"8399978","0","0","0","0.87","0","0","0","0","0","0","0","13","8.399978"
"8439978","0","0","0","0.72","0","0","0","0","0","0","0","13","8.439978"
"8479978","0","0","0","0.72","0","0","0","0","0","0","0","13","8.479978"
"8519978","0","0","0","0.72","0","0","0","0","0","0","0","13","8.519978"
"8559978","0","0","0","0.68","0","0","0","0","0","0","0","13","8.559978"
"8599978","0","0","0","0.68","0","0","0","0","0","0","0","13","8.599978"
"8639978","0","0","0","0.73","0","0","0","0","0","0","0","13","8.639978"
"8679978","0","0","0","0.73","0","0","0","0","0","0","0","13","8.679978"
"8719978","0","0","0","0.73","0","0","0","0","0","0","0","13","8.719978"
"8759978","0","0","0","1.03","0","0","0","0","0","0","0","13","8.759978"
"8799978","0","0","0","1.03","0","0","0","0","0","0","0","13","8.799978"
"8839978","0","0","0","0.93","0","0","0","0","0","0","0","13","8.839978"
"8879978","0","0","0","0.93","0","0","0","0","0","0","0","13","8.879978"
"8919978","0","0","0","0.93","0","0","0","0","0","0","0","13","8.919978"
"8959978","0","0","0","0.95","0","0","0","0","0","0","0","13","8.959978"
"8999978","0","0","0","0.95","0","0","0","0","0","0","0","13","8.999978"
"9039978","0","0","0","1.1","0","0","0","0","0","0","0","13","9.039978"
"9079978","0","0","0","1.1","0","0","0","0","0","0","0","13","9.079978"
"9119978","0","0","0","1.1","0","0","0","0","0","0","0","13","9.119978"
"9159978","0","0","0","1.12","0","0","0","0","0","0","0","13","9.159978"
"9199978","0","0","0","1.12","0","0","0","0","0","0","0","13","9.199978"
"9239978","0","0","0","1.42","0","0","0","0","0","0","0","13","9.239978"
"9279978","0","0","0","1.42","0","0","0","0","0","0","0","13","9.279978"
"9319978","0","0","0","1.42","0","0","0","0","0","0","0","13","9.319978"
"9359978","0","0","0","1.19","0","0","0","0","0","0","0","13","9.359978"
"9399978","0","0","0","1.19","0","0","0","0","0","0","0","13","9.399978"
"9439978","0","0","0","1.51","0","0","0","0","0","0","0","13","9.439978"
"9479978","0","0","0","1.51","0","0","0","0","0","0","0","13","9.479978"
"9519978","0","0","0","1.51","0","0","0","0","0","0","0","13","9.519978"
"9559978","0","0","0","1.39","0","0","0","0","0","0","0","13","9.559978"
"9599978","0","0","0","1.39","0","0","0","0","0","0","0","13","9.599978"
"9639978","0","0","0","1.69","0","0","0","0","0","0","0","13","9.639978"
"9679978","0","0","0","1.69","0","0","0","0","0","0","0","13","9.679978"
"9719978","0","0","0","1.69","0","0","0","0","0","0","0","13","9.719978"
"9759978","0","0","0","1.77","0","0","0","0","0","0","0","13","9.759978"
"9799978","0","0","0","1.77","0","0","0","0","0","0","0","13","9.799978"
"9839978","0","0","0","1.63","0","0","0","0","0","0","0","13","9.839978"
"9879978","0","0","0","1.63","0","0","0","0","0","0","0","13","9.879978"
"9919978","0","0","0","1.63","0","0","0","0","0","0","0","13","9.919978"
"9959978","0","0","0","2.02","0","0","0","0","0","0","0","13","9.959978"
"9999978","0","0","0","2.02","0","0","0","0","0","0","0","13","9.999978"
"10039978","0","0","0","2.09","0","0","0","0","0","0","0","13","10.039978"
"10079978","0","0","0","2.09","0","0","0","0","0","0","0","13","10.079978"
"10119978","0","0","0","2.09","0","0","0","0","0","0","0","13","10.119978"
"10159978","0","0","0","2.11","0","0","0","0","0","0","0","13","10.159978"
"10199978","0","0","0","2.11","0","0","0","0","0","0","0","13","10.199978"
"10239978","0","0","0","2.05","0","0","0","0","0","0","0","13","10.239978"
"10279978","0","0","0","2.05","0","0","0","0","0","0","0","13","10.279978"
"10319978","0","0","0","2.05","0","0","0","0","0","0","0","13","10.319978"
"10359978","0","0","0","2.44","0","0","0","0","0","0","0","13","10.359978"
"10399978","0","0","0","2.44","0","0","0","0","0","0","0","13","10.399978"
"10439978","0","0","0","2.39","0","0","0","0","0","0","0","13","10.439978"
"10479978","0","0","0","2.39","0","0","0","0","0","0","0","13","10.479978"
"10519978","0","0","0","2.39","0","0","0","0","0","0","0","13","10.519978"
"10559978","0","0","0","2.52","0","0","0","0","0","0","0","13","10.559978"
"10599978","0","0","0","2.52","0","0","0","0","0","0","0","13","10.599978"
"10639978","0","0","0","2.71","0","0","-13.854963","0","0","0","0","13","10.639978"
"10679978","0","0","0","2.71","0","0","-13.854963","0","0","0","0","13","10.679978"
"10719978","0","0","0","2.71","0","0","-13.855093","0","0","0","0","13","10.719978"
"10759978","0","0","0","2.78","0","0","-13.855093","0","0","0","0","13","10.759978"
"10799978","0","0","0","2.78","0","0","-13.855093","0","0","0","0","13","10.799978"
"10839978","0","0","0","3.04","0","0","-13.951798","0","0","0","0","13","10.839978"
"10879978","0","0","0","3.04","0","0","-13.951798","0","0","0","0","13","10.879978"
"10919978","0","0","0","3.04","0","0","-13.951968","0","0","0","0","13","10.919978"
"10959978","0","0","0","2.94","0","0","-13.951968","0","0","0","0","13","10.959978"
"10999978","0","0","0","2.94","0","0","-13.951968","0","0","0","0","13","10.999978"
"11039978","0","0","0","3.31","0","0","-14.059316","0","0","0","0","13","11.039978"
"11079978","0","0","0","3.31","0","0","-14.059316","0","0","0","0","13","11.079978"
"11119978","0","0","0","3.31","0","0","-14.059563","0","0","0","0","13","11.119978"
"11159978","0","0","0","3.46","0","0","-14.059563","0","0","0","0","13","11.159978"
"11199978","0","0","0","3.46","0","0","-14.059563","0","0","0","0","13","11.199978"
"11239978","0","0","0","3.57","0","0","-14.184711","0","0","0","0","13","11.239978"
"11279978","0","0","0","3.57","0","0","-14.184711","0","0","0","0","13","11.279978"
"11319978","0","0","0","3.57","0","0","-14.184791","0","0","0","0","13","11.319978"
"11359978","0","0","0","3.58","0","0","-14.184791","0","0","0","0","13","11.359978"
"11399978","0","0","0","3.58","0","0","-14.184791","0","0","0","0","13","11.399978"
"11439978","2.005212","0","0","3.73","0","0","-14.306796","39.905375","116.407823","116.02","0","13","11.439978"
"11479978","2.005212","0","0","3.73","0","0","-14.306796","39.905375","116.407823","116.02","0","13","11.479978"
"11519978","3.4443552","0","0","3.73","0","0","-14.306891","39.905375","116.407823","116.02","0","13","11.519978"
"11559978","3.4443552","0","0","4.05","0","0","-14.306891","39.905375","116.407823","116.02","0","13","11.559978"
"11599978","3.4443552","0","0","4.05","0","0","-14.306891","39.905375","116.407823","116.02","0","13","11.599978"
"11639978","4.9105687","0","0","4.26","0","0","-14.35239","39.905375","116.407823","116.02","0","13","11.639978"
"11679978","4.9105687","0","0","4.26","0","0","-14.35239","39.905375","116.407823","116.02","0","13","11.679978"
"11719978","6.3591256","0","0","4.26","0","0","-14.352532","39.905375","116.407823","116.02","0","13","11.719978"
"11759978","6.3591256","0","0","4.34","0","0","-14.352532","39.905375","116.407823","116.02","0","13","11.759978"
"11799978","6.3591256","0","0","4.34","0","0","-14.352532","39.905375","116.407823","116.02","0","13","11.799978"
"11839978","7.8306007","0","0","4.51","0","0","-14.46297","39.905375","116.407823","116.02","0","13","11.839978"
"11879978","7.8306007","0","0","4.51","0","0","-14.46297","39.905375","116.407823","116.02","0","13","11.879978"
"11919978","9.293615","0","0","4.51","0","0","-14.463091","39.905375","116.407823","116.02","0","13","11.919978"
"11959978","9.293615","0","0","4.64","0","0","-14.463091","39.905375","116.407823","116.02","0","13","11.959978"
"11999978","9.293615","0","0","4.64","0","0","-14.463091","39.905375","116.407823","116.02","0","13","11.999978"
"12039978","10.776652","0","0","4.46","0","0","-14.568453","39.905375","116.407823","116.02","0","13","12.039978"
"12079978","10.776652","0","0","4.46","0","0","-14.568453","39.905375","116.407823","116.02","0","13","12.079978"
"12119978","12.247983","0","0","4.46","0","0","-14.568332","39.905375","116.407823","116.02","0","13","12.119978"
"12159978","12.247983","0","0","4.64","0","0","-14.568332","39.905375","116.407823","116.02","0","13","12.159978"
"12199978","12.247983","0","0","4.64","0","0","-14.568332","39.905375","116.407823","116.02","0","13","12.199978"
"12239978","13.733773","0","0","4.63","0","0","-14.656667","39.905375","116.407823","116.02","0","13","12.239978"
"12279978","13.733773","0","0","4.63","0","0","-14.656667","39.905375","116.407823","116.02","0","13","12.279978"
"12319978","15.213559","0","0","4.63","0","0","-14.656662","39.905375","116.407823","116.02","0","13","12.319978"
"12359978","15.213559","0","0","4.79","0","0","-14.656662","39.905375","116.407823","116.02","0","13","12.359978"
"12399978","15.213559","0","0","4.79","0","0","-14.656662","39.905375","116.407823","116.02","0","13","12.399978"
"12439978","16.694574","0","0","5.07","0","0","-14.655868","39.905375","116.407823","116.02","0","13","12.439978"
"12479978","16.694574","0","0","5.07","0","0","-14.655868","39.905375","116.407823","116.02","0","13","12.479978"
"12519978","18.17184","0","0","5.07","0","0","-14.656069","39.905375","116.407823","116.02","0","13","12.519978"
"12559978","18.17184","0","0","4.87","0","0","-14.656069","39.905375","116.407823","116.02","0","13","12.559978"
"12599978","18.17184","0","0","4.87","0","0","-14.656069","39.905375","116.407823","116.02","0","13","12.599978"
"12639978","19.657946","0","0","5.21","0","0","-14.7087","39.905375","116.407823","116.02","0","13","12.639978"
"12679978","19.657946","0","0","5.21","0","0","-14.7087","39.905375","116.407823","116.02","0","13","12.679978"
"12719978","21.141317","0","0","5.21","0","0","-14.708935","39.905375","116.407823","116.02","0","13","12.719978"
"12759978","21.141317","0","0","5.22","0","0","-14.708935","39.905375","116.407823","116.02","0","13","12.759978"
"12799978","21.141317","0","0","5.22","0","0","-14.708935","39.905375","116.407823","116.02","0","13","12.799978"
"12839978","22.61362","0","0","5.41","0","0","-14.74551","39.905375","116.407823","116.02","0","13","12.839978"
"12879978","22.61362","0","0","5.41","0","0","-14.74551","39.905375","116.407823","116.02","0","13","12.879978"
"12919978","24.091076","0","0","5.41","0","0","-14.745644","39.905375","116.407823","116.02","0","13","12.919978"
"12959978","24.091076","0","0","5.38","0","0","-14.745644","39.905375","116.407823","116.02","0","13","12.959978"
"12999978","24.091076","0","0","5.38","0","0","-14.745644","39.905375","116.407823","116.02","0","13","12.999978"
"13039978","25.565357","0","0","5.34","0","0","-14.766897","39.905375","116.407823","116.02","0","13","13.039978"
"13079978","25.565357","0","0","5.34","0","0","-14.766897","39.905375","116.407823","116.02","0","13","13.079978"
"13119978","27.045942","0","0","5.34","0","0","-14.766874","39.905375","116.407823","116.02","0","13","13.119978"
"13159978","27.045942","0","0","5.38","0","0","-14.766874","39.905375","116.407823","116.02","0","13","13.159978"
"13199978","27.045942","0","0","5.38","0","0","-14.766874","39.905375","116.407823","116.02","0","13","13.199978"
"13239978","28.496416","0","0","5.3","0","0","-14.749385","39.905375","116.407823","116.02","0","13","13.239978"
"13279978","28.496416","0","0","5.3","0","0","-14.749385","39.905375","116.407823","116.02","0","13","13.279978"
"13319978","29.975605","0","0","5.3","0","0","-14.749329","39.905375","116.407823","116.02","0","13","13.319978"
"13359978","29.975605","0","0","5.5","0","0","-14.749329","39.905375","116.407823","116.02","0","13","13.359978"
"13399978","29.975605","0","0","5.5","0","0","-14.749329","39.905375","116.407823","116.02","0","13","13.399978"
"13439978","31.428122","0","0","5.52","0","0","-14.73963","39.905375","116.407823","116.02","0","13","13.439978"
"13479978","31.428122","0","0","5.52","0","0","-14.73963","39.905375","116.407823","116.02","0","13","13.479978"
"13519978","32.900562","0","0","5.52","0","0","-14.739642","39.905375","116.407823","116.02","0","13","13.519978"
"13559978","32.900562","0","0","5.49","0","0","-14.739642","39.905375","116.407823","116.02","0","13","13.559978"
"13599978","32.900562","0","0","5.49","0","0","-14.739642","39.905375","116.407823","116.02","0","13","13.599978"
"13639978","34.330906","0","0","5.52","0","0","-14.71798","39.905375","116.407823","116.02","0","13","13.639978"
"13679978","34.330906","0","0","5.52","0","0","-14.71798","39.905375","116.407823","116.02","0","13","13.679978"
"13719978","35.79829","0","0","5.52","0","0","-14.718008","39.905375","116.407823","116.02","0","13","13.719978"
"13759978","35.79829","0","0","5.73","0","0","-14.718008","39.905375","116.407823","116.02","0","13","13.759978"
"13799978","35.79829","0","0","5.73","0","0","-14.718008","39.905375","116.407823","116.02","0","13","13.799978"
"13839978","37.219204","0","0","5.45","0","0","-14.683421","39.905375","116.407823","116.02","0","13","13.839978"
"13879978","37.219204","0","0","5.45","0","0","-14.683421","39.905375","116.407823","116.02","0","13","13.879978"
"13919978","38.67442","0","0","5.45","0","0","-14.683223","39.905375","116.407823","116.02","0","13","13.919978"
"13959978","38.67442","0","0","5.56","0","0","-14.683223","39.905375","116.407823","116.02","0","13","13.959978"
"13999978","38.67442","0","0","5.56","0","0","-14.683223","39.905375","116.407823","116.02","0","13","13.999978"
"14039978","40.07821","0","0","5.38","0","0","-14.638739","39.905375","116.407823","116.02","0","13","14.039978"
"14079978","40.07821","0","0","5.38","0","0","-14.638739","39.905375","116.407823","116.02","0","13","14.079978"
"14119978","41.522705","0","0","5.38","0","0","-14.638615","39.905375","116.407823","116.02","0","13","14.119978"
"14159978","41.522705","0","0","5.49","0","0","-14.638615","39.905375","116.407823","116.02","0","13","14.159978"
"14199978","41.522705","0","0","5.49","0","0","-14.638615","39.905375","116.407823","116.02","0","13","14.199978"
"14239978","42.918785","0","0","5.37","0","0","-14.607078","39.905375","116.407823","116.02","0","13","14.239978"
"14279978","42.918785","0","0","5.37","0","0","-14.607078","39.905375","116.407823","116.02","0","13","14.279978"
"14319978","44.34573","0","0","5.37","0","0","-14.606995","39.905375","116.407823","116.02","0","13","14.319978"
"14359978","44.34573","0","0","5.57","0","0","-14.606995","39.905375","116.407823","116.02","0","13","14.359978"
"14399978","44.34573","0","0","5.57","0","0","-14.606995","39.905375","116.407823","116.02","0","13","14.399978"
"14439978","45.72717","0","0","5.52","0","0","-14.546573","39.905375","116.407823","116.02","0","13","14.439978"
"14479978","45.72717","0","0","5.52","0","0","-14.546573","39.905375","116.407823","116.02","0","13","14.479978"
"14519978","47.146526","0","0","5.52","0","0","-14.546535","39.905375","116.407823","116.02","0","13","14.519978"
"14559978","47.146526","0","0","5.39","0","0","-14.546535","39.905375","116.407823","116.02","0","13","14.559978"
"14599978","47.146526","0","0","5.39","0","0","-14.546535","39.905375","116.407823","116.02","0","13","14.599978"
"14639978","48.514236","0","0","5.62","0","0","-14.477991","39.905375","116.407823","116.02","0","13","14.639978"
"14679978","48.514236","0","0","5.62","0","0","-14.477991","39.905375","116.407823","116.02","0","13","14.679978"
"14719978","49.91853","0","0","5.62","0","0","-14.478145","39.905375","116.407823","116.02","0","13","14.719978"
"14759978","49.91853","0","0","5.59","0","0","-14.478145","39.905375","116.407823","116.02","0","13","14.759978"
"14799978","49.91853","0","0","5.59","0","0","-14.478145","39.905375","116.407823","116.02","0","13","14.799978"
"14839978","51.273544","0","0","5.42","0","0","-14.40208","39.905375","116.407823","116.02","0","13","14.839978"
"14879978","51.273544","0","0","5.42","0","0","-14.40208","39.905375","116.407823","116.02","0","13","14.879978"
"14919978","52.66384","0","0","5.42","0","0","-14.401959","39.905375","116.407823","116.02","0","13","14.919978"
"14959978","52.66384","0","0","5.41","0","0","-14.401959","39.905375","116.407823","116.02","0","13","14.959978"
"14999978","52.66384","0","0","5.41","0","0","-14.401959","39.905375","116.407823","116.02","0","13","14.999978"
"15039978","53.99022","0","0","5.3","0","0","-14.3221","39.905375","116.407823","116.02","0","13","15.039978"
"15079978","53.99022","0","0","5.3","0","0","-14.3221","39.905375","116.407823","116.02","0","13","15.079978"
"15119978","55.368645","0","0","5.3","0","0","-14.322027","39.905375","116.407823","116.02","0","13","15.119978"
"15159978","55.368645","0","0","5.34","0","0","-14.322027","39.905375","116.407823","116.02","0","13","15.159978"
"15199978","55.368645","0","0","5.34","0","0","-14.322027","39.905375","116.407823","116.02","0","13","15.199978"
"15239978","56.675133","0","0","5.57","0","0","-14.235946","39.905375","116.407823","116.02","0","13","15.239978"
"15279978","56.675133","0","0","5.57","0","0","-14.235946","39.905375","116.407823","116.02","0","13","15.279978"
"15319978","58.03243","0","0","5.57","0","0","-14.236107","39.905375","116.407823","116.02","0","13","15.319978"
"15359978","58.03243","0","0","5.55","0","0","-14.236107","39.905375","116.407823","116.02","0","13","15.359978"
"15399978","58.03243","0","0","5.55","0","0","-14.236107","39.905375","116.407823","116.02","0","13","15.399978"
"15439978","59.3268","0","0","5.14","0","0","-14.184557","39.905375","116.407823","116.02","0","13","15.439978"
"15479978","59.3268","0","0","5.14","0","0","-14.184557","39.905375","116.407823","116.02","0","13","15.479978"
"15519978","60.673397","0","0","5.14","0","0","-14.184275","39.905375","116.407823","116.02","0","13","15.519978"
"15559978","60.673397","0","0","5.2","0","0","-14.184275","39.905375","116.407823","116.02","0","13","15.559978"
"15599978","60.673397","0","0","5.2","0","0","-14.184275","39.905375","116.407823","116.02","0","13","15.599978"
"15639978","61.96432","0","0","5.26","0","0","-14.059488","39.905375","116.407823","116.02","0","13","15.639978"
"15679978","61.96432","0","0","5.26","0","0","-14.059488","39.905375","116.407823","116.02","0","13","15.679978"
"15719978","63.28962","0","0","5.26","0","0","-14.0595255","39.905375","116.407823","116.02","0","13","15.719978"
"15759978","63.28962","0","0","5.36","0","0","-14.0595255","39.905375","116.407823","116.02","0","13","15.759978"
"15799978","63.28962","0","0","5.36","0","0","-14.0595255","39.905375","116.407823","116.02","0","13","15.799978"
"15839978","64.57713","0","0","5.26","0","0","-13.921128","39.905375","116.407823","116.02","0","13","15.839978"
"15879978","64.57713","0","0","5.26","0","0","-13.921128","39.905375","116.407823","116.02","0","13","15.879978"
"15919978","65.88974","0","0","5.26","0","0","-13.921058","39.905375","116.407823","116.02","0","13","15.919978"
"15959978","65.88974","0","0","5.12","0","0","-13.921058","39.905375","116.407823","116.02","0","13","15.959978"
"15999978","65.88974","0","0","5.12","0","0","-13.921058","39.905375","116.407823","116.02","0","13","15.999978"
"16039978","67.16363","0","0","5.08","0","0","-13.822943","39.905375","116.407823","116.02","0","13","16.039978"
"16079978","67.16363","0","0","5.08","0","0","-13.822943","39.905375","116.407823","116.02","0","13","16.079978"
"16119978","68.47009","0","0","5.08","0","0","-13.822915","39.905375","116.407823","116.02","0","13","16.119978"
"16159978","68.47009","0","0","5.09","0","0","-13.822915","39.905375","116.407823","116.02","0","13","16.159978"
"16199978","68.47009","0","0","5.09","0","0","-13.822915","39.905375","116.407823","116.02","0","13","16.199978"
"16239978","69.73635","0","0","5.07","0","0","-13.753117","39.905375","116.407823","116.02","0","13","16.239978"
"16279978","69.73635","0","0","5.07","0","0","-13.753117","39.905375","116.407823","116.02","0","13","16.279978"
"16319978","71.027885","0","0","5.07","0","0","-13.753097","39.905375","116.407823","116.02","0","13","16.319978"
"16359978","71.027885","0","0","4.95","0","0","-13.753097","39.905375","116.407823","116.02","0","13","16.359978"
"16399978","71.027885","0","0","4.95","0","0","-13.753097","39.905375","116.407823","116.02","0","13","16.399978"
"16439978","72.298096","0","0","4.96","0","0","-13.675327","39.905375","116.407823","116.02","0","13","16.439978"
"16479978","72.298096","0","0","4.96","0","0","-13.675327","39.905375","116.407823","116.02","0","13","16.479978"
"16519978","73.58868","0","0","4.96","0","0","-13.675331","39.905375","116.407823","116.02","0","13","16.519978"
"16559978","73.58868","0","0","5.15","0","0","-13.675331","39.905375","116.407823","116.02","0","13","16.559978"
"16599978","73.58868","0","0","5.15","0","0","-13.675331","39.905375","116.407823","116.02","0","13","16.599978"
"16639978","74.86725","0","0","5.04","0","0","-13.588374","39.905375","116.407823","116.02","0","13","16.639978"
"16679978","74.86725","0","0","5.04","0","0","-13.588374","39.905375","116.407823","116.02","0","13","16.679978"
"16719978","76.16429","0","0","5.04","0","0","-13.588298","39.905375","116.407823","116.02","0","13","16.719978"
"16759978","76.16429","0","0","5.12","0","0","-13.588298","39.905375","116.407823","116.02","0","13","16.759978"
"16799978","76.16429","0","0","5.12","0","0","-13.588298","39.905375","116.407823","116.02","0","13","16.799978"
"16839978","77.44612","0","0","5.01","0","0","-13.499298","39.905375","116.407823","116.02","0","13","16.839978"
"16879978","77.44612","0","0","5.01","0","0","-13.499298","39.905375","116.407823","116.02","0","13","16.879978"
"16919978","78.73552","0","0","5.01","0","0","-13.499229","39.905375","116.407823","116.02","0","13","16.919978"
"16959978","78.73552","0","0","4.82","0","0","-13.499229","39.905375","116.407823","116.02","0","13","16.959978"
"16999978","78.73552","0","0","4.82","0","0","-13.499229","39.905375","116.407823","116.02","0","13","16.999978"
"17039978","80.02488","0","0","4.66","0","0","-13.412912","39.905375","116.407823","116.02","0","13","17.039978"
"17079978","80.02488","0","0","4.66","0","0","-13.412912","39.905375","116.407823","116.02","0","13","17.079978"
"17119978","81.316574","0","0","4.66","0","0","-13.412808","39.905375","116.407823","116.02","0","13","17.119978"
"17159978","81.316574","0","0","4.69","0","0","-13.412808","39.905375","116.407823","116.02","0","13","17.159978"
"17199978","81.316574","0","0","4.69","0","0","-13.412808","39.905375","116.407823","116.02","0","13","17.199978"
"17239978","82.588486","0","0","4.78","0","0","-13.33106","39.905375","116.407823","116.02","0","13","17.239978"
"17279978","82.588486","0","0","4.78","0","0","-13.33106","39.905375","116.407823","116.02","0","13","17.279978"
"17319978","83.88167","0","0","4.78","0","0","-13.331118","39.905375","116.407823","116.02","0","13","17.319978"
"17359978","83.88167","0","0","4.74","0","0","-13.331118","39.905375","116.407823","116.02","0","13","17.359978"
"17399978","83.88167","0","0","4.74","0","0","-13.331118","39.905375","116.407823","116.02","0","13","17.399978"
"17439978","85.14375","0","0","4.51","0","0","-13.249388","39.905375","116.407823","116.02","0","13","17.439978"
"17479978","85.14375","0","0","4.51","0","0","-13.249388","39.905375","116.407823","116.02","0","13","17.479978"
"17519978","86.43249","0","0","4.51","0","0","-13.249243","39.905375","116.407823","116.02","0","13","17.519978"
"17559978","86.43249","0","0","4.52","0","0","-13.249243","39.905375","116.407823","116.02","0","13","17.559978"
"17599978","86.43249","0","0","4.52","0","0","-13.249243","39.905375","116.407823","116.02","0","13","17.599978"
"17639978","87.708916","0","0","4.68","0","0","-13.167208","39.905375","116.407823","116.02","0","13","17.639978"
"17679978","87.708916","0","0","4.68","0","0","-13.167208","39.905375","116.407823","116.02","0","13","17.679978"
"17719978","88.981636","0","0","4.68","0","0","-13.167309","39.905375","116.407823","116.02","0","13","17.719978"
"17759978","88.981636","0","0","4.58","0","0","-13.167309","39.905375","116.407823","116.02","0","13","17.759978"
"17799978","88.981636","0","0","4.58","0","0","-13.167309","39.905375","116.407823","116.02","0","13","17.799978"
"17839978","90.252914","0","0","4.37","0","0","-13.086381","39.905375","116.407823","116.02","0","13","17.839978"
"17879978","90.252914","0","0","4.37","0","0","-13.086381","39.905375","116.407823","116.02","0","13","17.879978"
"17919978","91.52867","0","0","4.37","0","0","-13.086246","39.905375","116.407823","116.02","0","13","17.919978"
"17959978","91.52867","0","0","4.38","0","0","-13.086246","39.905375","116.407823","116.02","0","13","17.959978"
"17999978","91.52867","0","0","4.38","0","0","-13.086246","39.905375","116.407823","116.02","0","13","17.999978"
"18039978","92.78839","0","0","4.65","0","0","-13.006817","39.905375","116.407823","116.02","0","13","18.039978"
"18079978","92.78839","0","0","4.65","0","0","-13.006817","39.905375","116.407823","116.02","0","13","18.079978"
"18119978","94.06375","0","0","4.65","0","0","-13.006981","39.905375","116.407823","116.02","0","13","18.119978"
"18159978","94.06375","0","0","4.38","0","0","-13.006981","39.905375","116.407823","116.02","0","13","18.159978"
"18199978","94.06375","0","0","4.38","0","0","-13.006981","39.905375","116.407823","116.02","0","13","18.199978"
"18239978","95.324","0","0","4.21","0","0","-12.929809","39.905375","116.407823","116.02","0","13","18.239978"
"18279978","95.324","0","0","4.21","0","0","-12.929809","39.905375","116.407823","116.02","0","13","18.279978"
"18319978","96.59046","0","0","4.21","0","0","-12.929701","39.905375","116.407823","116.02","0","13","18.319978"
"18359978","96.59046","0","0","4.53","0","0","-12.929701","39.905375","116.407823","116.02","0","13","18.359978"
"18399978","96.59046","0","0","4.53","0","0","-12.929701","39.905375","116.407823","116.02","0","13","18.399978"
"18439978","97.83845","0","0","4.22","0","0","-12.856314","39.905375","116.407823","116.02","0","13","18.439978"
"18479978","97.83845","0","0","4.22","0","0","-12.856314","39.905375","116.407823","116.02","0","13","18.479978"
"18519978","99.098915","0","0","4.22","0","0","-12.856126","39.905375","116.407823","116.02","0","13","18.519978"
"18559978","99.098915","0","0","4.41","0","0","-12.856126","39.905375","116.407823","116.02","0","13","18.559978"
"18599978","99.098915","0","0","4.41","0","0","-12.856126","39.905375","116.407823","116.02","0","13","18.599978"
"18639978","100.34412","0","0","4.33","0","0","-12.7855625","39.905375","116.407823","116.02","0","13","18.639978"
"18679978","100.34412","0","0","4.33","0","0","-12.7855625","39.905375","116.407823","116.02","0","13","18.679978"
"18719978","101.598495","0","0","4.33","0","0","-12.785512","39.905375","116.407823","116.02","0","13","18.719978"
"18759978","101.598495","0","0","4.34","0","0","-12.785512","39.905375","116.407823","116.02","0","13","18.759978"
"18799978","101.598495","0","0","4.34","0","0","-12.785512","39.905375","116.407823","116.02","0","13","18.799978"
"18839978","102.85047","0","0","4.08","0","0","-12.720136","39.905375","116.407823","116.02","0","13","18.839978"
"18879978","102.85047","0","0","4.08","0","0","-12.720136","39.905375","116.407823","116.02","0","13","18.879978"
"18919978","104.10676","0","0","4.08","0","0","-12.719975","39.905375","116.407823","116.02","0","13","18.919978"
"18959978","104.10676","0","0","3.99","0","0","-12.719975","39.905375","116.407823","116.02","0","13","18.959978"
"18999978","104.10676","0","0","3.99","0","0","-12.719975","39.905375","116.407823","116.02","0","13","18.999978"
"19039978","105.34772","0","0","4.02","0","0","-12.657786","39.905375","116.407823","116.02","0","13","19.039978"
"19079978","105.34772","0","0","4.02","0","0","-12.657786","39.905375","116.407823","116.02","0","13","19.079978"
"19119978","106.594215","0","0","4.02","0","0","-12.6578","39.905375","116.407823","116.02","0","13","19.119978"
"19159978","106.594215","0","0","4.09","0","0","-12.6578","39.905375","116.407823","116.02","0","13","19.159978"
"19199978","106.594215","0","0","4.09","0","0","-12.6578","39.905375","116.407823","116.02","0","13","19.199978"
"19239978","107.82531","0","0","4.02","0","0","-12.6017475","39.905375","116.407823","116.02","0","13","19.239978"
"19279978","107.82531","0","0","4.02","0","0","-12.6017475","39.905375","116.407823","116.02","0","13","19.279978"
"19319978","109.073425","0","0","4.02","0","0","-12.601706","39.905375","116.407823","116.02","0","13","19.319978"
"19359978","109.073425","0","0","3.86","0","0","-12.601706","39.905375","116.407823","116.02","0","13","19.359978"
"19399978","109.073425","0","0","3.86","0","0","-12.601706","39.905375","116.407823","116.02","0","13","19.399978"
"19439978","110.29899","0","0","3.85","0","0","-12.548494","39.905375","116.407823","116.02","0","13","19.439978"
"19479978","110.29899","0","0","3.85","0","0","-12.548494","39.905375","116.407823","116.02","0","13","19.479978"
"19519978","111.54044","0","0","3.85","0","0","-12.548493","39.905375","116.407823","116.02","0","13","19.519978"
"19559978","111.54044","0","0","3.89","0","0","-12.548493","39.905375","116.407823","116.02","0","13","19.559978"
"19599978","111.54044","0","0","3.89","0","0","-12.548493","39.905375","116.407823","116.02","0","13","19.599978"
"19639978","112.76647","0","0","3.87","0","0","-12.499414","39.905375","116.407823","116.02","0","13","19.639978"
"19679978","112.76647","0","0","3.87","0","0","-12.499414","39.905375","116.407823","116.02","0","13","19.679978"
"19719978","114.00937","0","0","3.87","0","0","-12.499395","39.905375","116.407823","116.02","0","13","19.719978"
"19759978","114.00937","0","0","3.64","0","0","-12.499395","39.905375","116.407823","116.02","0","13","19.759978"
"19799978","114.00937","0","0","3.64","0","0","-12.499395","39.905375","116.407823","116.02","0","13","19.799978"
"19839978","115.24486","0","0","3.91","0","0","-12.453808","39.905375","116.407823","116.02","0","13","19.839978"
"19879978","115.24486","0","0","3.91","0","0","-12.453808","39.905375","116.407823","116.02","0","13","19.879978"
"19919978","116.48102","0","0","3.91","0","0","-12.453971","39.905375","116.407823","116.02","0","13","19.919978"
"19959978","116.48102","0","0","3.61","0","0","-12.453971","39.905375","116.407823","116.02","0","13","19.959978"
"19999978","116.48102","0","0","3.61","0","0","-12.453971","39.905375","116.407823","116.02","0","13","19.999978"
"20039978","117.69801","0","0","3.52","0","0","-12.412717","39.905375","116.407823","116.02","0","13","20.039978"
"20079978","117.69801","0","0","3.52","0","0","-12.412717","39.905375","116.407823","116.02","0","13","20.079978"
"20119978","118.931694","0","0","3.52","0","0","-12.4126625","39.905375","116.407823","116.02","0","13","20.119978"
"20159978","118.931694","0","0","3.6","0","0","-12.4126625","39.905375","116.407823","116.02","0","13","20.159978"
"20199978","118.931694","0","0","3.6","0","0","-12.4126625","39.905375","116.407823","116.02","0","13","20.199978"
"20239978","120.15362","0","0","3.43","0","0","-12.375797","39.905375","116.407823","116.02","0","13","20.239978"
"20279978","120.15362","0","0","3.43","0","0","-12.375797","39.905375","116.407823","116.02","0","13","20.279978"
"20319978","121.38041","0","0","3.43","0","0","-12.375699","39.905375","116.407823","116.02","0","13","20.319978"
"20359978","121.38041","0","0","3.55","0","0","-12.375699","39.905375","116.407823","116.02","0","13","20.359978"
"20399978","121.38041","0","0","3.55","0","0","-12.375699","39.905375","116.407823","116.02","0","13","20.399978"
"20439978","122.6035","0","0","3.4","0","0","-12.341285","39.905375","116.407823","116.02","0","13","20.439978"
"20479978","122.6035","0","0","3.4","0","0","-12.341285","39.905375","116.407823","116.02","0","13","20.479978"
"20519978","123.82336","0","0","3.4","0","0","-12.341196","39.905375","116.407823","116.02","0","13","20.519978"
"20559978","123.82336","0","0","3.61","0","0","-12.341196","39.905375","116.407823","116.02","0","13","20.559978"
"20599978","123.82336","0","0","3.61","0","0","-12.341196","39.905375","116.407823","116.02","0","13","20.599978"
"20639978","125.04757","0","0","3.48","0","0","-12.310816","39.905375","116.407823","116.02","0","13","20.639978"
"20679978","125.04757","0","0","3.48","0","0","-12.310816","39.905375","116.407823","116.02","0","13","20.679978"
"20719978","126.27647","0","0","3.48","0","0","-12.3107395","39.905375","116.407823","116.02","0","13","20.719978"
"20759978","126.27647","0","0","3.47","0","0","-12.3107395","39.905375","116.407823","116.02","0","13","20.759978"
"20799978","126.27647","0","0","3.47","0","0","-12.3107395","39.905375","116.407823","116.02","0","13","20.799978"
"20839978","127.49372","0","0","3.31","0","0","-12.282719","39.905375","116.407823","116.02","0","13","20.839978"
"20879978","127.49372","0","0","3.31","0","0","-12.282719","39.905375","116.407823","116.02","0","13","20.879978"
"20919978","128.71559","0","0","3.31","0","0","-12.2826185","39.905375","116.407823","116.02","0","13","20.919978"
"20959978","128.71559","0","0","3.5","0","0","-12.2826185","39.905375","116.407823","116.02","0","13","20.959978"
"20999978","128.71559","0","0","3.5","0","0","-12.2826185","39.905375","116.407823","116.02","0","13","20.999978"
"21039978","129.92194","0","0","3.25","0","0","-12.258633","39.905375","116.407823","116.02","0","13","21.039978"
"21079978","129.92194","0","0","3.25","0","0","-12.258633","39.905375","116.407823","116.02","0","13","21.079978"
"21119978","131.14471","0","0","3.25","0","0","-12.258481","39.905375","116.407823","116.02","0","13","21.119978"
"21159978","131.14471","0","0","3.12","0","0","-12.258481","39.905375","116.407823","116.02","0","13","21.159978"
"21199978","131.14471","0","0","3.12","0","0","-12.258481","39.905375","116.407823","116.02","0","13","21.199978"
"21239978","132.36392","0","0","3.17","0","0","-12.237198","39.905375","116.407823","116.02","0","13","21.239978"
"21279978","132.36392","0","0","3.17","0","0","-12.237198","39.905375","116.407823","116.02","0","13","21.279978"
"21319978","133.5796","0","0","3.17","0","0","-12.237227","39.905375","116.407823","116.02","0","13","21.319978"
"21359978","133.5796","0","0","3.12","0","0","-12.237227","39.905375","116.407823","116.02","0","13","21.359978"
"21399978","133.5796","0","0","3.12","0","0","-12.237227","39.905375","116.407823","116.02","0","13","21.399978"
"21439978","134.79973","0","0","3.3","0","0","-12.219092","39.905375","116.407823","116.02","0","13","21.439978"
"21479978","134.79973","0","0","3.3","0","0","-12.219092","39.905375","116.407823","116.02","0","13","21.479978"
"21519978","136.01627","0","0","3.3","0","0","-12.219197","39.905375","116.407823","116.02","0","13","21.519978"
"21559978","136.01627","0","0","3.12","0","0","-12.219197","39.905375","116.407823","116.02","0","13","21.559978"
"21599978","136.01627","0","0","3.12","0","0","-12.219197","39.905375","116.407823","116.02","0","13","21.599978"
"21639978","137.22133","0","0","2.91","0","0","-12.202653","39.905375","116.407823","116.02","0","13","21.639978"
"21679978","137.22133","0","0","2.91","0","0","-12.202653","39.905375","116.407823","116.02","0","13","21.679978"
"21719978","138.43867","0","0","2.91","0","0","-12.202531","39.905375","116.407823","116.02","0","13","21.719978"
"21759978","138.43867","0","0","3.23","0","0","-12.202531","39.905375","116.407823","116.02","0","13","21.759978"
"21799978","138.43867","0","0","3.23","0","0","-12.202531","39.905375","116.407823","116.02","0","13","21.799978"
"21839978","138.28711","0","0","-0.5","0","0","-12.189076","39.905375","116.407823","116.02","0","13","21.839978"
"21879978","138.28711","0","0","-0.5","0","0","-12.189076","39.905375","116.407823","116.02","0","13","21.879978"
"21919978","140.16841","0","0","-0.5","0","0","-13.159878","39.905375","116.407823","116.02","0","13","21.919978"
"21959978","140.16841","0","0","-0.51","0","0","-13.159878","39.905375","116.407823","116.02","0","13","21.959978"
"21999978","140.16841","0","0","-0.54","0","0","-13.159878","39.905375","116.407823","116.02","0","13","21.999978"
"22039978","142.18674","0","0","-0.59","0","0","-12.637145","39.905375","116.407823","116.02","0","13","22.039978"
"22079978","142.18674","0","0","-0.65","0","0","-12.637145","39.905375","116.407823","116.02","0","13","22.079978"
"22119978","144.01433","0","0","-0.71","0","0","-12.741629","39.905375","116.407823","116.02","0","13","22.119978"
"22159978","144.01433","0","0","-0.79","0","0","-12.741629","39.905375","116.407823","116.02","0","13","22.159978"
"22199978","144.01433","0","0","-0.88","0","0","-12.741629","39.905375","116.407823","116.02","0","13","22.199978"
"22239978","145.66283","0","0","-1","0","0","-12.901284","39.905375","116.407823","116.02","0","13","22.239978"
"22279978","145.66283","0","0","-1.13","0","0","-12.901284","39.905375","116.407823","116.02","0","13","22.279978"
"22319978","147.15993","0","0","-1.27","0","0","-12.885399","39.905375","116.407823","116.02","0","13","22.319978"
"22359978","147.15993","0","0","-1.42","0","0","-12.885399","39.905375","116.407823","116.02","0","13","22.359978"
"22399978","147.15993","0","0","-1.56","0","0","-12.885399","39.905375","116.407823","116.02","0","13","22.399978"
"22439978","148.5291","0","0","-1.72","0","0","-12.786786","39.905375","116.407823","116.02","0","13","22.439978"
"22479978","148.5291","0","0","-1.87","0","0","-12.786786","39.905375","116.407823","116.02","0","13","22.479978"
"22519978","149.75427","0","0","-2.02","0","0","-12.538279","39.905375","116.407823","116.02","0","13","22.519978"
"22559978","149.75427","0","0","-2.16","0","0","-12.538279","39.905375","116.407823","116.02","0","13","22.559978"
"22599978","149.75427","0","0","-2.3","0","0","-12.538279","39.905375","116.407823","116.02","0","13","22.599978"
"22639978","150.89964","0","0","-2.42","0","0","-12.32581","39.905375","116.407823","116.02","0","13","22.639978"
"22679978","150.89964","0","0","-2.53","0","0","-12.32581","39.905375","116.407823","116.02","0","13","22.679978"
"22719978","151.96515","0","0","-2.64","0","0","-12.111944","39.905375","116.407823","116.02","0","13","22.719978"
"22759978","151.96515","0","0","-2.73","0","0","-12.111944","39.905375","116.407823","116.02","0","13","22.759978"
"22799978","151.96515","0","0","-2.81","0","0","-12.111944","39.905375","116.407823","116.02","0","13","22.799978"
"22839978","152.99867","0","0","-2.88","0","0","-11.988271","39.905375","116.407823","116.02","0","13","22.839978"
"22879978","152.99867","0","0","-2.95","0","0","-11.988271","39.905375","116.407823","116.02","0","13","22.879978"
"22919978","154.01234","0","0","-3","0","0","-11.929851","39.905375","116.407823","116.02","0","13","22.919978"
"22959978","154.01234","0","0","-3.05","0","0","-11.929851","39.905375","116.407823","116.02","0","13","22.959978"
"22999978","154.01234","0","0","-3.1","0","0","-11.929851","39.905375","116.407823","116.02","0","13","22.999978"
"23039978","155.0262","0","0","-3.14","0","0","-11.936342","39.905375","116.407823","116.02","0","13","23.039978"
"23079978","155.0262","0","0","-3.18","0","0","-11.936342","39.905375","116.407823","116.02","0","13","23.079978"
"23119978","156.04454","0","0","-3.22","0","0","-12.007902","39.905375","116.407823","116.02","0","13","23.119978"
"23159978","156.04454","0","0","-3.26","0","0","-12.007902","39.905375","116.407823","116.02","0","13","23.159978"
"23199978","156.04454","0","0","-3.29","0","0","-12.007902","39.905375","116.407823","116.02","0","13","23.199978"
"23239978","157.08315","0","0","-3.33","0","0","-12.121327","39.905375","116.407823","116.02","0","13","23.239978"
"23279978","157.08315","0","0","-3.36","0","0","-12.121327","39.905375","116.407823","116.02","0","13","23.279978"
"23319978","158.12195","0","0","-3.4","0","0","-12.287551","39.905375","116.407823","116.02","0","13","23.319978"
"23359978","158.12195","0","0","-3.43","0","0","-12.287551","39.905375","116.407823","116.02","0","13","23.359978"
"23399978","158.12195","0","0","-3.46","0","0","-12.287551","39.905375","116.407823","116.02","0","13","23.399978"
"23439978","159.18102","0","0","-3.49","0","0","-12.50084","39.905375","116.407823","116.02","0","13","23.439978"
"23479978","159.18102","0","0","-3.52","0","0","-12.50084","39.905375","116.407823","116.02","0","13","23.479978"
"23519978","160.24382","0","0","-3.54","0","0","-12.756811","39.905375","116.407823","116.02","0","13","23.519978"
"23559978","160.24382","0","0","-3.56","0","0","-12.756811","39.905375","116.407823","116.02","0","13","23.559978"
"23599978","160.24382","0","0","-3.58","0","0","-12.756811","39.905375","116.407823","116.02","0","13","23.599978"
"23639978","161.3312","0","0","-3.59","0","0","-13.081849","39.905375","116.407823","116.02","0","13","23.639978"
"23679978","161.3312","0","0","-3.6","0","0","-13.081849","39.905375","116.407823","116.02","0","13","23.679978"
"23719978","162.42229","0","0","-3.61","0","0","-13.417207","39.905375","116.407823","116.02","0","13","23.719978"
"23759978","162.42229","0","0","-3.62","0","0","-13.417207","39.905375","116.407823","116.02","0","13","23.759978"
"23799978","162.42229","0","0","-3.62","0","0","-13.417207","39.905375","116.407823","116.02","0","13","23.799978"
"23839978","163.54147","0","0","-3.63","0","0","-13.83475","39.905375","116.407823","116.02","0","13","23.839978"
"23879978","163.54147","0","0","-3.64","0","0","-13.83475","39.905375","116.407823","116.02","0","13","23.879978"
"23919978","164.6608","0","0","-3.64","0","0","-14.206747","39.905375","116.407823","116.02","0","13","23.919978"
"23959978","164.6608","0","0","-3.65","0","0","-14.206747","39.905375","116.407823","116.02","0","13","23.959978"
