"TimeUS","NavRoll","Roll","NavPitch","Pitch","ThO","RdO","ThD","As","AsT","E2T","GU","ap_time_s"
"3059985","0","0","-2.85","-2.85","0","0","0","0","2","0.999976","0","3.059985"
"3099985","0","0","-2.89","-2.89","43.75","0","0","0","2","0.999976","0","3.099985"
"3139985","0","0","-2.91","-2.91","43.75","0","0","0","2","0.9999876","0","3.139985"
"3179985","0","0","-2.93","-2.93","43.625","0","0","0","2","0.9999876","0","3.179985"
"3219985","0","0","-2.93","-2.93","43.375","0","0","0","2","0.9999876","0","3.219985"
"3259985","0","0","-2.91","-2.91","43.125","0","0","0","2","0.9999858","0","3.259985"
"3299985","0","0","-2.86","-2.86","42.75","0","0","0","2","0.9999858","0","3.299985"
"3359984","0","0.01","0.65","-2.77","42.5","0","0","0","2","0.999993","0","3.359984"
"3399984","0","0.01","0.71","-2.68","42","0","0","0","2","0.999993","0","3.399984"
"3439984","0","0.01","0.72","-2.49","41.625","0","0","0","2","0.999993","0","3.439984"
"3479984","0","0.01","0.72","-2.15","41.375","1","0","0","2","0.9999926","0","3.479984"
"3519984","0","0.01","0.77","-1.71","41.125","1","0","0","2","0.9999926","0","3.519984"
"3559984","0","0.01","0.77","-1.17","40.875","1","0","0","2","0.9999762","0","3.559984"
"3599984","0","0.01","0.77","-0.59","40.75","1","0","0","2","0.9999762","0","3.599984"
"3639984","0","0.02","0.77","-0.01","40.5","1","0","0","2","0.9999762","0","3.639984"
"3679984","0","0.02","0.77","0.52","40.375","1","0","0","2","0.9999791","0","3.679984"
"3719984","0","0.02","0.81","0.97","40.375","1","0","0","2","0.9999791","0","3.719984"
"3759984","0","0.02","0.81","1.32","40.375","1","0","0","2","0.999983","0","3.759984"
"3799984","0","0.02","0.81","1.54","40.375","1","0","0","2","0.999983","0","3.799984"
"3859983","0","0.02","0.77","1.62","40.375","1","0","0","2","0.999983","0","3.859983"
"3899983","0","0.02","0.77","1.53","40.5","1","0","0","2","0.9999858","0","3.899983"
"3939983","0","0.02","0.77","1.34","40.625","1","0","0","2","0.9999858","0","3.939983"
"3979983","0","0.02","0.77","1.07","40.75","1","0","0","2","0.9999725","0","3.979983"
"4019983","0","0.02","0.72","0.76","40.875","1","0","0","2","0.9999725","0","4.019983"
"4079981","0","0.02","0.72","0.3","41","1","0","0","2","0.9999725","0","4.079981"
"4139979","0","0.02","0.77","-0.06","41.125","1","0","0","2","0.9999762","0","4.139979"
"4199978","0","0.02","0.77","-0.26","41.125","1","0","0","2","0.9999762","0","4.199978"
"4239978","0","0.02","0.72","-0.29","41.125","1","0","0","2","0.9999888","0","4.239978"
"4279978","0","0.02","0.72","-0.23","41.125","1","0","0","2","0.9999888","0","4.279978"
"4319978","0","0.02","0.72","-0.08","41.125","0","0","0","2","0.9999888","0","4.319978"
"4359978","0","0.02","0.72","0.11","41","0","0","0","2","0.99998903","0","4.359978"
"4399978","0","0.02","0.72","0.35","41","0","0","0","2","0.99998903","0","4.399978"
"4439978","0","0.02","0.72","0.61","41","0","0","0","2","0.9999786","0","4.439978"
"4479978","0","0.02","0.72","0.84","41","0","0","0","2","0.9999786","0","4.479978"
"4519978","0","0.02","0.72","1.04","41","0","0","0","2","0.9999786","0","4.519978"
"4559978","0","0.02","0.72","1.18","41.125","0","0","0","2","0.99997455","0","4.559978"
"4599978","0","0.02","0.72","1.26","41.125","0","0","0","2","0.99997455","0","4.599978"
"4639978","0","0.02","0.72","1.27","41.125","0","0","0","2","0.9999868","0","4.639978"
"4679978","0","0.02","0.72","1.23","41.25","0","0","0","2","0.9999868","0","4.679978"
"4719978","0","0.02","0.67","1.13","41.375","0","0","0","2","0.9999868","0","4.719978"
"4759978","0","0.02","0.67","0.99","41.375","0","0","0","2","0.999983","0","4.759978"
"4799978","0","0.02","0.67","0.83","41.5","0","0","0","2","0.999983","0","4.799978"
"4839978","0","0.02","0.67","0.66","41.5","0","0","0","2","0.9999919","0","4.839978"
"4879978","0","0.02","0.67","0.49","41.5","0","0","0","2","0.9999919","0","4.879978"
"4919978","0","0.02","0.61","0.35","41.625","0","0","0","2","0.9999919","0","4.919978"
"4959978","0","0.02","0.61","0.23","41.625","0","0","0","2","0.9999819","0","4.959978"
"4999978","0","0.02","0.61","0.15","41.625","0","0","0","2","0.9999819","0","4.999978"
"5039978","14.05","0.02","0.61","0.11","41.625","49","0","0","2","0.999985","0","5.039978"
"5079978","14.05","0.03","0.61","0.12","41.625","73","0","0","2","0.999985","0","5.079978"
"5119978","14.05","0.13","0.61","0.16","41.625","98","0","0","2","0.999985","0","5.119978"
"5159978","14.05","0.4","0.61","0.24","41.625","140","0","0","2","0.9999949","0","5.159978"
"5199978","14.05","0.83","0.61","0.33","41.625","209","0","0","2","0.9999949","0","5.199978"
"5239978","14.05","1.39","0.61","0.44","41.5","305","0","0","2","0.9999895","0","5.239978"
"5279978","14.05","2.03","0.61","0.56","41.5","432","0","0","2","0.9999895","0","5.279978"
"5319978","14.05","2.7","0.61","0.66","41.5","587","0","0","2","0.9999895","0","5.319978"
"5359978","14.05","3.36","0.61","0.75","41.5","771","0","0","2","0.9999885","0","5.359978"
"5399978","14.05","4","0.57","0.82","41.5","973","0","0","2","0.9999885","0","5.399978"
"5439978","14.05","4.6","0.57","0.86","41.625","1189","0","0","2","0.99999034","0","5.439978"
"5479978","14.05","5.16","0.57","0.88","41.625","1408","0","0","2","0.99999034","0","5.479978"
"5519978","14.05","5.66","0.57","0.88","41.625","1620","0","0","2","0.99999034","0","5.519978"
"5559978","14.05","6.11","0.57","0.86","41.625","1811","0","0","2","0.9999823","0","5.559978"
"5599978","14.05","6.52","0.57","0.82","41.625","1974","0","0","2","0.9999823","0","5.599978"
"5639978","14.05","6.89","0.57","0.78","41.75","2097","0","0","2","0.9999993","0","5.639978"
"5679978","14.05","7.23","0.57","0.73","41.75","2174","0","0","2","0.9999993","0","5.679978"
"5719978","14.05","7.56","0.57","0.69","41.75","2199","0","0","2","0.9999993","0","5.719978"
"5759978","14.05","7.86","0.57","0.65","41.75","2163","0","0","2","0.9999925","0","5.759978"
"5799978","14.05","8.15","0.57","0.61","41.75","2076","0","0","2","0.9999925","0","5.799978"
"5839978","14.05","8.43","0.57","0.58","41.75","1935","0","0","2","0.99998695","0","5.839978"
"5879978","14.05","8.72","0.57","0.56","41.75","1747","0","0","2","0.99998695","0","5.879978"
"5919978","14.05","9.01","0.57","0.54","41.75","1521","0","0","2","0.99998695","0","5.919978"
"5959978","14.05","9.31","0.57","0.54","41.625","1262","0","0","2","0.99999034","0","5.959978"
"5999978","14.05","9.6","0.57","0.54","41.625","983","0","0","2","0.99999034","0","5.999978"
"6039978","14.05","9.9","0.57","0.55","41.625","693","0","0","2","0.99999714","0","6.039978"
"6079978","14.05","10.19","0.57","0.56","41.5","403","0","0","2","0.99999714","0","6.079978"
"6119978","14.05","10.48","0.57","0.58","41.5","125","0","0","2","0.99999714","0","6.119978"
"6159978","14.05","10.77","0.57","0.59","41.5","-131","0","0","2","0.9999888","0","6.159978"
"6199978","14.05","11.04","0.57","0.6","41.375","-360","0","0","2","0.9999888","0","6.199978"
"6239978","14.05","11.3","0.57","0.61","41.375","-553","0","0","2","0.99998385","0","6.239978"
"6279978","14.05","11.54","0.57","0.62","41.25","-705","0","0","2","0.99998385","0","6.279978"
"6319978","14.05","11.76","0.57","0.63","41.25","-812","0","0","2","0.99998385","0","6.319978"
"6359978","14.05","11.96","0.57","0.64","41.125","-876","0","0","2","0.999993","0","6.359978"
"6399978","14.05","12.13","0.57","0.64","41.125","-894","0","0","2","0.999993","0","6.399978"
"6439978","14.05","12.26","0.57","0.66","41","-876","0","0","2","0.9999987","0","6.439978"
"6479978","14.05","12.37","0.57","0.68","41","-818","0","0","2","0.9999987","0","6.479978"
"6519978","14.05","12.46","0.57","0.7","40.875","-728","0","0","2","0.9999987","0","6.519978"
"6559978","14.05","12.53","0.52","0.72","40.875","-618","0","0","2","0.99998355","0","6.559978"
"6599978","14.05","12.59","0.56","0.75","40.75","-487","0","0","2","0.99998355","0","6.599978"
"6639978","14.05","12.62","0.56","0.78","40.75","-349","0","0","2","0.99999034","0","6.639978"
"6679978","14.05","12.63","0.56","0.81","40.625","-211","0","0","2","0.99999034","0","6.679978"
"6719978","14.05","12.63","0.56","0.84","40.625","-78","0","0","2","0.99999034","0","6.719978"
"6759978","14.05","12.63","0.56","0.86","40.5","41","0","0","2","0.99999404","0","6.759978"
"6799978","14.05","12.63","0.56","0.88","40.5","143","0","0","2","0.99999404","0","6.799978"
"6839978","14.05","12.63","0.56","0.89","40.375","222","0","0","2","0.9999791","0","6.839978"
"6879978","14.05","12.63","0.56","0.89","40.375","275","0","0","2","0.9999791","0","6.879978"
"6919978","14.05","12.63","0.56","0.89","40.25","299","0","0","2","0.9999791","0","6.919978"
"6959978","14.05","12.65","0.62","0.87","40.25","297","0","0","2","0.9999847","0","6.959978"
"6999978","14.05","12.67","0.62","0.85","40.125","267","0","0","2","0.9999847","0","6.999978"
"7039978","14.05","12.7","0.62","0.82","40.125","213","0","0","2","0.99997705","0","7.039978"
"7079978","14.05","12.75","0.62","0.79","40","136","0","0","2","0.99997705","0","7.079978"
"7119978","14.05","12.8","0.62","0.76","39.875","42","0","0","2","0.99997705","0","7.119978"
"7159978","14.05","12.86","0.58","0.73","39.875","-65","0","0","2","0.99999136","0","7.159978"
"7199978","14.05","12.92","0.63","0.71","39.75","-181","0","0","2","0.99999136","0","7.199978"
"7239978","14.05","12.99","0.63","0.69","39.625","-302","0","0","2","0.99999106","0","7.239978"
"7279978","14.05","13.05","0.63","0.68","39.5","-420","0","0","2","0.99999106","0","7.279978"
"7319978","14.05","13.13","0.63","0.68","39.5","-532","0","0","2","0.99999106","0","7.319978"
"7359978","14.05","13.2","0.68","0.68","39.375","-636","0","0","2","0.99998313","0","7.359978"
"7399978","14.05","13.26","0.68","0.69","39.25","-723","0","0","2","0.99998313","0","7.399978"
"7439978","14.05","13.33","0.68","0.71","39.125","-801","0","0","2","0.9999725","0","7.439978"
"7479978","14.05","13.38","0.68","0.73","39","-853","0","0","2","0.9999725","0","7.479978"
"7519978","14.05","13.43","0.73","0.76","38.875","-886","0","0","2","0.9999725","0","7.519978"
"7559978","14.05","13.46","0.68","0.79","38.75","-905","0","0","2","0.9999737","0","7.559978"
"7599978","14.05","13.49","0.68","0.83","38.625","-899","0","0","2","0.9999737","0","7.599978"
"7639978","14.05","13.51","0.72","0.86","38.5","-882","0","0","2","0.9999764","0","7.639978"
"7679978","14.05","13.53","0.72","0.88","38.375","-843","0","0","2","0.9999764","0","7.679978"
"7719978","14.05","13.54","0.72","0.91","38.25","-793","0","0","2","0.9999764","0","7.719978"
"7759978","14.05","13.53","0.72","0.92","38.125","-740","0","0","2","0.99997795","0","7.759978"
"7799978","14.05","13.52","0.78","0.94","38","-676","0","0","2","0.99997795","0","7.799978"
"7839978","14.05","13.51","0.78","0.94","37.875","-614","0","0","2","0.99998313","0","7.839978"
"7879978","14.05","13.5","0.74","0.95","37.75","-549","0","0","2","0.99998313","0","7.879978"
"7919978","14.05","13.49","0.79","0.95","37.625","-490","0","0","2","0.99998313","0","7.919978"
"7959978","14.05","13.47","0.79","0.95","37.5","-432","0","0","2","0.99998087","0","7.959978"
"7999978","14.05","13.45","0.83","0.95","37.375","-392","0","0","2","0.99998087","0","7.999978"
"8039978","14.05","13.43","0.83","0.95","37.25","-367","0","0","2","0.9999631","0","8.039978"
"8079978","14.05","13.42","0.83","0.94","37.125","-353","0","0","2","0.9999631","0","8.079978"
"8119978","14.05","13.41","0.89","0.94","37","-353","0","0","2","0.9999631","0","8.119978"
"8159978","14.05","13.41","0.85","0.95","36.875","-371","0","0","2","0.9999706","0","8.159978"
"8199978","14.05","13.41","0.9","0.95","36.75","-399","0","0","2","0.9999706","0","8.199978"
"8239978","14.05","13.42","0.9","0.96","36.5","-444","0","0","2","0.9999755","0","8.239978"
"8279978","14.05","13.43","0.95","0.96","36.375","-495","0","0","2","0.9999755","0","8.279978"
"8319978","14.05","13.45","0.95","0.97","36.25","-553","0","0","2","0.9999755","0","8.319978"
"8359978","14.05","13.47","1","0.98","36","-623","0","0","2","0.99995846","0","8.359978"
"8399978","14.05","13.5","1","1","35.875","-689","0","0","2","0.99995846","0","8.399978"
"8439978","14.05","13.53","1","1.01","35.75","-763","0","0","2","0.99996567","0","8.439978"
"8479978","14.05","13.56","1","1.03","35.5","-825","0","0","2","0.99996567","0","8.479978"
"8519978","14.05","13.59","1.05","1.04","35.375","-881","0","0","2","0.99996567","0","8.519978"
"8559978","14.05","13.62","1.05","1.06","35.125","-938","0","0","2","0.99996734","0","8.559978"
"8599978","14.05","13.65","1.1","1.07","35","-977","0","0","2","0.99996734","0","8.599978"
"8639978","14.05","13.67","1.06","1.09","34.75","-1016","0","0","2","0.99996465","0","8.639978"
"8679978","14.05","13.69","1.1","1.1","34.625","-1031","0","0","2","0.99996465","0","8.679978"
"8719978","14.05","13.7","1.1","1.12","34.375","-1033","0","0","2","0.99996465","0","8.719978"
"8759978","14.05","13.72","1.16","1.14","34.25","-1039","0","0","2","0.9999505","0","8.759978"
"8799978","14.05","13.72","1.21","1.15","34","-1019","0","0","2","0.9999505","0","8.799978"
"8839978","14.05","13.72","1.16","1.17","33.75","-1006","0","0","2","0.9999552","0","8.839978"
"8879978","14.05","13.72","1.21","1.19","33.625","-970","0","0","2","0.9999552","0","8.879978"
"8919978","14.05","13.72","1.26","1.21","33.375","-929","0","0","2","0.9999552","0","8.919978"
"8959978","14.05","13.71","1.26","1.24","33.125","-899","0","0","2","0.99995434","0","8.959978"
"8999978","14.05","13.7","1.31","1.27","33","-855","0","0","2","0.99995434","0","8.999978"
"9039978","14.05","13.69","1.32","1.29","32.75","-825","0","0","2","0.99994713","0","9.039978"
"9079978","14.05","13.68","1.32","1.32","32.5","-788","0","0","2","0.99994713","0","9.079978"
"9119978","14.05","13.67","1.37","1.35","32.25","-758","0","0","2","0.99994713","0","9.119978"
"9159978","14.05","13.66","1.42","1.38","32.125","-749","0","0","2","0.9999462","0","9.159978"
"9199978","14.05","13.65","1.47","1.4","31.875","-736","0","0","2","0.9999462","0","9.199978"
"9239978","14.05","13.65","1.42","1.42","31.625","-745","0","0","2","0.99993175","0","9.239978"
"9279978","14.05","13.65","1.46","1.43","31.375","-754","0","0","2","0.99993175","0","9.279978"
"9319978","14.05","13.65","1.52","1.45","31.125","-773","0","0","2","0.99993175","0","9.319978"
"9359978","14.05","13.66","1.57","1.46","30.875","-815","0","0","2","0.99994266","0","9.359978"
"9399978","14.05","13.67","1.58","1.46","30.625","-853","0","0","2","0.99994266","0","9.399978"
"9439978","14.05","13.69","1.63","1.47","30.375","-913","0","0","2","0.9999273","0","9.439978"
"9479978","14.05","13.71","1.63","1.48","30.125","-960","0","0","2","0.9999273","0","9.479978"
"9519978","14.05","13.73","1.67","1.5","29.875","-1008","0","0","2","0.9999273","0","9.519978"
"9559978","14.05","13.75","1.67","1.51","29.625","-1077","0","0","2","0.9999329","0","9.559978"
"9599978","14.05","13.77","1.73","1.54","29.375","-1124","0","0","2","0.9999329","0","9.599978"
"9639978","14.05","13.79","1.78","1.56","29.125","-1188","0","0","2","0.99991894","0","9.639978"
"9679978","14.05","13.8","1.83","1.6","28.75","-1221","0","0","2","0.99991894","0","9.679978"
"9719978","14.05","13.82","1.84","1.64","28.5","-1245","0","0","2","0.99991894","0","9.719978"
"9759978","14.05","13.84","1.89","1.68","28.25","-1289","0","0","2","0.9999151","0","9.759978"
"9799978","14.05","13.86","1.94","1.72","28","-1292","0","0","2","0.9999151","0","9.799978"
"9839978","14.05","13.87","1.95","1.76","27.625","-1311","0","0","2","0.9999219","0","9.839978"
"9879978","14.05","13.88","2","1.81","27.375","-1290","0","0","2","0.9999219","0","9.879978"
"9919978","14.05","13.88","2.05","1.85","27.125","-1259","0","0","2","0.9999219","0","9.919978"
"9959978","14.05","13.88","2.05","1.89","26.75","-1251","0","0","2","0.99990267","0","9.959978"
"9999978","14.05","13.88","2.09","1.93","26.5","-1205","0","0","2","0.99990267","0","9.999978"
"10039978","14.05","13.87","2.15","1.96","26.125","-1187","0","0","2","0.9998993","0","10.039978"
"10079978","14.05","13.86","2.2","1.99","25.875","-1136","0","0","2","0.9998993","0","10.079978"
"10119978","14.05","13.85","2.21","2.02","25.625","-1085","0","0","2","0.9998993","0","10.119978"
"10159978","14.05","13.83","2.26","2.04","25.25","-1070","0","0","2","0.99989843","0","10.159978"
"10199978","14.05","13.82","2.3","2.07","25","-1032","0","0","2","0.99989843","0","10.199978"
"10239978","14.05","13.81","2.31","2.09","24.625","-1037","0","0","2","0.9999014","0","10.239978"
"10279978","14.05","13.81","2.41","2.12","24.375","-1019","0","0","2","0.9999014","0","10.279978"
"10319978","14.05","13.81","2.46","2.14","24","-1014","0","0","2","0.9999014","0","10.319978"
"10359978","14.05","13.81","2.47","2.17","23.625","-1055","0","0","2","0.99988264","0","10.359978"
"10399978","14.05","13.82","2.52","2.2","23.375","-1075","0","0","2","0.99988264","0","10.399978"
"10439978","14.05","13.83","2.57","2.24","23","-1146","0","0","2","0.9998853","0","10.439978"
"10479978","14.05","13.84","2.57","2.27","22.625","-1190","0","0","2","0.9998853","0","10.479978"
"10519978","14.05","13.86","2.67","2.31","22.375","-1240","0","0","2","0.9998853","0","10.519978"
"10559978","14.05","13.88","2.72","2.35","22","-1339","0","0","2","0.999879","0","10.559978"
"10599978","14.05","13.9","2.73","2.39","21.625","-1131","0","13.854963","2","0.999879","0","10.599978"
"10639978","14.04","13.92","2.78","2.42","21.25","-789","0","13.855093","2","0.9998696","0","10.639978"
"10679978","14.04","13.94","2.88","2.47","20.875","-823","0","13.855093","2","0.9998696","0","10.679978"
"10719978","14.04","13.96","2.88","2.53","20.5","-851","0","13.855093","2","0.9998696","0","10.719978"
"10759978","14.04","13.97","2.93","2.61","20.25","-710","0","13.855136","2","0.9998665","0","10.759978"
"10799978","14.04","13.99","3.03","2.69","19.875","-745","0","13.951798","2","0.9998665","0","10.799978"
"10839978","14.04","14.17","3.03","2.74","19.5","-675","0","13.951968","2","0.9998543","0","10.839978"
"10879978","14.04","14.35","3.09","2.78","19.125","-687","0","13.951968","2","0.9998543","0","10.879978"
"10919978","14.04","14.53","3.19","2.8","18.75","-704","0","13.951968","2","0.9998543","0","10.919978"
"10959978","14.04","14.71","3.2","2.8","18.5","-695","0","13.951906","2","0.9998588","0","10.959978"
"10999978","14.04","14.89","3.24","2.78","18.125","-738","0","14.059316","2","0.9998588","0","10.999978"
"11039978","14.04","15.06","3.3","2.74","17.75","-753","0","14.059563","2","0.9998412","0","11.039978"
"11079978","14.04","15.22","3.35","2.7","17.375","-794","0","14.059563","2","0.9998412","0","11.079978"
"11119978","14.04","15.37","3.4","2.66","17","-839","0","14.059563","2","0.9998412","0","11.119978"
"11159978","14.04","15.52","3.46","2.62","16.625","-875","0","14.059665","2","0.999834","0","11.159978"
"11199978","14.04","15.65","3.5","2.58","16.25","-937","0","14.184711","2","0.999834","0","11.199978"
"11239978","14.04","15.77","3.56","2.56","15.875","-969","0","14.184791","2","0.99982834","0","11.239978"
"11279978","14.04","15.87","3.6","2.55","15.5","-1013","0","14.184791","2","0.99982834","0","11.279978"
"11319978","14.04","15.97","3.66","2.55","15.125","-1054","0","14.184791","2","0.99982834","0","11.319978"
"11359978","14.04","16.05","3.76","2.57","14.75","-1081","0","14.184793","2","0.99982816","0","11.359978"
"11399978","14.04","16.12","3.76","2.61","14.375","-1124","0","14.306796","2","0.99982816","0","11.399978"
"11439978","14.04","16.17","3.82","2.67","14","-1132","0","14.306891","2","0.9998214","0","11.439978"
"11479978","14.04","16.21","3.87","2.73","13.625","-1147","0","14.306891","2","0.9998214","0","11.479978"
"11519978","14.04","16.23","3.92","2.81","13.25","-1153","0","14.306891","2","0.9998214","0","11.519978"
"11559978","14.04","16.25","4.02","2.88","12.875","-1146","0","14.307112","2","0.99980605","0","11.559978"
"11599978","14.04","16.26","4.03","2.96","12.5","-1144","0","14.35239","2","0.99980605","0","11.599978"
"11639978","14.04","16.25","4.08","3.03","12.25","-1122","0","14.352532","2","0.9997962","0","11.639978"
"11679978","14.04","16.23","4.18","3.1","11.875","-1101","0","14.352532","2","0.9997962","0","11.679978"
"11719978","14.04","16.2","4.18","3.16","11.625","-1077","0","14.352532","2","0.9997962","0","11.719978"
"11759978","14.03","16.17","4.23","3.22","11.25","-1044","0","14.352591","2","0.9997921","0","11.759978"
"11799978","14.03","16.13","4.28","3.26","11","-1023","0","14.46297","2","0.9997921","0","11.799978"
"11839978","14.03","16.09","4.33","3.3","10.625","-979","0","14.463091","2","0.99978375","0","11.839978"
"11879978","14.03","16.04","4.39","3.33","10.375","-942","0","14.463091","2","0.99978375","0","11.879978"
"11919978","14.03","15.98","4.44","3.36","10.125","-906","0","14.463091","2","0.99978375","0","11.919978"
"11959978","14.03","15.93","4.49","3.38","9.875","-867","0","14.463174","2","0.99977803","0","11.959978"
"11999978","14.03","15.88","4.5","3.41","9.625","-843","0","14.568453","2","0.99977803","0","11.999978"
"12039978","14.03","15.82","4.55","3.44","9.375","-802","0","14.568332","2","0.99978644","0","12.039978"
"12079978","14.03","15.76","4.6","3.48","9.125","-772","0","14.568332","2","0.99978644","0","12.079978"
"12119978","14.03","15.7","4.65","3.52","8.875","-744","0","14.568332","2","0.99978644","0","12.119978"
"12159978","14.03","15.64","4.65","3.56","8.75","-714","0","14.568459","2","0.99977773","0","12.159978"
"12199978","14.03","15.59","4.74","3.61","8.5","-699","0","14.656667","2","0.99977773","0","12.199978"
"12239978","14.03","15.54","4.74","3.67","8.25","-673","0","14.656662","2","0.9997781","0","12.239978"
"12279978","14.03","15.49","4.8","3.72","8.125","-652","0","14.656662","2","0.9997781","0","12.279978"
"12319978","14.03","15.44","4.85","3.78","7.875","-635","0","14.656662","2","0.9997781","0","12.319978"
"12359978","14.02","15.4","4.86","3.83","7.75","-615","0","14.65677","2","0.9997707","0","12.359978"
"12399978","14.02","15.36","4.91","3.89","7.625","-599","0","14.655868","2","0.9997707","0","12.399978"
"12439978","14.02","15.32","4.96","3.94","7.5","-582","0","14.656069","2","0.999757","0","12.439978"
"12479978","14.02","15.28","5.01","4","7.375","-566","0","14.656069","2","0.999757","0","12.479978"
"12519978","14.02","15.24","5.06","4.05","7.25","-548","0","14.656069","2","0.999757","0","12.519978"
"12559978","14.02","15.21","5.11","4.1","7.125","-529","0","14.6559305","2","0.9997664","0","12.559978"
"12599978","14.02","15.18","5.11","4.15","7","-515","0","14.7087","2","0.9997664","0","12.599978"
"12639978","14.02","15.14","5.11","4.19","6.875","-492","0","14.708935","2","0.9997505","0","12.639978"
"12679978","14.02","15.11","5.16","4.24","6.75","-470","0","14.708935","2","0.9997505","0","12.679978"
"12719978","14.02","15.08","5.16","4.29","6.75","-447","0","14.708935","2","0.9997505","0","12.719978"
"12759978","14.02","15.05","5.21","4.33","6.625","-422","0","14.708945","2","0.9997497","0","12.759978"
"12799978","14.01","15.02","5.26","4.37","6.625","-400","0","14.74551","2","0.9997497","0","12.799978"
"12839978","14.01","14.98","5.26","4.41","6.625","-373","0","14.745644","2","0.9997407","0","12.839978"
"12879978","14.01","14.95","5.31","4.45","6.5","-347","0","14.745644","2","0.9997407","0","12.879978"
"12919978","14.01","14.92","5.31","4.49","6.5","-321","0","14.745644","2","0.9997407","0","12.919978"
"12959978","14.01","14.89","5.36","4.52","6.5","-294","0","14.745621","2","0.99974227","0","12.959978"
"12999978","14.01","14.86","5.36","4.55","6.5","-271","0","14.766897","2","0.99974227","0","12.999978"
"13039978","14.01","14.83","5.4","4.59","6.5","-247","0","14.766874","2","0.9997438","0","13.039978"
"13079978","14.01","14.8","5.4","4.62","6.5","-225","0","14.766874","2","0.9997438","0","13.079978"
"13119978","14.01","14.78","5.46","4.65","6.5","-202","0","14.766874","2","0.9997438","0","13.119978"
"13159978","14.01","14.75","5.46","4.69","6.5","-182","0","14.766897","2","0.99974227","0","13.159978"
"13199978","14.01","14.73","5.46","4.72","6.625","-162","0","14.749385","2","0.99974227","0","13.199978"
"13239978","14.01","14.71","5.51","4.75","6.625","-146","0","14.749329","2","0.999746","0","13.239978"
"13279978","14.01","14.68","5.51","4.77","6.625","-130","0","14.749329","2","0.999746","0","13.279978"
"13319978","14.01","14.67","5.56","4.8","6.75","-117","0","14.749329","2","0.999746","0","13.319978"
"13359978","14.01","14.65","5.56","4.82","6.75","-105","0","14.749473","2","0.99973625","0","13.359978"
"13399978","14","14.64","5.56","4.85","6.875","-93","0","14.73963","2","0.99973625","0","13.399978"
"13439978","14","14.62","5.56","4.87","7","-77","0","14.739642","2","0.9997355","0","13.439978"
"13479978","14","14.61","5.66","4.89","7","-67","0","14.739642","2","0.9997355","0","13.479978"
"13519978","14","14.59","5.66","4.91","7.125","-59","0","14.739642","2","0.9997355","0","13.519978"
"13559978","14","14.58","5.66","4.92","7.25","-51","0","14.739616","2","0.9997372","0","13.559978"
"13599978","14","14.58","5.66","4.95","7.375","-41","0","14.71798","2","0.9997372","0","13.599978"
"13639978","14","14.56","5.66","4.97","7.5","-34","0","14.718008","2","0.99973536","0","13.639978"
"13679978","14","14.55","5.71","4.99","7.625","-26","0","14.718008","2","0.99973536","0","13.679978"
"13719978","14","14.54","5.71","5.01","7.75","-18","0","14.718008","2","0.99973536","0","13.719978"
"13759978","14","14.54","5.71","5.03","7.875","-9","0","14.718154","2","0.9997254","0","13.759978"
"13799978","14","14.53","5.71","5.05","8","2","0","14.683421","2","0.9997254","0","13.799978"
"13839978","14","14.52","5.75","5.07","8.125","12","0","14.683223","2","0.9997389","0","13.839978"
"13879978","14","14.51","5.75","5.09","8.25","22","0","14.683223","2","0.9997389","0","13.879978"
"13919978","14","14.5","5.75","5.11","8.375","32","0","14.683223","2","0.9997389","0","13.919978"
"13959978","14","14.5","5.75","5.12","8.625","43","0","14.683298","2","0.9997338","0","13.959978"
"13999978","14","14.49","5.75","5.13","8.75","58","0","14.638739","2","0.9997338","0","13.999978"
"14039978","14","14.48","5.75","5.15","8.875","69","0","14.638615","2","0.99974227","0","14.039978"
"14079978","14","14.47","5.8","5.16","9.125","81","0","14.638615","2","0.99974227","0","14.079978"
"14119978","14","14.46","5.8","5.16","9.25","92","0","14.638615","2","0.99974227","0","14.119978"
"14159978","14","14.46","5.8","5.17","9.5","104","0","14.638693","2","0.9997369","0","14.159978"
"14199978","14","14.45","5.8","5.18","9.625","118","0","14.607078","2","0.9997369","0","14.199978"
"14239978","14","14.44","5.8","5.18","9.875","129","0","14.606995","2","0.99974257","0","14.239978"
"14279978","14","14.43","5.84","5.19","10.125","138","0","14.606995","2","0.99974257","0","14.279978"
"14319978","14","14.42","5.84","5.19","10.25","146","0","14.606995","2","0.99974257","0","14.319978"
"14359978","14","14.41","5.84","5.2","10.5","154","0","14.607138","2","0.99973285","0","14.359978"
"14399978","14","14.4","5.84","5.2","10.75","166","0","14.546573","2","0.99973285","0","14.399978"
"14439978","14","14.4","5.84","5.21","10.875","173","0","14.546535","2","0.9997355","0","14.439978"
"14479978","14","14.4","5.88","5.22","11.125","178","0","14.546535","2","0.9997355","0","14.479978"
"14519978","14","14.39","5.88","5.23","11.375","183","0","14.546535","2","0.9997355","0","14.519978"
"14559978","14","14.39","5.88","5.23","11.625","187","0","14.546446","2","0.99974155","0","14.559978"
"14599978","14","14.39","5.83","5.24","11.875","196","0","14.477991","2","0.99974155","0","14.599978"
"14639978","14","14.39","5.83","5.25","12","199","0","14.478145","2","0.9997309","0","14.639978"
"14679978","14","14.38","5.88","5.26","12.25","201","0","14.478145","2","0.9997309","0","14.679978"
"14719978","14","14.38","5.88","5.26","12.5","202","0","14.478145","2","0.9997309","0","14.719978"
"14759978","14","14.38","5.88","5.26","12.75","203","0","14.4781275","2","0.99973214","0","14.759978"
"14799978","14","14.37","5.88","5.26","13","211","0","14.40208","2","0.99973214","0","14.799978"
"14839978","14","14.37","5.87","5.27","13.25","214","0","14.401959","2","0.9997404","0","14.839978"
"14879978","14","14.37","5.87","5.26","13.5","215","0","14.401959","2","0.9997404","0","14.879978"
"14919978","14","14.38","5.87","5.26","13.75","217","0","14.401959","2","0.9997404","0","14.919978"
"14959978","14","14.38","5.87","5.26","14","220","0","14.401956","2","0.9997407","0","14.959978"
"14999978","14","14.38","5.92","5.26","14.375","230","0","14.3221","2","0.9997407","0","14.999978"
"15039978","0","14.39","5.87","5.26","14.625","193","0","14.322027","2","0.99974567","0","15.039978"
"15079978","0","14.38","5.87","5.26","14.875","172","0","14.322027","2","0.99974567","0","15.079978"
"15119978","0","14.27","5.91","5.26","15.125","151","0","14.322027","2","0.99974567","0","15.119978"
"15159978","0","13.98","5.91","5.25","15.375","115","0","14.32205","2","0.9997441","0","15.159978"
"15199978","0","13.5","5.86","5.24","15.625","65","0","14.235946","2","0.9997441","0","15.199978"
"15239978","0","12.89","5.86","5.22","16","-19","0","14.236107","2","0.99973285","0","15.239978"
"15279978","0","12.18","5.91","5.18","16.25","-133","0","14.236107","2","0.99973285","0","15.279978"
"15319978","0","11.41","5.91","5.13","16.5","-279","0","14.236107","2","0.99973285","0","15.319978"
"15359978","0","10.63","5.85","5.07","16.75","-453","0","14.236092","2","0.9997339","0","15.359978"
"15399978","0","9.86","5.89","5","17.125","-648","0","14.184557","2","0.9997339","0","15.399978"
"15439978","0","9.09","5.89","4.93","17.375","-871","0","14.184275","2","0.99975383","0","15.439978"
"15479978","0","8.36","5.85","4.86","17.75","-1100","0","14.184275","2","0.99975383","0","15.479978"
"15519978","0","7.67","5.85","4.79","18","-1328","0","14.184275","2","0.99975383","0","15.519978"
"15559978","0","7.01","5.9","4.73","18.375","-1548","0","14.18432","2","0.9997506","0","15.559978"
"15599978","0","6.4","5.85","4.68","18.625","-1735","0","14.059488","2","0.9997506","0","15.599978"
"15639978","0","5.82","5.85","4.65","19","-1916","0","14.0595255","2","0.99974793","0","15.639978"
"15679978","0","5.28","5.89","4.64","19.25","-2035","0","14.0595255","2","0.99974793","0","15.679978"
"15719978","0","4.76","5.84","4.64","19.625","-2104","0","14.0595255","2","0.99974793","0","15.719978"
"15759978","0","4.27","5.84","4.67","20","-2126","0","14.059596","2","0.999743","0","15.759978"
"15799978","0","3.79","5.88","4.7","20.25","-2077","0","13.921128","2","0.999743","0","15.799978"
"15839978","0","3.33","5.88","4.75","20.625","-1999","0","13.921058","2","0.99974793","0","15.839978"
"15879978","0","2.88","5.83","4.81","21","-1839","0","13.921058","2","0.99974793","0","15.879978"
"15919978","0","2.43","5.88","4.87","21.375","-1629","0","13.921058","2","0.99974793","0","15.919978"
"15959978","0","1.99","5.88","4.92","21.625","-1384","0","13.920963","2","0.9997547","0","15.959978"
"15999978","0","1.55","5.83","4.97","22","-1095","0","13.822943","2","0.9997547","0","15.999978"
"16039978","0","1.12","5.87","5.01","22.375","-792","0","13.822915","2","0.9997567","0","16.039978"
"16079978","0","0.7","5.87","5.03","22.625","-467","0","13.822915","2","0.9997567","0","16.079978"
"16119978","0","0.29","5.82","5.05","23","-141","0","13.822915","2","0.9997567","0","16.119978"
"16159978","0","-0.09","5.87","5.05","23.25","173","0","13.822928","2","0.9997558","0","16.159978"
"16199978","0","-0.46","5.87","5.03","23.625","468","0","13.753117","2","0.9997558","0","16.199978"
"16239978","0","-0.8","5.82","5.01","23.875","740","0","13.753097","2","0.99975723","0","16.239978"
"16279978","0","-1.11","5.86","4.98","24.125","970","0","13.753097","2","0.99975723","0","16.279978"
"16319978","0","-1.38","5.86","4.95","24.375","1158","0","13.753097","2","0.99975723","0","16.319978"
"16359978","0","-1.61","5.81","4.91","24.75","1305","0","13.753023","2","0.9997626","0","16.359978"
"16399978","0","-1.79","5.81","4.88","25","1400","0","13.675327","2","0.9997626","0","16.399978"
"16439978","0","-1.94","5.86","4.85","25.25","1462","0","13.675331","2","0.9997623","0","16.439978"
"16479978","0","-2.04","5.81","4.83","25.5","1468","0","13.675331","2","0.9997623","0","16.479978"
"16519978","0","-2.1","5.81","4.82","25.75","1436","0","13.675331","2","0.9997623","0","16.519978"
"16559978","0","-2.13","5.81","4.81","26","1376","0","13.675461","2","0.9997529","0","16.559978"
"16599978","0","-2.12","5.85","4.81","26.25","1281","0","13.588374","2","0.9997529","0","16.599978"
"16639978","0","-2.08","5.8","4.82","26.5","1180","0","13.588298","2","0.99975836","0","16.639978"
"16679978","0","-2.01","5.8","4.83","26.75","1054","0","13.588298","2","0.99975836","0","16.679978"
"16719978","0","-1.92","5.8","4.84","27","925","0","13.588298","2","0.99975836","0","16.719978"
"16759978","0","-1.82","5.8","4.85","27.25","802","0","13.588345","2","0.99975497","0","16.759978"
"16799978","0","-1.7","5.8","4.86","27.5","684","0","13.499298","2","0.99975497","0","16.799978"
"16839978","0","-1.58","5.8","4.87","27.75","586","0","13.499229","2","0.9997601","0","16.839978"
"16879978","0","-1.45","5.75","4.87","28","502","0","13.499229","2","0.9997601","0","16.879978"
"16919978","0","-1.33","5.79","4.87","28.375","437","0","13.499229","2","0.9997601","0","16.919978"
"16959978","0","-1.22","5.79","4.87","28.625","397","0","13.499107","2","0.9997691","0","16.959978"
"16999978","0","-1.12","5.74","4.86","28.875","377","0","13.412912","2","0.9997691","0","16.999978"
"17039978","0","-1.04","5.78","4.85","29.125","384","0","13.412808","2","0.99977684","0","17.039978"
"17079978","0","-0.96","5.78","4.83","29.375","408","0","13.412808","2","0.99977684","0","17.079978"
"17119978","0","-0.9","5.73","4.82","29.625","450","0","13.412808","2","0.99977684","0","17.119978"
"17159978","0","-0.86","5.73","4.8","29.875","507","0","13.41283","2","0.9997752","0","17.159978"
"17199978","0","-0.83","5.78","4.78","30.125","573","0","13.33106","2","0.9997752","0","17.199978"
"17239978","0","-0.82","5.72","4.77","30.375","650","0","13.331118","2","0.99977094","0","17.239978"
"17279978","0","-0.82","5.72","4.76","30.75","724","0","13.331118","2","0.99977094","0","17.279978"
"17319978","0","-0.82","5.72","4.75","31","796","0","13.331118","2","0.99977094","0","17.319978"
"17359978","0","-0.83","5.72","4.74","31.25","865","0","13.331092","2","0.9997728","0","17.359978"
"17399978","0","-0.84","5.72","4.74","31.5","920","0","13.249388","2","0.9997728","0","17.399978"
"17439978","0","-0.85","5.72","4.74","31.75","971","0","13.249243","2","0.99978375","0","17.439978"
"17479978","0","-0.85","5.67","4.74","32","999","0","13.249243","2","0.99978375","0","17.479978"
"17519978","0","-0.86","5.72","4.75","32.125","1011","0","13.249243","2","0.99978375","0","17.519978"
"17559978","0","-0.85","5.72","4.76","32.375","1010","0","13.249246","2","0.9997835","0","17.559978"
"17599978","0","-0.84","5.67","4.77","32.625","988","0","13.167208","2","0.9997835","0","17.599978"
"17639978","0","-0.82","5.67","4.78","32.875","962","0","13.167309","2","0.9997759","0","17.639978"
"17679978","0","-0.79","5.71","4.78","33.125","914","0","13.167309","2","0.9997759","0","17.679978"
"17719978","0","-0.75","5.66","4.79","33.375","857","0","13.167309","2","0.9997759","0","17.719978"
"17759978","0","-0.71","5.66","4.79","33.625","795","0","13.167249","2","0.9997804","0","17.759978"
"17799978","0","-0.65","5.61","4.79","33.875","724","0","13.086381","2","0.9997804","0","17.799978"
"17839978","0","-0.59","5.66","4.78","34.125","658","0","13.086246","2","0.9997908","0","17.839978"
"17879978","0","-0.53","5.66","4.77","34.375","589","0","13.086246","2","0.9997908","0","17.879978"
"17919978","0","-0.47","5.61","4.76","34.625","524","0","13.086246","2","0.9997908","0","17.919978"
"17959978","0","-0.4","5.61","4.75","34.875","467","0","13.086258","2","0.99978983","0","17.959978"
"17999978","0","-0.34","5.65","4.74","35.125","417","0","13.006817","2","0.99978983","0","17.999978"
"18039978","0","-0.28","5.6","4.74","35.25","379","0","13.006981","2","0.99977726","0","18.039978"
"18079978","0","-0.23","5.6","4.73","35.5","349","0","13.006981","2","0.99977726","0","18.079978"
"18119978","0","-0.19","5.55","4.72","35.75","330","0","13.006981","2","0.99977726","0","18.119978"
"18159978","0","-0.15","5.55","4.72","36","323","0","13.006817","2","0.99978983","0","18.159978"
"18199978","0","-0.12","5.6","4.71","36.25","325","0","12.929809","2","0.99978983","0","18.199978"
"18239978","0","-0.09","5.55","4.71","36.375","338","0","12.929701","2","0.9997982","0","18.239978"
"18279978","0","-0.08","5.55","4.71","36.625","355","0","12.929701","2","0.9997982","0","18.279978"
"18319978","0","-0.07","5.49","4.7","36.875","378","0","12.929701","2","0.9997982","0","18.319978"
"18359978","0","-0.06","5.53","4.7","37.125","406","0","12.929896","2","0.9997831","0","18.359978"
"18399978","0","-0.07","5.53","4.7","37.25","434","0","12.856314","2","0.9997831","0","18.399978"
"18439978","0","-0.07","5.49","4.7","37.5","465","0","12.856126","2","0.99979776","0","18.439978"
"18479978","0","-0.08","5.49","4.69","37.75","491","0","12.856126","2","0.99979776","0","18.479978"
"18519978","0","-0.09","5.49","4.69","37.875","513","0","12.856126","2","0.99979776","0","18.519978"
"18559978","0","-0.1","5.48","4.68","38.125","533","0","12.856242","2","0.9997887","0","18.559978"
"18599978","0","-0.11","5.48","4.67","38.25","545","0","12.7855625","2","0.9997887","0","18.599978"
"18639978","0","-0.12","5.43","4.66","38.5","555","0","12.785512","2","0.9997926","0","18.639978"
"18679978","0","-0.12","5.43","4.65","38.75","554","0","12.785512","2","0.9997926","0","18.679978"
"18719978","0","-0.13","5.43","4.64","38.875","547","0","12.785512","2","0.9997926","0","18.719978"
"18759978","0","-0.13","5.43","4.63","39.125","535","0","12.785519","2","0.9997921","0","18.759978"
"18799978","0","-0.13","5.43","4.62","39.25","517","0","12.720136","2","0.9997921","0","18.799978"
"18839978","0","-0.12","5.38","4.61","39.375","497","0","12.719975","2","0.9998048","0","18.839978"
"18879978","0","-0.12","5.38","4.6","39.625","470","0","12.719975","2","0.9998048","0","18.879978"
"18919978","0","-0.1","5.38","4.6","39.75","442","0","12.719975","2","0.9998048","0","18.919978"
"18959978","0","-0.09","5.33","4.59","40","414","0","12.719925","2","0.9998087","0","18.959978"
"18999978","0","-0.07","5.37","4.59","40.125","384","0","12.657786","2","0.9998087","0","18.999978"
"19039978","0","-0.05","5.37","4.59","40.25","367","0","12.6578","2","0.9998076","0","19.039978"
"19079978","0","-0.04","5.32","4.59","40.5","342","0","12.6578","2","0.9998076","0","19.079978"
"19119978","0","-0.02","5.32","4.59","40.625","320","0","12.6578","2","0.9998076","0","19.119978"
"19159978","0","-0.01","5.27","4.59","40.75","303","0","12.657848","2","0.9998038","0","19.159978"
"19199978","0","0","5.27","4.58","41","288","0","12.6017475","2","0.9998038","0","19.199978"
"19239978","0","0.01","5.32","4.58","41.125","280","0","12.601706","2","0.9998072","0","19.239978"
"19279978","0","0.02","5.27","4.58","41.25","274","0","12.601706","2","0.9998072","0","19.279978"
"19319978","0","0.03","5.27","4.57","41.375","272","0","12.601706","2","0.9998072","0","19.319978"
"19359978","0","0.03","5.22","4.56","41.5","276","0","12.601603","2","0.9998154","0","19.359978"
"19399978","0","0.04","5.22","4.55","41.75","282","0","12.548494","2","0.9998154","0","19.399978"
"19439978","0","0.04","5.22","4.55","41.875","292","0","12.548493","2","0.9998155","0","19.439978"
"19479978","0","0.05","5.17","4.54","42","303","0","12.548493","2","0.9998155","0","19.479978"
"19519978","0","0.05","5.21","4.53","42.125","315","0","12.548493","2","0.9998155","0","19.519978"
"19559978","0","0.05","5.16","4.52","42.25","329","0","12.548521","2","0.9998132","0","19.559978"
"19599978","0","0.05","5.16","4.51","42.375","342","0","12.499414","2","0.9998132","0","19.599978"
"19639978","0","0.05","5.16","4.5","42.5","355","0","12.499395","2","0.99981475","0","19.639978"
"19679978","0","0.05","5.11","4.49","42.625","366","0","12.499395","2","0.99981475","0","19.679978"
"19719978","0","0.05","5.11","4.48","42.75","373","0","12.499395","2","0.99981475","0","19.719978"
"19759978","0","0.05","5.11","4.48","42.875","380","0","12.499259","2","0.99982566","0","19.759978"
"19799978","0","0.05","5.11","4.47","43","383","0","12.453808","2","0.99982566","0","19.799978"
"19839978","0","0.04","5.11","4.47","43.125","384","0","12.453971","2","0.99981254","0","19.839978"
"19879978","0","0.04","5.05","4.46","43.25","380","0","12.453971","2","0.99981254","0","19.879978"
"19919978","0","0.03","5.05","4.46","43.375","373","0","12.453971","2","0.99981254","0","19.919978"
"19959978","0","0.03","5.05","4.46","43.5","365","0","12.453789","2","0.9998272","0","19.959978"
"19999978","0","0.03","5.01","4.45","43.625","352","0","12.412717","2","0.9998272","0","19.999978"
"20039978","0","0.03","5.01","4.45","43.75","339","0","12.4126625","2","0.9998316","0","20.039978"
"20079978","0","0.03","4.96","4.45","43.875","324","0","12.4126625","2","0.9998316","0","20.079978"
"20119978","0","0.04","4.96","4.44","44","308","0","12.4126625","2","0.9998316","0","20.119978"
"20159978","0","0.05","5","4.44","44","292","0","12.412711","2","0.9998277","0","20.159978"
"20199978","0","0.05","4.95","4.43","44.125","277","0","12.375797","2","0.9998277","0","20.199978"
"20239978","0","0.06","4.95","4.42","44.25","264","0","12.375699","2","0.99983555","0","20.239978"
"20279978","0","0.07","4.95","4.41","44.375","252","0","12.375699","2","0.99983555","0","20.279978"
"20319978","0","0.07","4.89","4.4","44.5","241","0","12.375699","2","0.99983555","0","20.319978"
"20359978","0","0.08","4.89","4.39","44.5","233","0","12.375769","2","0.9998299","0","20.359978"
"20399978","0","0.08","4.85","4.38","44.625","227","0","12.341285","2","0.9998299","0","20.399978"
"20439978","0","0.08","4.85","4.37","44.75","224","0","12.341196","2","0.9998371","0","20.439978"
"20479978","0","0.08","4.85","4.36","44.875","222","0","12.341196","2","0.9998371","0","20.479978"
"20519978","0","0.08","4.8","4.35","44.875","222","0","12.341196","2","0.9998371","0","20.519978"
"20559978","0","0.08","4.85","4.34","45","225","0","12.34132","2","0.9998271","0","20.559978"
"20599978","0","0.08","4.79","4.32","45.125","229","0","12.310816","2","0.9998271","0","20.599978"
"20639978","0","0.08","4.79","4.31","45.125","234","0","12.3107395","2","0.9998333","0","20.639978"
"20679978","0","0.08","4.79","4.3","45.25","240","0","12.3107395","2","0.9998333","0","20.679978"
"20719978","0","0.07","4.75","4.3","45.25","245","0","12.3107395","2","0.9998333","0","20.719978"
"20759978","0","0.07","4.75","4.29","45.375","251","0","12.310737","2","0.9998335","0","20.759978"
"20799978","0","0.07","4.69","4.28","45.5","256","0","12.282719","2","0.9998335","0","20.799978"
"20839978","0","0.06","4.69","4.28","45.5","262","0","12.2826185","2","0.99984163","0","20.839978"
"20879978","0","0.06","4.69","4.28","45.625","265","0","12.2826185","2","0.99984163","0","20.879978"
"20919978","0","0.05","4.65","4.27","45.625","268","0","12.2826185","2","0.99984163","0","20.919978"
"20959978","0","0.05","4.65","4.26","45.75","269","0","12.282734","2","0.99983215","0","20.959978"
"20999978","0","0.05","4.65","4.25","45.75","269","0","12.258633","2","0.99983215","0","20.999978"
"21039978","0","0.04","4.6","4.24","45.875","268","0","12.258481","2","0.99984455","0","21.039978"
"21079978","0","0.04","4.6","4.22","45.875","265","0","12.258481","2","0.99984455","0","21.079978"
"21119978","0","0.04","4.55","4.21","46","261","0","12.258481","2","0.99984455","0","21.119978"
"21159978","0","0.04","4.55","4.19","46","256","0","12.258407","2","0.99985063","0","21.159978"
"21199978","0","0.03","4.55","4.18","46.125","249","0","12.237198","2","0.99985063","0","21.199978"
"21239978","0","0.03","4.5","4.16","46.125","243","0","12.237227","2","0.99984825","0","21.239978"
"21279978","0","0.03","4.5","4.15","46.125","236","0","12.237227","2","0.99984825","0","21.279978"
"21319978","0","0.03","4.44","4.14","46.25","228","0","12.237227","2","0.99984825","0","21.319978"
"21359978","0","0.03","4.44","4.12","46.25","221","0","12.2372","2","0.9998505","0","21.359978"
"21399978","0","0.03","4.44","4.11","46.375","214","0","12.219092","2","0.9998505","0","21.399978"
"21439978","0","0.03","4.4","4.1","46.375","207","0","12.219197","2","0.9998419","0","21.439978"
"21479978","0","0.03","4.4","4.09","46.375","201","0","12.219197","2","0.9998419","0","21.479978"
"21519978","0","0.03","4.4","4.07","46.5","196","0","12.219197","2","0.9998419","0","21.519978"
"21559978","0","0.03","4.35","4.06","46.5","192","0","12.219091","2","0.99985063","0","21.559978"
"21599978","0","0.03","4.35","4.05","46.5","189","0","12.202653","2","0.99985063","0","21.599978"
"21639978","0","0.03","4.3","4.04","46.625","187","0","12.202531","2","0.99986064","0","21.639978"
"21679978","0","0.03","4.3","4.03","46.625","186","0","12.202531","2","0.99986064","0","21.679978"
"21719978","0","0.03","4.3","4.02","46.625","186","0","12.202531","2","0.99986064","0","21.719978"
"21759978","0","0.03","4.25","4","46.75","187","0","12.202714","2","0.9998456","0","21.759978"
"21799978","0","0.03","4.25","3.99","46.75","188","0","12.189076","2","0.9998456","0","21.799978"
"21839978","0","-1.68","4.25","-11.38","46.75","-1026","0","12.80547","3","0.9998633","0","21.839978"
"21879978","0","-1.64","4.19","-11.5","46.75","-1003","0","12.980503","3","0.9998633","0","21.879978"
"21919978","0","-1.59","4.19","-11.29","46.875","-977","0","13.159878","3","0.9998633","0","21.919978"
"21959978","0","-1.51","4.19","-10.49","46.875","-881","0","12.32794","3","0.9998574","0","21.959978"
"21999978","0","-1.41","4.15","-9.11","46.875","-833","0","12.565262","3","0.9998574","0","21.999978"
"22039978","0","-1.19","4.15","-6.81","47","-751","0","12.463512","3","0.9998622","0","22.039978"
"22079978","0","-0.97","4.1","-4.2","47.25","-644","0","12.605493","3","0.9998622","0","22.079978"
"22119978","0","-0.76","4.05","-1.48","47.625","-523","0","12.741629","3","0.9998622","0","22.119978"
"22159978","0","-0.55","4","1.15","48.125","-386","0","12.735291","3","0.99985725","0","22.159978"
"22199978","0","-0.37","3.95","3.51","48.875","-257","0","12.882044","3","0.99985725","0","22.199978"
"22239978","0","-0.16","3.85","5.96","49.75","-103","0","12.887766","3","0.9998691","0","22.239978"
"22279978","0","0","3.75","7.83","50.625","28","0","12.899307","3","0.9998691","0","22.279978"
"22319978","0","0.15","3.6","9.09","51.75","149","0","12.885399","3","0.9998691","0","22.319978"
"22359978","0","0.26","3.5","9.75","53","260","0","12.884569","3","0.9998786","0","22.359978"
"22399978","0","0.35","3.35","9.83","54.25","334","0","12.856135","3","0.9998786","0","22.399978"
"22439978","0","0.49","3.19","9.86","55.625","416","0","12.836839","3","0.9999037","0","22.439978"
"22479978","0","0.62","3","9.46","56.875","457","0","12.689129","3","0.9999037","0","22.479978"
"22519978","0","0.74","2.85","8.73","58","469","0","12.538279","3","0.9999037","0","22.519978"
"22559978","0","0.84","2.7","7.79","59.125","478","0","12.5196495","3","0.9999099","0","22.559978"
"22599978","0","0.94","2.55","6.73","60.125","432","0","12.411673","3","0.9999099","0","22.599978"
"22639978","0","1.07","2.39","5.8","61","398","0","12.394064","3","0.9999309","0","22.639978"
"22679978","0","1.2","2.3","4.9","61.75","313","0","12.243802","3","0.9999309","0","22.679978"
"22719978","0","1.31","2.2","4.08","62.375","207","0","12.111944","3","0.9999309","0","22.719978"
"22759978","0","1.4","2.05","3.39","62.75","104","0","12.127346","3","0.99994445","0","22.759978"
"22799978","0","1.48","2","2.87","63","-31","0","12.038156","3","0.99994445","0","22.799978"
"22839978","0","1.55","1.9","2.6","63.25","-160","0","12.063601","3","0.9999377","0","22.839978"
"22879978","0","1.6","1.8","2.5","63.25","-305","0","11.988478","3","0.9999377","0","22.879978"
"22919978","0","1.62","1.75","2.55","63.25","-448","0","11.929851","3","0.9999377","0","22.919978"
"22959978","0","1.63","1.7","2.73","63.125","-579","0","11.9985695","3","0.9999539","0","22.959978"
"22999978","0","1.62","1.65","2.99","63","-705","0","11.954163","3","0.9999539","0","22.999978"
"23039978","0","1.58","1.59","3.33","62.75","-809","0","12.046927","3","0.9999566","0","23.039978"
"23079978","0","1.52","1.55","3.65","62.5","-904","0","12.023528","3","0.9999566","0","23.079978"
"23119978","0","1.46","1.5","3.91","62.375","-978","0","12.007902","3","0.9999566","0","23.119978"
"23159978","0","1.38","1.45","4.06","62.125","-1013","0","12.139761","3","0.9999624","0","23.159978"
"23199978","0","1.3","1.4","4.09","62","-1042","0","12.127567","3","0.9999624","0","23.199978"
"23239978","0","1.18","1.4","4.03","61.75","-1029","0","12.297275","3","0.9999696","0","23.239978"
"23279978","0","1.06","1.35","3.84","61.625","-1021","0","12.290457","3","0.9999696","0","23.279978"
"23319978","0","0.93","1.3","3.53","61.375","-993","0","12.287551","3","0.9999696","0","23.319978"
"23359978","0","0.81","1.25","3.12","61.125","-915","0","12.481424","3","0.99996537","0","23.359978"
"23399978","0","0.69","1.19","2.64","61","-854","0","12.502924","3","0.99996537","0","23.399978"
"23439978","0","0.53","1.19","2.17","60.75","-756","0","12.7479515","3","0.99996585","0","23.439978"
"23479978","0","0.38","1.15","1.7","60.5","-687","0","12.749971","3","0.99996585","0","23.479978"
"23519978","0","0.24","1.1","1.25","60.25","-612","0","12.756811","3","0.99996585","0","23.519978"
"23559978","0","0.1","1.1","0.85","59.875","-503","0","13.010684","3","0.99998003","0","23.559978"
"23599978","0","-0.01","1.04","0.52","59.625","-424","0","13.077909","3","0.99998003","0","23.599978"
"23639978","0","-0.17","1.04","0.32","59.25","-330","0","13.38545","3","0.9999778","0","23.639978"
"23679978","0","-0.32","1","0.22","58.875","-269","0","13.399288","3","0.9999778","0","23.679978"
"23719978","0","-0.45","1","0.2","58.375","-214","0","13.417207","3","0.9999778","0","23.719978"
"23759978","0","-0.57","1","0.27","58","-143","0","13.716012","3","0.9999865","0","23.759978"
"23799978","0","-0.67","1","0.41","57.625","-97","0","13.8269615","3","0.9999865","0","23.799978"
"23839978","0","-0.8","0.95","0.63","57.25","-51","0","14.168005","3","0.9999888","0","23.839978"
"23879978","0","-0.91","0.95","0.88","56.875","-29","0","14.186574","3","0.9999888","0","23.879978"
"23919978","0","-1","0.95","1.12","56.5","-12","0","14.206747","3","0.9999888","0","23.919978"
"23959978","0","-1.08","0.95","1.34","56.125","11","0","14.522203","3","0.99998426","0","23.959978"
