"TimeUS","C1","C2","C3","C4","C5","C6","C7","C8","C9","C10","C11","C12","C13","C14","ap_time_s"
"3059985","1500","1513","1450","1500","1100","1000","1900","1000","0","0","0","0","0","0","3.059985"
"3099985","1500","1513","1450","1500","1100","1000","1900","1000","0","0","0","0","0","0","3.099985"
"3139985","1500","1514","1449","1500","1100","1000","1900","1000","0","0","0","0","0","0","3.139985"
"3179985","1500","1515","1448","1500","1100","1000","1900","1000","0","0","0","0","0","0","3.179985"
"3219985","1500","1515","1446","1500","1100","1000","1900","1000","0","0","0","0","0","0","3.219985"
"3259985","1500","1516","1444","1500","1100","1000","1900","1000","0","0","0","0","0","0","3.259985"
"3299985","1500","1516","1441","1500","1100","1000","1900","1000","0","0","0","0","0","0","3.299985"
"3359984","1500","1517","1437","1500","1100","1000","1900","1000","0","0","0","0","0","0","3.359984"
"3399984","1500","1518","1435","1500","1100","1000","1900","1000","0","0","0","0","0","0","3.399984"
"3439984","1500","1518","1432","1500","1100","1000","1900","1000","0","0","0","0","0","0","3.439984"
"3479984","1500","1519","1430","1500","1100","1000","1900","1000","0","0","0","0","0","0","3.479984"
"3519984","1500","1519","1428","1500","1100","1000","1900","1000","0","0","0","0","0","0","3.519984"
"3559984","1500","1520","1426","1500","1100","1000","1900","1000","0","0","0","0","0","0","3.559984"
"3599984","1500","1520","1425","1500","1100","1000","1900","1000","0","0","0","0","0","0","3.599984"
"3639984","1500","1520","1424","1500","1100","1000","1900","1000","0","0","0","0","0","0","3.639984"
"3679984","1500","1520","1423","1500","1100","1000","1900","1000","0","0","0","0","0","0","3.679984"
"3719984","1500","1521","1423","1500","1100","1000","1900","1000","0","0","0","0","0","0","3.719984"
"3759984","1500","1521","1423","1500","1100","1000","1900","1000","0","0","0","0","0","0","3.759984"
"3799984","1500","1521","1423","1500","1100","1000","1900","1000","0","0","0","0","0","0","3.799984"
"3859983","1500","1520","1424","1500","1100","1000","1900","1000","0","0","0","0","0","0","3.859983"
"3899983","1500","1520","1425","1500","1100","1000","1900","1000","0","0","0","0","0","0","3.899983"
"3939983","1500","1520","1426","1500","1100","1000","1900","1000","0","0","0","0","0","0","3.939983"
"3979983","1500","1520","1427","1500","1100","1000","1900","1000","0","0","0","0","0","0","3.979983"
"4019983","1500","1519","1427","1500","1100","1000","1900","1000","0","0","0","0","0","0","4.019983"
"4079981","1500","1519","1428","1500","1100","1000","1900","1000","0","0","0","0","0","0","4.079981"
"4139979","1500","1519","1429","1500","1100","1000","1900","1000","0","0","0","0","0","0","4.139979"
"4199978","1500","1519","1429","1500","1100","1000","1900","1000","0","0","0","0","0","0","4.199978"
"4239978","1500","1518","1429","1500","1100","1000","1900","1000","0","0","0","0","0","0","4.239978"
"4279978","1500","1518","1429","1500","1100","1000","1900","1000","0","0","0","0","0","0","4.279978"
"4319978","1500","1518","1428","1500","1100","1000","1900","1000","0","0","0","0","0","0","4.319978"
"4359978","1500","1518","1428","1500","1100","1000","1900","1000","0","0","0","0","0","0","4.359978"
"4399978","1500","1518","1428","1500","1100","1000","1900","1000","0","0","0","0","0","0","4.399978"
"4439978","1500","1518","1428","1500","1100","1000","1900","1000","0","0","0","0","0","0","4.439978"
"4479978","1500","1518","1428","1500","1100","1000","1900","1000","0","0","0","0","0","0","4.479978"
"4519978","1500","1518","1428","1500","1100","1000","1900","1000","0","0","0","0","0","0","4.519978"
"4559978","1500","1518","1429","1500","1100","1000","1900","1000","0","0","0","0","0","0","4.559978"
"4599978","1500","1518","1429","1500","1100","1000","1900","1000","0","0","0","0","0","0","4.599978"
"4639978","1500","1518","1430","1500","1100","1000","1900","1000","0","0","0","0","0","0","4.639978"
"4679978","1500","1518","1430","1500","1100","1000","1900","1000","0","0","0","0","0","0","4.679978"
"4719978","1500","1517","1431","1500","1100","1000","1900","1000","0","0","0","0","0","0","4.719978"
"4759978","1500","1517","1431","1500","1100","1000","1900","1000","0","0","0","0","0","0","4.759978"
"4799978","1500","1517","1432","1500","1100","1000","1900","1000","0","0","0","0","0","0","4.799978"
"4839978","1500","1517","1432","1500","1100","1000","1900","1000","0","0","0","0","0","0","4.839978"
"4879978","1500","1516","1433","1500","1100","1000","1900","1000","0","0","0","0","0","0","4.879978"
"4919978","1500","1516","1433","1500","1100","1000","1900","1000","0","0","0","0","0","0","4.919978"
"4959978","1500","1516","1433","1500","1100","1000","1900","1000","0","0","0","0","0","0","4.959978"
"4999978","1625","1516","1433","1500","1100","1000","1900","1000","0","0","0","0","0","0","4.999978"
"5039978","1625","1516","1433","1500","1100","1000","1900","1000","0","0","0","0","0","0","5.039978"
"5079978","1625","1516","1433","1500","1100","1000","1900","1000","0","0","0","0","0","0","5.079978"
"5119978","1625","1516","1433","1500","1100","1000","1900","1000","0","0","0","0","0","0","5.119978"
"5159978","1625","1516","1433","1500","1100","1000","1900","1000","0","0","0","0","0","0","5.159978"
"5199978","1625","1516","1433","1500","1100","1000","1900","1000","0","0","0","0","0","0","5.199978"
"5239978","1625","1516","1432","1500","1100","1000","1900","1000","0","0","0","0","0","0","5.239978"
"5279978","1625","1516","1432","1500","1100","1000","1900","1000","0","0","0","0","0","0","5.279978"
"5319978","1625","1516","1432","1500","1100","1000","1900","1000","0","0","0","0","0","0","5.319978"
"5359978","1625","1515","1432","1500","1100","1000","1900","1000","0","0","0","0","0","0","5.359978"
"5399978","1625","1515","1433","1500","1100","1000","1900","1000","0","0","0","0","0","0","5.399978"
"5439978","1625","1515","1433","1500","1100","1000","1900","1000","0","0","0","0","0","0","5.439978"
"5479978","1625","1515","1433","1500","1100","1000","1900","1000","0","0","0","0","0","0","5.479978"
"5519978","1625","1515","1433","1500","1100","1000","1900","1000","0","0","0","0","0","0","5.519978"
"5559978","1625","1515","1433","1500","1100","1000","1900","1000","0","0","0","0","0","0","5.559978"
"5599978","1625","1515","1433","1500","1100","1000","1900","1000","0","0","0","0","0","0","5.599978"
"5639978","1625","1515","1434","1500","1100","1000","1900","1000","0","0","0","0","0","0","5.639978"
"5679978","1625","1515","1434","1500","1100","1000","1900","1000","0","0","0","0","0","0","5.679978"
"5719978","1625","1515","1434","1500","1100","1000","1900","1000","0","0","0","0","0","0","5.719978"
"5759978","1625","1515","1434","1500","1100","1000","1900","1000","0","0","0","0","0","0","5.759978"
"5799978","1625","1515","1434","1500","1100","1000","1900","1000","0","0","0","0","0","0","5.799978"
"5839978","1625","1515","1434","1500","1100","1000","1900","1000","0","0","0","0","0","0","5.839978"
"5879978","1625","1515","1434","1500","1100","1000","1900","1000","0","0","0","0","0","0","5.879978"
"5919978","1625","1515","1433","1500","1100","1000","1900","1000","0","0","0","0","0","0","5.919978"
"5959978","1625","1515","1433","1500","1100","1000","1900","1000","0","0","0","0","0","0","5.959978"
"5999978","1625","1515","1433","1500","1100","1000","1900","1000","0","0","0","0","0","0","5.999978"
"6039978","1625","1515","1433","1500","1100","1000","1900","1000","0","0","0","0","0","0","6.039978"
"6079978","1625","1515","1432","1500","1100","1000","1900","1000","0","0","0","0","0","0","6.079978"
"6119978","1625","1515","1432","1500","1100","1000","1900","1000","0","0","0","0","0","0","6.119978"
"6159978","1625","1515","1431","1500","1100","1000","1900","1000","0","0","0","0","0","0","6.159978"
"6199978","1625","1515","1431","1500","1100","1000","1900","1000","0","0","0","0","0","0","6.199978"
"6239978","1625","1515","1430","1500","1100","1000","1900","1000","0","0","0","0","0","0","6.239978"
"6279978","1625","1515","1430","1500","1100","1000","1900","1000","0","0","0","0","0","0","6.279978"
"6319978","1625","1515","1429","1500","1100","1000","1900","1000","0","0","0","0","0","0","6.319978"
"6359978","1625","1515","1429","1500","1100","1000","1900","1000","0","0","0","0","0","0","6.359978"
"6399978","1625","1515","1429","1500","1100","1000","1900","1000","0","0","0","0","0","0","6.399978"
"6439978","1625","1515","1428","1500","1100","1000","1900","1000","0","0","0","0","0","0","6.439978"
"6479978","1625","1515","1428","1500","1100","1000","1900","1000","0","0","0","0","0","0","6.479978"
"6519978","1625","1515","1427","1500","1100","1000","1900","1000","0","0","0","0","0","0","6.519978"
"6559978","1625","1516","1427","1500","1100","1000","1900","1000","0","0","0","0","0","0","6.559978"
"6599978","1625","1516","1426","1500","1100","1000","1900","1000","0","0","0","0","0","0","6.599978"
"6639978","1625","1516","1426","1500","1100","1000","1900","1000","0","0","0","0","0","0","6.639978"
"6679978","1625","1516","1425","1500","1100","1000","1900","1000","0","0","0","0","0","0","6.679978"
"6719978","1625","1516","1425","1500","1100","1000","1900","1000","0","0","0","0","0","0","6.719978"
"6759978","1625","1516","1424","1500","1100","1000","1900","1000","0","0","0","0","0","0","6.759978"
"6799978","1625","1516","1424","1500","1100","1000","1900","1000","0","0","0","0","0","0","6.799978"
"6839978","1625","1516","1423","1500","1100","1000","1900","1000","0","0","0","0","0","0","6.839978"
"6879978","1625","1516","1423","1500","1100","1000","1900","1000","0","0","0","0","0","0","6.879978"
"6919978","1625","1517","1422","1500","1100","1000","1900","1000","0","0","0","0","0","0","6.919978"
"6959978","1625","1517","1422","1500","1100","1000","1900","1000","0","0","0","0","0","0","6.959978"
"6999978","1625","1517","1421","1500","1100","1000","1900","1000","0","0","0","0","0","0","6.999978"
"7039978","1625","1517","1420","1500","1100","1000","1900","1000","0","0","0","0","0","0","7.039978"
"7079978","1625","1517","1420","1500","1100","1000","1900","1000","0","0","0","0","0","0","7.079978"
"7119978","1625","1517","1419","1500","1100","1000","1900","1000","0","0","0","0","0","0","7.119978"
"7159978","1625","1518","1418","1500","1100","1000","1900","1000","0","0","0","0","0","0","7.159978"
"7199978","1625","1518","1418","1500","1100","1000","1900","1000","0","0","0","0","0","0","7.199978"
"7239978","1625","1518","1417","1500","1100","1000","1900","1000","0","0","0","0","0","0","7.239978"
"7279978","1625","1518","1416","1500","1100","1000","1900","1000","0","0","0","0","0","0","7.279978"
"7319978","1625","1518","1415","1500","1100","1000","1900","1000","0","0","0","0","0","0","7.319978"
"7359978","1625","1519","1414","1500","1100","1000","1900","1000","0","0","0","0","0","0","7.359978"
"7399978","1625","1519","1413","1500","1100","1000","1900","1000","0","0","0","0","0","0","7.399978"
"7439978","1625","1519","1412","1500","1100","1000","1900","1000","0","0","0","0","0","0","7.439978"
"7479978","1625","1520","1412","1500","1100","1000","1900","1000","0","0","0","0","0","0","7.479978"
"7519978","1625","1520","1411","1500","1100","1000","1900","1000","0","0","0","0","0","0","7.519978"
"7559978","1625","1520","1410","1500","1100","1000","1900","1000","0","0","0","0","0","0","7.559978"
"7599978","1625","1520","1409","1500","1100","1000","1900","1000","0","0","0","0","0","0","7.599978"
"7639978","1625","1521","1408","1500","1100","1000","1900","1000","0","0","0","0","0","0","7.639978"
"7679978","1625","1521","1407","1500","1100","1000","1900","1000","0","0","0","0","0","0","7.679978"
"7719978","1625","1521","1406","1500","1100","1000","1900","1000","0","0","0","0","0","0","7.719978"
"7759978","1625","1522","1405","1500","1100","1000","1900","1000","0","0","0","0","0","0","7.759978"
"7799978","1625","1522","1404","1500","1100","1000","1900","1000","0","0","0","0","0","0","7.799978"
"7839978","1625","1522","1403","1500","1100","1000","1900","1000","0","0","0","0","0","0","7.839978"
"7879978","1625","1523","1402","1500","1100","1000","1900","1000","0","0","0","0","0","0","7.879978"
"7919978","1625","1523","1401","1500","1100","1000","1900","1000","0","0","0","0","0","0","7.919978"
"7959978","1625","1523","1400","1500","1100","1000","1900","1000","0","0","0","0","0","0","7.959978"
"7999978","1625","1524","1399","1500","1100","1000","1900","1000","0","0","0","0","0","0","7.999978"
"8039978","1625","1524","1398","1500","1100","1000","1900","1000","0","0","0","0","0","0","8.039978"
"8079978","1625","1525","1396","1500","1100","1000","1900","1000","0","0","0","0","0","0","8.079978"
"8119978","1625","1525","1395","1500","1100","1000","1900","1000","0","0","0","0","0","0","8.119978"
"8159978","1625","1525","1394","1500","1100","1000","1900","1000","0","0","0","0","0","0","8.159978"
"8199978","1625","1526","1393","1500","1100","1000","1900","1000","0","0","0","0","0","0","8.199978"
"8239978","1625","1526","1392","1500","1100","1000","1900","1000","0","0","0","0","0","0","8.239978"
"8279978","1625","1527","1390","1500","1100","1000","1900","1000","0","0","0","0","0","0","8.279978"
"8319978","1625","1527","1389","1500","1100","1000","1900","1000","0","0","0","0","0","0","8.319978"
"8359978","1625","1528","1388","1500","1100","1000","1900","1000","0","0","0","0","0","0","8.359978"
"8399978","1625","1528","1386","1500","1100","1000","1900","1000","0","0","0","0","0","0","8.399978"
"8439978","1625","1529","1385","1500","1100","1000","1900","1000","0","0","0","0","0","0","8.439978"
"8479978","1625","1529","1384","1500","1100","1000","1900","1000","0","0","0","0","0","0","8.479978"
"8519978","1625","1530","1382","1500","1100","1000","1900","1000","0","0","0","0","0","0","8.519978"
"8559978","1625","1530","1381","1500","1100","1000","1900","1000","0","0","0","0","0","0","8.559978"
"8599978","1625","1531","1379","1500","1100","1000","1900","1000","0","0","0","0","0","0","8.599978"
"8639978","1625","1532","1378","1500","1100","1000","1900","1000","0","0","0","0","0","0","8.639978"
"8679978","1625","1532","1376","1500","1100","1000","1900","1000","0","0","0","0","0","0","8.679978"
"8719978","1625","1533","1375","1500","1100","1000","1900","1000","0","0","0","0","0","0","8.719978"
"8759978","1625","1533","1373","1500","1100","1000","1900","1000","0","0","0","0","0","0","8.759978"
"8799978","1625","1534","1371","1500","1100","1000","1900","1000","0","0","0","0","0","0","8.799978"
"8839978","1625","1535","1370","1500","1100","1000","1900","1000","0","0","0","0","0","0","8.839978"
"8879978","1625","1535","1368","1500","1100","1000","1900","1000","0","0","0","0","0","0","8.879978"
"8919978","1625","1536","1366","1500","1100","1000","1900","1000","0","0","0","0","0","0","8.919978"
"8959978","1625","1537","1365","1500","1100","1000","1900","1000","0","0","0","0","0","0","8.959978"
"8999978","1625","1537","1363","1500","1100","1000","1900","1000","0","0","0","0","0","0","8.999978"
"9039978","1625","1538","1361","1500","1100","1000","1900","1000","0","0","0","0","0","0","9.039978"
"9079978","1625","1539","1359","1500","1100","1000","1900","1000","0","0","0","0","0","0","9.079978"
"9119978","1625","1540","1357","1500","1100","1000","1900","1000","0","0","0","0","0","0","9.119978"
"9159978","1625","1540","1356","1500","1100","1000","1900","1000","0","0","0","0","0","0","9.159978"
"9199978","1625","1541","1354","1500","1100","1000","1900","1000","0","0","0","0","0","0","9.199978"
"9239978","1625","1542","1352","1500","1100","1000","1900","1000","0","0","0","0","0","0","9.239978"
"9279978","1625","1543","1350","1500","1100","1000","1900","1000","0","0","0","0","0","0","9.279978"
"9319978","1625","1543","1348","1500","1100","1000","1900","1000","0","0","0","0","0","0","9.319978"
"9359978","1625","1544","1346","1500","1100","1000","1900","1000","0","0","0","0","0","0","9.359978"
"9399978","1625","1545","1344","1500","1100","1000","1900","1000","0","0","0","0","0","0","9.399978"
"9439978","1625","1546","1342","1500","1100","1000","1900","1000","0","0","0","0","0","0","9.439978"
"9479978","1625","1547","1340","1500","1100","1000","1900","1000","0","0","0","0","0","0","9.479978"
"9519978","1625","1548","1338","1500","1100","1000","1900","1000","0","0","0","0","0","0","9.519978"
"9559978","1625","1549","1336","1500","1100","1000","1900","1000","0","0","0","0","0","0","9.559978"
"9599978","1625","1549","1334","1500","1100","1000","1900","1000","0","0","0","0","0","0","9.599978"
"9639978","1625","1550","1332","1500","1100","1000","1900","1000","0","0","0","0","0","0","9.639978"
"9679978","1625","1551","1329","1500","1100","1000","1900","1000","0","0","0","0","0","0","9.679978"
"9719978","1625","1552","1327","1500","1100","1000","1900","1000","0","0","0","0","0","0","9.719978"
"9759978","1625","1553","1325","1500","1100","1000","1900","1000","0","0","0","0","0","0","9.759978"
"9799978","1625","1554","1323","1500","1100","1000","1900","1000","0","0","0","0","0","0","9.799978"
"9839978","1625","1555","1320","1500","1100","1000","1900","1000","0","0","0","0","0","0","9.839978"
"9879978","1625","1556","1318","1500","1100","1000","1900","1000","0","0","0","0","0","0","9.879978"
"9919978","1625","1557","1315","1500","1100","1000","1900","1000","0","0","0","0","0","0","9.919978"
"9959978","1625","1558","1313","1500","1100","1000","1900","1000","0","0","0","0","0","0","9.959978"
"9999978","1625","1559","1311","1500","1100","1000","1900","1000","0","0","0","0","0","0","9.999978"
"10039978","1625","1560","1308","1500","1100","1000","1900","1000","0","0","0","0","0","0","10.039978"
"10079978","1625","1561","1306","1500","1100","1000","1900","1000","0","0","0","0","0","0","10.079978"
"10119978","1625","1563","1303","1500","1100","1000","1900","1000","0","0","0","0","0","0","10.119978"
"10159978","1625","1564","1301","1500","1100","1000","1900","1000","0","0","0","0","0","0","10.159978"
"10199978","1625","1565","1298","1500","1100","1000","1900","1000","0","0","0","0","0","0","10.199978"
"10239978","1625","1566","1296","1500","1100","1000","1900","1000","0","0","0","0","0","0","10.239978"
"10279978","1625","1567","1293","1500","1100","1000","1900","1000","0","0","0","0","0","0","10.279978"
"10319978","1625","1568","1291","1500","1100","1000","1900","1000","0","0","0","0","0","0","10.319978"
"10359978","1625","1569","1288","1500","1100","1000","1900","1000","0","0","0","0","0","0","10.359978"
"10399978","1625","1571","1285","1500","1100","1000","1900","1000","0","0","0","0","0","0","10.399978"
"10439978","1625","1572","1283","1500","1100","1000","1900","1000","0","0","0","0","0","0","10.439978"
"10479978","1625","1573","1280","1500","1100","1000","1900","1000","0","0","0","0","0","0","10.479978"
"10519978","1625","1574","1277","1500","1100","1000","1900","1000","0","0","0","0","0","0","10.519978"
"10559978","1625","1576","1274","1500","1100","1000","1900","1000","0","0","0","0","0","0","10.559978"
"10599978","1625","1577","1272","1500","1100","1000","1900","1000","0","0","0","0","0","0","10.599978"
"10639978","1625","1578","1269","1500","1100","1000","1900","1000","0","0","0","0","0","0","10.639978"
"10679978","1625","1579","1266","1500","1100","1000","1900","1000","0","0","0","0","0","0","10.679978"
"10719978","1625","1581","1263","1500","1100","1000","1900","1000","0","0","0","0","0","0","10.719978"
"10759978","1625","1582","1260","1500","1100","1000","1900","1000","0","0","0","0","0","0","10.759978"
"10799978","1625","1583","1257","1500","1100","1000","1900","1000","0","0","0","0","0","0","10.799978"
"10839978","1625","1585","1255","1500","1100","1000","1900","1000","0","0","0","0","0","0","10.839978"
"10879978","1625","1586","1252","1500","1100","1000","1900","1000","0","0","0","0","0","0","10.879978"
"10919978","1625","1587","1249","1500","1100","1000","1900","1000","0","0","0","0","0","0","10.919978"
"10959978","1625","1589","1246","1500","1100","1000","1900","1000","0","0","0","0","0","0","10.959978"
"10999978","1625","1590","1243","1500","1100","1000","1900","1000","0","0","0","0","0","0","10.999978"
"11039978","1625","1591","1240","1500","1100","1000","1900","1000","0","0","0","0","0","0","11.039978"
"11079978","1625","1593","1238","1500","1100","1000","1900","1000","0","0","0","0","0","0","11.079978"
"11119978","1625","1594","1235","1500","1100","1000","1900","1000","0","0","0","0","0","0","11.119978"
"11159978","1625","1595","1232","1500","1100","1000","1900","1000","0","0","0","0","0","0","11.159978"
"11199978","1625","1597","1229","1500","1100","1000","1900","1000","0","0","0","0","0","0","11.199978"
"11239978","1625","1598","1226","1500","1100","1000","1900","1000","0","0","0","0","0","0","11.239978"
"11279978","1625","1600","1223","1500","1100","1000","1900","1000","0","0","0","0","0","0","11.279978"
"11319978","1625","1601","1220","1500","1100","1000","1900","1000","0","0","0","0","0","0","11.319978"
"11359978","1625","1602","1217","1500","1100","1000","1900","1000","0","0","0","0","0","0","11.359978"
"11399978","1625","1604","1213","1500","1100","1000","1900","1000","0","0","0","0","0","0","11.399978"
"11439978","1625","1605","1211","1500","1100","1000","1900","1000","0","0","0","0","0","0","11.439978"
"11479978","1625","1607","1208","1500","1100","1000","1900","1000","0","0","0","0","0","0","11.479978"
"11519978","1625","1608","1205","1500","1100","1000","1900","1000","0","0","0","0","0","0","11.519978"
"11559978","1625","1609","1202","1500","1100","1000","1900","1000","0","0","0","0","0","0","11.559978"
"11599978","1625","1611","1199","1500","1100","1000","1900","1000","0","0","0","0","0","0","11.599978"
"11639978","1625","1612","1196","1500","1100","1000","1900","1000","0","0","0","0","0","0","11.639978"
"11679978","1625","1613","1194","1500","1100","1000","1900","1000","0","0","0","0","0","0","11.679978"
"11719978","1625","1614","1191","1500","1100","1000","1900","1000","0","0","0","0","0","0","11.719978"
"11759978","1625","1616","1189","1500","1100","1000","1900","1000","0","0","0","0","0","0","11.759978"
"11799978","1625","1617","1187","1500","1100","1000","1900","1000","0","0","0","0","0","0","11.799978"
"11839978","1625","1618","1184","1500","1100","1000","1900","1000","0","0","0","0","0","0","11.839978"
"11879978","1625","1619","1182","1500","1100","1000","1900","1000","0","0","0","0","0","0","11.879978"
"11919978","1625","1620","1180","1500","1100","1000","1900","1000","0","0","0","0","0","0","11.919978"
"11959978","1625","1622","1178","1500","1100","1000","1900","1000","0","0","0","0","0","0","11.959978"
"11999978","1625","1623","1176","1500","1100","1000","1900","1000","0","0","0","0","0","0","11.999978"
"12039978","1625","1624","1174","1500","1100","1000","1900","1000","0","0","0","0","0","0","12.039978"
"12079978","1625","1625","1172","1500","1100","1000","1900","1000","0","0","0","0","0","0","12.079978"
"12119978","1625","1626","1170","1500","1100","1000","1900","1000","0","0","0","0","0","0","12.119978"
"12159978","1625","1627","1169","1500","1100","1000","1900","1000","0","0","0","0","0","0","12.159978"
"12199978","1625","1628","1167","1500","1100","1000","1900","1000","0","0","0","0","0","0","12.199978"
"12239978","1625","1629","1166","1500","1100","1000","1900","1000","0","0","0","0","0","0","12.239978"
"12279978","1625","1630","1164","1500","1100","1000","1900","1000","0","0","0","0","0","0","12.279978"
"12319978","1625","1631","1163","1500","1100","1000","1900","1000","0","0","0","0","0","0","12.319978"
"12359978","1625","1632","1161","1500","1100","1000","1900","1000","0","0","0","0","0","0","12.359978"
"12399978","1625","1633","1160","1500","1100","1000","1900","1000","0","0","0","0","0","0","12.399978"
"12439978","1625","1634","1159","1500","1100","1000","1900","1000","0","0","0","0","0","0","12.439978"
"12479978","1625","1634","1158","1500","1100","1000","1900","1000","0","0","0","0","0","0","12.479978"
"12519978","1625","1635","1157","1500","1100","1000","1900","1000","0","0","0","0","0","0","12.519978"
"12559978","1625","1636","1156","1500","1100","1000","1900","1000","0","0","0","0","0","0","12.559978"
"12599978","1625","1637","1155","1500","1100","1000","1900","1000","0","0","0","0","0","0","12.599978"
"12639978","1625","1637","1155","1500","1100","1000","1900","1000","0","0","0","0","0","0","12.639978"
"12679978","1625","1638","1154","1500","1100","1000","1900","1000","0","0","0","0","0","0","12.679978"
"12719978","1625","1639","1154","1500","1100","1000","1900","1000","0","0","0","0","0","0","12.719978"
"12759978","1625","1639","1153","1500","1100","1000","1900","1000","0","0","0","0","0","0","12.759978"
"12799978","1625","1640","1153","1500","1100","1000","1900","1000","0","0","0","0","0","0","12.799978"
"12839978","1625","1640","1152","1500","1100","1000","1900","1000","0","0","0","0","0","0","12.839978"
"12879978","1625","1641","1152","1500","1100","1000","1900","1000","0","0","0","0","0","0","12.879978"
"12919978","1625","1642","1152","1500","1100","1000","1900","1000","0","0","0","0","0","0","12.919978"
"12959978","1625","1642","1152","1500","1100","1000","1900","1000","0","0","0","0","0","0","12.959978"
"12999978","1625","1643","1152","1500","1100","1000","1900","1000","0","0","0","0","0","0","12.999978"
"13039978","1625","1643","1152","1500","1100","1000","1900","1000","0","0","0","0","0","0","13.039978"
"13079978","1625","1643","1152","1500","1100","1000","1900","1000","0","0","0","0","0","0","13.079978"
"13119978","1625","1644","1152","1500","1100","1000","1900","1000","0","0","0","0","0","0","13.119978"
"13159978","1625","1644","1153","1500","1100","1000","1900","1000","0","0","0","0","0","0","13.159978"
"13199978","1625","1645","1153","1500","1100","1000","1900","1000","0","0","0","0","0","0","13.199978"
"13239978","1625","1645","1153","1500","1100","1000","1900","1000","0","0","0","0","0","0","13.239978"
"13279978","1625","1645","1154","1500","1100","1000","1900","1000","0","0","0","0","0","0","13.279978"
"13319978","1625","1646","1154","1500","1100","1000","1900","1000","0","0","0","0","0","0","13.319978"
"13359978","1625","1646","1155","1500","1100","1000","1900","1000","0","0","0","0","0","0","13.359978"
"13399978","1625","1646","1155","1500","1100","1000","1900","1000","0","0","0","0","0","0","13.399978"
"13439978","1625","1647","1156","1500","1100","1000","1900","1000","0","0","0","0","0","0","13.439978"
"13479978","1625","1647","1157","1500","1100","1000","1900","1000","0","0","0","0","0","0","13.479978"
"13519978","1625","1647","1158","1500","1100","1000","1900","1000","0","0","0","0","0","0","13.519978"
"13559978","1625","1647","1158","1500","1100","1000","1900","1000","0","0","0","0","0","0","13.559978"
"13599978","1625","1647","1159","1500","1100","1000","1900","1000","0","0","0","0","0","0","13.599978"
"13639978","1625","1648","1160","1500","1100","1000","1900","1000","0","0","0","0","0","0","13.639978"
"13679978","1625","1648","1161","1500","1100","1000","1900","1000","0","0","0","0","0","0","13.679978"
"13719978","1625","1648","1162","1500","1100","1000","1900","1000","0","0","0","0","0","0","13.719978"
"13759978","1625","1648","1163","1500","1100","1000","1900","1000","0","0","0","0","0","0","13.759978"
"13799978","1625","1648","1164","1500","1100","1000","1900","1000","0","0","0","0","0","0","13.799978"
"13839978","1625","1648","1166","1500","1100","1000","1900","1000","0","0","0","0","0","0","13.839978"
"13879978","1625","1648","1167","1500","1100","1000","1900","1000","0","0","0","0","0","0","13.879978"
"13919978","1625","1648","1168","1500","1100","1000","1900","1000","0","0","0","0","0","0","13.919978"
"13959978","1625","1648","1169","1500","1100","1000","1900","1000","0","0","0","0","0","0","13.959978"
"13999978","1625","1648","1171","1500","1100","1000","1900","1000","0","0","0","0","0","0","13.999978"
"14039978","1625","1648","1172","1500","1100","1000","1900","1000","0","0","0","0","0","0","14.039978"
"14079978","1625","1648","1174","1500","1100","1000","1900","1000","0","0","0","0","0","0","14.079978"
"14119978","1625","1648","1175","1500","1100","1000","1900","1000","0","0","0","0","0","0","14.119978"
"14159978","1625","1648","1177","1500","1100","1000","1900","1000","0","0","0","0","0","0","14.159978"
"14199978","1625","1648","1178","1500","1100","1000","1900","1000","0","0","0","0","0","0","14.199978"
"14239978","1625","1648","1180","1500","1100","1000","1900","1000","0","0","0","0","0","0","14.239978"
"14279978","1625","1648","1181","1500","1100","1000","1900","1000","0","0","0","0","0","0","14.279978"
"14319978","1625","1648","1183","1500","1100","1000","1900","1000","0","0","0","0","0","0","14.319978"
"14359978","1625","1648","1185","1500","1100","1000","1900","1000","0","0","0","0","0","0","14.359978"
"14399978","1625","1648","1186","1500","1100","1000","1900","1000","0","0","0","0","0","0","14.399978"
"14439978","1625","1648","1188","1500","1100","1000","1900","1000","0","0","0","0","0","0","14.439978"
"14479978","1625","1648","1190","1500","1100","1000","1900","1000","0","0","0","0","0","0","14.479978"
"14519978","1625","1648","1192","1500","1100","1000","1900","1000","0","0","0","0","0","0","14.519978"
"14559978","1625","1647","1194","1500","1100","1000","1900","1000","0","0","0","0","0","0","14.559978"
"14599978","1625","1647","1195","1500","1100","1000","1900","1000","0","0","0","0","0","0","14.599978"
"14639978","1625","1647","1197","1500","1100","1000","1900","1000","0","0","0","0","0","0","14.639978"
"14679978","1625","1647","1199","1500","1100","1000","1900","1000","0","0","0","0","0","0","14.679978"
"14719978","1625","1647","1201","1500","1100","1000","1900","1000","0","0","0","0","0","0","14.719978"
"14759978","1625","1647","1203","1500","1100","1000","1900","1000","0","0","0","0","0","0","14.759978"
"14799978","1625","1646","1205","1500","1100","1000","1900","1000","0","0","0","0","0","0","14.799978"
"14839978","1625","1646","1207","1500","1100","1000","1900","1000","0","0","0","0","0","0","14.839978"
"14879978","1625","1646","1209","1500","1100","1000","1900","1000","0","0","0","0","0","0","14.879978"
"14919978","1625","1646","1211","1500","1100","1000","1900","1000","0","0","0","0","0","0","14.919978"
"14959978","1625","1646","1214","1500","1100","1000","1900","1000","0","0","0","0","0","0","14.959978"
"14999978","1500","1645","1216","1500","1100","1000","1900","1000","0","0","0","0","0","0","14.999978"
"15039978","1500","1645","1218","1500","1100","1000","1900","1000","0","0","0","0","0","0","15.039978"
"15079978","1500","1645","1220","1500","1100","1000","1900","1000","0","0","0","0","0","0","15.079978"
"15119978","1500","1645","1222","1500","1100","1000","1900","1000","0","0","0","0","0","0","15.119978"
"15159978","1500","1644","1224","1500","1100","1000","1900","1000","0","0","0","0","0","0","15.159978"
"15199978","1500","1644","1227","1500","1100","1000","1900","1000","0","0","0","0","0","0","15.199978"
"15239978","1500","1644","1229","1500","1100","1000","1900","1000","0","0","0","0","0","0","15.239978"
"15279978","1500","1644","1231","1500","1100","1000","1900","1000","0","0","0","0","0","0","15.279978"
"15319978","1500","1643","1233","1500","1100","1000","1900","1000","0","0","0","0","0","0","15.319978"
"15359978","1500","1643","1236","1500","1100","1000","1900","1000","0","0","0","0","0","0","15.359978"
"15399978","1500","1643","1238","1500","1100","1000","1900","1000","0","0","0","0","0","0","15.399978"
"15439978","1500","1642","1240","1500","1100","1000","1900","1000","0","0","0","0","0","0","15.439978"
"15479978","1500","1642","1243","1500","1100","1000","1900","1000","0","0","0","0","0","0","15.479978"
"15519978","1500","1642","1245","1500","1100","1000","1900","1000","0","0","0","0","0","0","15.519978"
"15559978","1500","1642","1248","1500","1100","1000","1900","1000","0","0","0","0","0","0","15.559978"
"15599978","1500","1641","1250","1500","1100","1000","1900","1000","0","0","0","0","0","0","15.599978"
"15639978","1500","1641","1253","1500","1100","1000","1900","1000","0","0","0","0","0","0","15.639978"
"15679978","1500","1641","1256","1500","1100","1000","1900","1000","0","0","0","0","0","0","15.679978"
"15719978","1500","1640","1258","1500","1100","1000","1900","1000","0","0","0","0","0","0","15.719978"
"15759978","1500","1640","1261","1500","1100","1000","1900","1000","0","0","0","0","0","0","15.759978"
"15799978","1500","1640","1264","1500","1100","1000","1900","1000","0","0","0","0","0","0","15.799978"
"15839978","1500","1639","1266","1500","1100","1000","1900","1000","0","0","0","0","0","0","15.839978"
"15879978","1500","1639","1269","1500","1100","1000","1900","1000","0","0","0","0","0","0","15.879978"
"15919978","1500","1639","1272","1500","1100","1000","1900","1000","0","0","0","0","0","0","15.919978"
"15959978","1500","1638","1275","1500","1100","1000","1900","1000","0","0","0","0","0","0","15.959978"
"15999978","1500","1638","1277","1500","1100","1000","1900","1000","0","0","0","0","0","0","15.999978"
"16039978","1500","1638","1280","1500","1100","1000","1900","1000","0","0","0","0","0","0","16.039978"
"16079978","1500","1637","1282","1500","1100","1000","1900","1000","0","0","0","0","0","0","16.079978"
"16119978","1500","1637","1285","1500","1100","1000","1900","1000","0","0","0","0","0","0","16.119978"
"16159978","1500","1637","1287","1500","1100","1000","1900","1000","0","0","0","0","0","0","16.159978"
"16199978","1500","1636","1290","1500","1100","1000","1900","1000","0","0","0","0","0","0","16.199978"
"16239978","1500","1636","1292","1500","1100","1000","1900","1000","0","0","0","0","0","0","16.239978"
"16279978","1500","1636","1294","1500","1100","1000","1900","1000","0","0","0","0","0","0","16.279978"
"16319978","1500","1636","1296","1500","1100","1000","1900","1000","0","0","0","0","0","0","16.319978"
"16359978","1500","1635","1299","1500","1100","1000","1900","1000","0","0","0","0","0","0","16.359978"
"16399978","1500","1635","1301","1500","1100","1000","1900","1000","0","0","0","0","0","0","16.399978"
"16439978","1500","1635","1303","1500","1100","1000","1900","1000","0","0","0","0","0","0","16.439978"
"16479978","1500","1634","1305","1500","1100","1000","1900","1000","0","0","0","0","0","0","16.479978"
"16519978","1500","1634","1307","1500","1100","1000","1900","1000","0","0","0","0","0","0","16.519978"
"16559978","1500","1634","1309","1500","1100","1000","1900","1000","0","0","0","0","0","0","16.559978"
"16599978","1500","1633","1311","1500","1100","1000","1900","1000","0","0","0","0","0","0","16.599978"
"16639978","1500","1633","1313","1500","1100","1000","1900","1000","0","0","0","0","0","0","16.639978"
"16679978","1500","1633","1315","1500","1100","1000","1900","1000","0","0","0","0","0","0","16.679978"
"16719978","1500","1632","1317","1500","1100","1000","1900","1000","0","0","0","0","0","0","16.719978"
"16759978","1500","1632","1319","1500","1100","1000","1900","1000","0","0","0","0","0","0","16.759978"
"16799978","1500","1632","1321","1500","1100","1000","1900","1000","0","0","0","0","0","0","16.799978"
"16839978","1500","1632","1323","1500","1100","1000","1900","1000","0","0","0","0","0","0","16.839978"
"16879978","1500","1631","1326","1500","1100","1000","1900","1000","0","0","0","0","0","0","16.879978"
"16919978","1500","1631","1328","1500","1100","1000","1900","1000","0","0","0","0","0","0","16.919978"
"16959978","1500","1631","1330","1500","1100","1000","1900","1000","0","0","0","0","0","0","16.959978"
"16999978","1500","1630","1332","1500","1100","1000","1900","1000","0","0","0","0","0","0","16.999978"
"17039978","1500","1630","1334","1500","1100","1000","1900","1000","0","0","0","0","0","0","17.039978"
"17079978","1500","1630","1336","1500","1100","1000","1900","1000","0","0","0","0","0","0","17.079978"
"17119978","1500","1629","1338","1500","1100","1000","1900","1000","0","0","0","0","0","0","17.119978"
"17159978","1500","1629","1340","1500","1100","1000","1900","1000","0","0","0","0","0","0","17.159978"
"17199978","1500","1629","1342","1500","1100","1000","1900","1000","0","0","0","0","0","0","17.199978"
"17239978","1500","1628","1344","1500","1100","1000","1900","1000","0","0","0","0","0","0","17.239978"
"17279978","1500","1628","1347","1500","1100","1000","1900","1000","0","0","0","0","0","0","17.279978"
"17319978","1500","1628","1349","1500","1100","1000","1900","1000","0","0","0","0","0","0","17.319978"
"17359978","1500","1627","1351","1500","1100","1000","1900","1000","0","0","0","0","0","0","17.359978"
"17399978","1500","1627","1353","1500","1100","1000","1900","1000","0","0","0","0","0","0","17.399978"
"17439978","1500","1627","1355","1500","1100","1000","1900","1000","0","0","0","0","0","0","17.439978"
"17479978","1500","1626","1356","1500","1100","1000","1900","1000","0","0","0","0","0","0","17.479978"
"17519978","1500","1626","1358","1500","1100","1000","1900","1000","0","0","0","0","0","0","17.519978"
"17559978","1500","1625","1360","1500","1100","1000","1900","1000","0","0","0","0","0","0","17.559978"
"17599978","1500","1625","1362","1500","1100","1000","1900","1000","0","0","0","0","0","0","17.599978"
"17639978","1500","1625","1364","1500","1100","1000","1900","1000","0","0","0","0","0","0","17.639978"
"17679978","1500","1624","1366","1500","1100","1000","1900","1000","0","0","0","0","0","0","17.679978"
"17719978","1500","1624","1368","1500","1100","1000","1900","1000","0","0","0","0","0","0","17.719978"
"17759978","1500","1624","1370","1500","1100","1000","1900","1000","0","0","0","0","0","0","17.759978"
"17799978","1500","1623","1372","1500","1100","1000","1900","1000","0","0","0","0","0","0","17.799978"
"17839978","1500","1623","1374","1500","1100","1000","1900","1000","0","0","0","0","0","0","17.839978"
"17879978","1500","1623","1376","1500","1100","1000","1900","1000","0","0","0","0","0","0","17.879978"
"17919978","1500","1622","1378","1500","1100","1000","1900","1000","0","0","0","0","0","0","17.919978"
"17959978","1500","1622","1380","1500","1100","1000","1900","1000","0","0","0","0","0","0","17.959978"
"17999978","1500","1621","1381","1500","1100","1000","1900","1000","0","0","0","0","0","0","17.999978"
"18039978","1500","1621","1383","1500","1100","1000","1900","1000","0","0","0","0","0","0","18.039978"
"18079978","1500","1621","1385","1500","1100","1000","1900","1000","0","0","0","0","0","0","18.079978"
"18119978","1500","1620","1387","1500","1100","1000","1900","1000","0","0","0","0","0","0","18.119978"
"18159978","1500","1620","1389","1500","1100","1000","1900","1000","0","0","0","0","0","0","18.159978"
"18199978","1500","1619","1391","1500","1100","1000","1900","1000","0","0","0","0","0","0","18.199978"
"18239978","1500","1619","1392","1500","1100","1000","1900","1000","0","0","0","0","0","0","18.239978"
"18279978","1500","1619","1394","1500","1100","1000","1900","1000","0","0","0","0","0","0","18.279978"
"18319978","1500","1618","1396","1500","1100","1000","1900","1000","0","0","0","0","0","0","18.319978"
"18359978","1500","1618","1397","1500","1100","1000","1900","1000","0","0","0","0","0","0","18.359978"
"18399978","1500","1618","1399","1500","1100","1000","1900","1000","0","0","0","0","0","0","18.399978"
"18439978","1500","1617","1401","1500","1100","1000","1900","1000","0","0","0","0","0","0","18.439978"
"18479978","1500","1617","1402","1500","1100","1000","1900","1000","0","0","0","0","0","0","18.479978"
"18519978","1500","1616","1404","1500","1100","1000","1900","1000","0","0","0","0","0","0","18.519978"
"18559978","1500","1616","1406","1500","1100","1000","1900","1000","0","0","0","0","0","0","18.559978"
"18599978","1500","1616","1407","1500","1100","1000","1900","1000","0","0","0","0","0","0","18.599978"
"18639978","1500","1615","1409","1500","1100","1000","1900","1000","0","0","0","0","0","0","18.639978"
"18679978","1500","1615","1410","1500","1100","1000","1900","1000","0","0","0","0","0","0","18.679978"
"18719978","1500","1614","1412","1500","1100","1000","1900","1000","0","0","0","0","0","0","18.719978"
"18759978","1500","1614","1413","1500","1100","1000","1900","1000","0","0","0","0","0","0","18.759978"
"18799978","1500","1614","1415","1500","1100","1000","1900","1000","0","0","0","0","0","0","18.799978"
"18839978","1500","1613","1416","1500","1100","1000","1900","1000","0","0","0","0","0","0","18.839978"
"18879978","1500","1613","1418","1500","1100","1000","1900","1000","0","0","0","0","0","0","18.879978"
"18919978","1500","1612","1419","1500","1100","1000","1900","1000","0","0","0","0","0","0","18.919978"
"18959978","1500","1612","1420","1500","1100","1000","1900","1000","0","0","0","0","0","0","18.959978"
"18999978","1500","1612","1422","1500","1100","1000","1900","1000","0","0","0","0","0","0","18.999978"
"19039978","1500","1611","1423","1500","1100","1000","1900","1000","0","0","0","0","0","0","19.039978"
"19079978","1500","1611","1424","1500","1100","1000","1900","1000","0","0","0","0","0","0","19.079978"
"19119978","1500","1611","1426","1500","1100","1000","1900","1000","0","0","0","0","0","0","19.119978"
"19159978","1500","1610","1427","1500","1100","1000","1900","1000","0","0","0","0","0","0","19.159978"
"19199978","1500","1610","1428","1500","1100","1000","1900","1000","0","0","0","0","0","0","19.199978"
"19239978","1500","1609","1429","1500","1100","1000","1900","1000","0","0","0","0","0","0","19.239978"
"19279978","1500","1609","1431","1500","1100","1000","1900","1000","0","0","0","0","0","0","19.279978"
"19319978","1500","1609","1432","1500","1100","1000","1900","1000","0","0","0","0","0","0","19.319978"
"19359978","1500","1608","1433","1500","1100","1000","1900","1000","0","0","0","0","0","0","19.359978"
"19399978","1500","1608","1434","1500","1100","1000","1900","1000","0","0","0","0","0","0","19.399978"
"19439978","1500","1607","1435","1500","1100","1000","1900","1000","0","0","0","0","0","0","19.439978"
"19479978","1500","1607","1436","1500","1100","1000","1900","1000","0","0","0","0","0","0","19.479978"
"19519978","1500","1607","1438","1500","1100","1000","1900","1000","0","0","0","0","0","0","19.519978"
"19559978","1500","1606","1439","1500","1100","1000","1900","1000","0","0","0","0","0","0","19.559978"
"19599978","1500","1606","1440","1500","1100","1000","1900","1000","0","0","0","0","0","0","19.599978"
"19639978","1500","1606","1441","1500","1100","1000","1900","1000","0","0","0","0","0","0","19.639978"
"19679978","1500","1605","1442","1500","1100","1000","1900","1000","0","0","0","0","0","0","19.679978"
"19719978","1500","1605","1443","1500","1100","1000","1900","1000","0","0","0","0","0","0","19.719978"
"19759978","1500","1604","1444","1500","1100","1000","1900","1000","0","0","0","0","0","0","19.759978"
"19799978","1500","1604","1445","1500","1100","1000","1900","1000","0","0","0","0","0","0","19.799978"
"19839978","1500","1604","1446","1500","1100","1000","1900","1000","0","0","0","0","0","0","19.839978"
"19879978","1500","1603","1447","1500","1100","1000","1900","1000","0","0","0","0","0","0","19.879978"
"19919978","1500","1603","1448","1500","1100","1000","1900","1000","0","0","0","0","0","0","19.919978"
"19959978","1500","1602","1449","1500","1100","1000","1900","1000","0","0","0","0","0","0","19.959978"
"19999978","1500","1602","1449","1500","1100","1000","1900","1000","0","0","0","0","0","0","19.999978"
"20039978","1500","1602","1450","1500","1100","1000","1900","1000","0","0","0","0","0","0","20.039978"
"20079978","1500","1601","1451","1500","1100","1000","1900","1000","0","0","0","0","0","0","20.079978"
"20119978","1500","1601","1452","1500","1100","1000","1900","1000","0","0","0","0","0","0","20.119978"
"20159978","1500","1600","1453","1500","1100","1000","1900","1000","0","0","0","0","0","0","20.159978"
"20199978","1500","1600","1454","1500","1100","1000","1900","1000","0","0","0","0","0","0","20.199978"
"20239978","1500","1600","1454","1500","1100","1000","1900","1000","0","0","0","0","0","0","20.239978"
"20279978","1500","1599","1455","1500","1100","1000","1900","1000","0","0","0","0","0","0","20.279978"
"20319978","1500","1599","1456","1500","1100","1000","1900","1000","0","0","0","0","0","0","20.319978"
"20359978","1500","1599","1457","1500","1100","1000","1900","1000","0","0","0","0","0","0","20.359978"
"20399978","1500","1598","1457","1500","1100","1000","1900","1000","0","0","0","0","0","0","20.399978"
"20439978","1500","1598","1458","1500","1100","1000","1900","1000","0","0","0","0","0","0","20.439978"
"20479978","1500","1597","1459","1500","1100","1000","1900","1000","0","0","0","0","0","0","20.479978"
"20519978","1500","1597","1460","1500","1100","1000","1900","1000","0","0","0","0","0","0","20.519978"
"20559978","1500","1597","1460","1500","1100","1000","1900","1000","0","0","0","0","0","0","20.559978"
"20599978","1500","1596","1461","1500","1100","1000","1900","1000","0","0","0","0","0","0","20.599978"
"20639978","1500","1596","1461","1500","1100","1000","1900","1000","0","0","0","0","0","0","20.639978"
"20679978","1500","1595","1462","1500","1100","1000","1900","1000","0","0","0","0","0","0","20.679978"
"20719978","1500","1595","1463","1500","1100","1000","1900","1000","0","0","0","0","0","0","20.719978"
"20759978","1500","1595","1463","1500","1100","1000","1900","1000","0","0","0","0","0","0","20.759978"
"20799978","1500","1594","1464","1500","1100","1000","1900","1000","0","0","0","0","0","0","20.799978"
"20839978","1500","1594","1464","1500","1100","1000","1900","1000","0","0","0","0","0","0","20.839978"
"20879978","1500","1593","1465","1500","1100","1000","1900","1000","0","0","0","0","0","0","20.879978"
"20919978","1500","1593","1465","1500","1100","1000","1900","1000","0","0","0","0","0","0","20.919978"
"20959978","1500","1593","1466","1500","1100","1000","1900","1000","0","0","0","0","0","0","20.959978"
"20999978","1500","1592","1467","1500","1100","1000","1900","1000","0","0","0","0","0","0","20.999978"
"21039978","1500","1592","1467","1500","1100","1000","1900","1000","0","0","0","0","0","0","21.039978"
"21079978","1500","1592","1467","1500","1100","1000","1900","1000","0","0","0","0","0","0","21.079978"
"21119978","1500","1591","1468","1500","1100","1000","1900","1000","0","0","0","0","0","0","21.119978"
"21159978","1500","1591","1468","1500","1100","1000","1900","1000","0","0","0","0","0","0","21.159978"
"21199978","1500","1590","1469","1500","1100","1000","1900","1000","0","0","0","0","0","0","21.199978"
"21239978","1500","1590","1469","1500","1100","1000","1900","1000","0","0","0","0","0","0","21.239978"
"21279978","1500","1590","1470","1500","1100","1000","1900","1000","0","0","0","0","0","0","21.279978"
"21319978","1500","1589","1470","1500","1100","1000","1900","1000","0","0","0","0","0","0","21.319978"
"21359978","1500","1589","1470","1500","1100","1000","1900","1000","0","0","0","0","0","0","21.359978"
"21399978","1500","1589","1471","1500","1100","1000","1900","1000","0","0","0","0","0","0","21.399978"
"21439978","1500","1588","1471","1500","1100","1000","1900","1000","0","0","0","0","0","0","21.439978"
"21479978","1500","1588","1472","1500","1100","1000","1900","1000","0","0","0","0","0","0","21.479978"
"21519978","1500","1587","1472","1500","1100","1000","1900","1000","0","0","0","0","0","0","21.519978"
"21559978","1500","1587","1472","1500","1100","1000","1900","1000","0","0","0","0","0","0","21.559978"
"21599978","1500","1587","1472","1500","1100","1000","1900","1000","0","0","0","0","0","0","21.599978"
"21639978","1500","1586","1473","1500","1100","1000","1900","1000","0","0","0","0","0","0","21.639978"
"21679978","1500","1586","1473","1500","1100","1000","1900","1000","0","0","0","0","0","0","21.679978"
"21719978","1500","1586","1473","1500","1100","1000","1900","1000","0","0","0","0","0","0","21.719978"
"21759978","1500","1585","1474","1500","1100","1000","1900","1000","0","0","0","0","0","0","21.759978"
"21799978","1500","1585","1474","1500","1100","1000","1900","1000","0","0","0","0","0","0","21.799978"
"21839978","1500","1584","1474","1500","1100","1000","1900","1000","0","0","0","0","0","0","21.839978"
"21879978","1500","1584","1474","1500","1100","1000","1900","1000","0","0","0","0","0","0","21.879978"
"21919978","1500","1584","1475","1500","1100","1000","1900","1000","0","0","0","0","0","0","21.919978"
"21959978","1500","1583","1475","1500","1100","1000","1900","1000","0","0","0","0","0","0","21.959978"
"21999978","1500","1583","1476","1500","1100","1000","1900","1000","0","0","0","0","0","0","21.999978"
"22039978","1500","1582","1477","1500","1100","1000","1900","1000","0","0","0","0","0","0","22.039978"
"22079978","1500","1582","1480","1500","1100","1000","1900","1000","0","0","0","0","0","0","22.079978"
"22119978","1500","1581","1483","1500","1100","1000","1900","1000","0","0","0","0","0","0","22.119978"
"22159978","1500","1579","1488","1500","1100","1000","1900","1000","0","0","0","0","0","0","22.159978"
"22199978","1500","1578","1494","1500","1100","1000","1900","1000","0","0","0","0","0","0","22.199978"
"22239978","1500","1576","1501","1500","1100","1000","1900","1000","0","0","0","0","0","0","22.239978"
"22279978","1500","1574","1510","1500","1100","1000","1900","1000","0","0","0","0","0","0","22.279978"
"22319978","1500","1571","1519","1500","1100","1000","1900","1000","0","0","0","0","0","0","22.319978"
"22359978","1500","1568","1529","1500","1100","1000","1900","1000","0","0","0","0","0","0","22.359978"
"22399978","1500","1565","1539","1500","1100","1000","1900","1000","0","0","0","0","0","0","22.399978"
"22439978","1500","1562","1550","1500","1100","1000","1900","1000","0","0","0","0","0","0","22.439978"
"22479978","1500","1559","1560","1500","1100","1000","1900","1000","0","0","0","0","0","0","22.479978"
"22519978","1500","1556","1569","1500","1100","1000","1900","1000","0","0","0","0","0","0","22.519978"
"22559978","1500","1553","1577","1500","1100","1000","1900","1000","0","0","0","0","0","0","22.559978"
"22599978","1500","1550","1585","1500","1100","1000","1900","1000","0","0","0","0","0","0","22.599978"
"22639978","1500","1547","1591","1500","1100","1000","1900","1000","0","0","0","0","0","0","22.639978"
"22679978","1500","1545","1596","1500","1100","1000","1900","1000","0","0","0","0","0","0","22.679978"
"22719978","1500","1542","1600","1500","1100","1000","1900","1000","0","0","0","0","0","0","22.719978"
"22759978","1500","1540","1603","1500","1100","1000","1900","1000","0","0","0","0","0","0","22.759978"
"22799978","1500","1539","1605","1500","1100","1000","1900","1000","0","0","0","0","0","0","22.799978"
"22839978","1500","1537","1606","1500","1100","1000","1900","1000","0","0","0","0","0","0","22.839978"
"22879978","1500","1536","1606","1500","1100","1000","1900","1000","0","0","0","0","0","0","22.879978"
"22919978","1500","1534","1605","1500","1100","1000","1900","1000","0","0","0","0","0","0","22.919978"
"22959978","1500","1533","1604","1500","1100","1000","1900","1000","0","0","0","0","0","0","22.959978"
"22999978","1500","1532","1603","1500","1100","1000","1900","1000","0","0","0","0","0","0","22.999978"
"23039978","1500","1531","1601","1500","1100","1000","1900","1000","0","0","0","0","0","0","23.039978"
"23079978","1500","1531","1600","1500","1100","1000","1900","1000","0","0","0","0","0","0","23.079978"
"23119978","1500","1530","1598","1500","1100","1000","1900","1000","0","0","0","0","0","0","23.119978"
"23159978","1500","1529","1596","1500","1100","1000","1900","1000","0","0","0","0","0","0","23.159978"
"23199978","1500","1528","1595","1500","1100","1000","1900","1000","0","0","0","0","0","0","23.199978"
"23239978","1500","1527","1593","1500","1100","1000","1900","1000","0","0","0","0","0","0","23.239978"
"23279978","1500","1526","1592","1500","1100","1000","1900","1000","0","0","0","0","0","0","23.279978"
"23319978","1500","1525","1590","1500","1100","1000","1900","1000","0","0","0","0","0","0","23.319978"
"23359978","1500","1525","1589","1500","1100","1000","1900","1000","0","0","0","0","0","0","23.359978"
"23399978","1500","1524","1587","1500","1100","1000","1900","1000","0","0","0","0","0","0","23.399978"
"23439978","1500","1523","1585","1500","1100","1000","1900","1000","0","0","0","0","0","0","23.439978"
"23479978","1500","1523","1583","1500","1100","1000","1900","1000","0","0","0","0","0","0","23.479978"
"23519978","1500","1522","1581","1500","1100","1000","1900","1000","0","0","0","0","0","0","23.519978"
"23559978","1500","1521","1578","1500","1100","1000","1900","1000","0","0","0","0","0","0","23.559978"
"23599978","1500","1521","1575","1500","1100","1000","1900","1000","0","0","0","0","0","0","23.599978"
"23639978","1500","1521","1572","1500","1100","1000","1900","1000","0","0","0","0","0","0","23.639978"
"23679978","1500","1520","1569","1500","1100","1000","1900","1000","0","0","0","0","0","0","23.679978"
"23719978","1500","1520","1566","1500","1100","1000","1900","1000","0","0","0","0","0","0","23.719978"
"23759978","1500","1520","1563","1500","1100","1000","1900","1000","0","0","0","0","0","0","23.759978"
"23799978","1500","1520","1559","1500","1100","1000","1900","1000","0","0","0","0","0","0","23.799978"
"23839978","1500","1519","1556","1500","1100","1000","1900","1000","0","0","0","0","0","0","23.839978"
"23879978","1500","1519","1553","1500","1100","1000","1900","1000","0","0","0","0","0","0","23.879978"
"23919978","1500","1519","1550","1500","1100","1000","1900","1000","0","0","0","0","0","0","23.919978"
"23959978","1500","1519","1548","1500","1100","1000","1900","1000","0","0","0","0","0","0","23.959978"
