"TimeUS","DesRoll","Roll","DesPitch","Pitch","DesYaw","Yaw","AEKF","ap_time_s"
"3059985","0","0.006784643","-2.85","-2.8598967","0","0.0017659505","0","3.059985"
"3099985","0","0.0068132062","-2.8899999","-2.8974524","0","0.0017362069","0","3.099985"
"3139985","0","0.006872372","-2.9099998","-2.9124522","0","7.633999","0","3.139985"
"3179985","0","0.007035537","-2.9299998","-2.9338431","0","7.633926","0","3.179985"
"3219985","0","0.0069527724","-2.9299998","-2.9336731","0","7.6343403","0","3.219985"
"3259985","0","0.0069814003","-2.9099998","-2.9104114","0","7.634044","0","3.259985"
"3299985","0","0.0071656182","-2.86","-2.8670397","0","7.6339707","0","3.299985"
"3359984","0","0.010443864","0.65","-2.7727902","0","7.633645","0","3.359984"
"3399984","0","0.0122944","0.71","-2.6839154","0","7.633377","0","3.399984"
"3439984","0","0.014692933","0.71999997","-2.4901245","0","7.633331","0","3.439984"
"3479984","0","0.017141001","0.71999997","-2.1596568","0","7.632882","0","3.479984"
"3519984","0","0.019023554","0.77","-1.7125478","0","7.6323442","0","3.519984"
"3559984","0","0.019334808","0.77","-1.173469","0","7.631814","0","3.559984"
"3599984","0","0.019894674","0.77","-0.5935511","0","7.631017","0","3.599984"
"3639984","0","0.020261243","0.77","-0.014800449","0","7.62991","0","3.639984"
"3679984","0","0.020911964","0.77","0.52053785","0","7.628556","0","3.679984"
"3719984","0","0.021045387","0.81","0.9747979","0","7.627593","0","3.719984"
"3759984","0","0.02123225","0.81","1.3209231","0","7.6265955","0","3.759984"
"3799984","0","0.021584364","0.81","1.540383","0","7.625898","0","3.799984"
"3859983","0","0.021520128","0.77","1.6237516","0","7.6243596","0","3.859983"
"3899983","0","0.02117433","0.77","1.5300857","0","7.6237636","0","3.899983"
"3939983","0","0.021161346","0.77","1.3403862","0","7.623188","0","3.939983"
"3979983","0","0.020988438","0.77","1.0753657","0","7.622664","0","3.979983"
"4019983","0","0.021357728","0.71999997","0.7658468","0","7.62284","0","4.019983"
"4079981","0","0.021630533","0.71999997","0.30120388","0","7.6228204","0","4.079981"
"4139979","0","0.02158401","0.77","-0.06865879","0","7.623296","0","4.139979"
"4199978","0","0.022003615","0.77","-0.2660707","0","7.6240573","0","4.199978"
"4239978","0","0.021827724","0.71999997","-0.29571608","0","7.6245775","0","4.239978"
"4279978","0","0.022137105","0.71999997","-0.23241562","0","7.624621","0","4.279978"
"4319978","0","0.022128806","0.71999997","-0.08752923","0","7.6245575","0","4.319978"
"4359978","0","0.022339985","0.71999997","0.11822667","0","7.6241155","0","4.359978"
"4399978","0","0.02274564","0.71999997","0.35974136","0","7.623261","0","4.399978"
"4439978","0","0.022634966","0.71999997","0.6112882","0","7.622851","0","4.439978"
"4479978","0","0.022421582","0.71999997","0.847197","0","7.6220956","0","4.479978"
"4519978","0","0.022309395","0.71999997","1.0446506","0","7.6213374","0","4.519978"
"4559978","0","0.022123845","0.71999997","1.1866634","0","7.620479","0","4.559978"
"4599978","0","0.021999199","0.71999997","1.2643387","0","7.619581","0","4.599978"
"4639978","0","0.022123422","0.71999997","1.2759287","0","7.618904","0","4.639978"
"4679978","0","0.022283474","0.71999997","1.2303308","0","7.6186247","0","4.679978"
"4719978","0","0.02208466","0.66999996","1.132332","0","7.6179237","0","4.719978"
"4759978","0","0.02227231","0.66999996","0.99457145","0","7.6174054","0","4.759978"
"4799978","0","0.022357598","0.66999996","0.83296555","0","7.6172714","0","4.799978"
"4839978","0","0.022222904","0.66999996","0.66264176","0","7.6171007","0","4.839978"
"4879978","0","0.022008039","0.66999996","0.49775246","0","7.6169505","0","4.879978"
"4919978","0","0.021899942","0.61","0.35104775","0","7.617083","0","4.919978"
"4959978","0","0.022020651","0.61","0.23488908","0","7.6167703","0","4.959978"
"4999978","0","0.02203643","0.61","0.15627496","0","7.616633","0","4.999978"
"5039978","14.049999","0.022116411","0.61","0.11938806","0","7.6164923","0","5.039978"
"5079978","14.049999","0.030667564","0.61","0.123875536","0","7.616108","0","5.079978"
"5119978","14.049999","0.13371012","0.61","0.16595289","0","7.6121855","0","5.119978"
"5159978","14.049999","0.4034399","0.61","0.24030867","0","7.593764","0","5.159978"
"5199978","14.049999","0.8390397","0.61","0.33813706","0","7.546518","0","5.199978"
"5239978","14.049999","1.399523","0.61","0.44838294","0","7.4580717","0","5.239978"
"5279978","14.049999","2.03475","0.61","0.5603229","0","7.329191","0","5.279978"
"5319978","14.049999","2.702315","0.61","0.66598827","0","7.151574","0","5.319978"
"5359978","14.049999","3.3675842","0.61","0.7563634","0","6.931559","0","5.359978"
"5399978","14.049999","4.007825","0.57","0.8242611","0","6.677259","0","5.399978"
"5439978","14.049999","4.6084905","0.57","0.86802524","0","6.396866","0","5.439978"
"5479978","14.049999","5.162627","0.57","0.8876731","0","6.1041565","0","5.479978"
"5519978","14.049999","5.6667414","0.57","0.8846763","0","5.8127003","0","5.519978"
"5559978","14.049999","6.1159844","0.57","0.8641061","0","5.536243","0","5.559978"
"5599978","14.049999","6.5229864","0.57","0.8291487","0","5.289925","0","5.599978"
"5639978","14.049999","6.895382","0.57","0.78570056","0","5.087016","0","5.639978"
"5679978","14.049999","7.2397046","0.57","0.73933387","0","4.937591","0","5.679978"
"5719978","14.049999","7.563519","0.57","0.6938177","0","4.85189","0","5.719978"
"5759978","14.049999","7.8655095","0.57","0.6507614","0","4.835266","0","5.759978"
"5799978","14.049999","8.152808","0.57","0.6122778","0","4.8913503","0","5.799978"
"5839978","14.049999","8.438619","0.57","0.5815363","0","5.0214534","0","5.839978"
"5879978","14.049999","8.725793","0.57","0.56009626","0","5.2216988","0","5.879978"
"5919978","14.049999","9.016946","0.57","0.54838526","0","5.4886055","0","5.919978"
"5959978","14.049999","9.313636","0.57","0.5454826","0","5.8150377","0","5.959978"
"5999978","14.049999","9.605841","0.57","0.54902357","0","6.191411","0","5.999978"
"6039978","14.049999","9.901619","0.57","0.55766547","0","6.608594","0","6.039978"
"6079978","14.049999","10.197544","0.57","0.5693182","0","7.053933","0","6.079978"
"6119978","14.049999","10.48979","0.57","0.5819007","0","7.5176907","0","6.119978"
"6159978","14.049999","10.775941","0.57","0.5939096","0","7.9881406","0","6.159978"
"6199978","14.049999","11.048313","0.57","0.60554016","0","8.454502","0","6.199978"
"6239978","14.049999","11.3035","0.57","0.61634517","0","8.908764","0","6.239978"
"6279978","14.049999","11.542782","0.57","0.62554115","0","9.341903","0","6.279978"
"6319978","14.049999","11.763383","0.57","0.63327014","0","9.749941","0","6.319978"
"6359978","14.049999","11.962083","0.57","0.6404375","0","10.12819","0","6.359978"
"6399978","14.049999","12.137967","0.57","0.64893866","0","10.474344","0","6.399978"
"6439978","14.049999","12.269958","0.57","0.6635524","0","10.788975","0","6.439978"
"6479978","14.049999","12.379902","0.57","0.6817215","0","11.072893","0","6.479978"
"6519978","14.049999","12.468985","0.57","0.7037638","0","11.330282","0","6.519978"
"6559978","14.049999","12.539724","0.52","0.7299619","0","11.564484","0","6.559978"
"6599978","14.049999","12.594979","0.56","0.7589971","0","11.781474","0","6.599978"
"6639978","14.049999","12.62557","0.56","0.78907704","0","11.98745","0","6.639978"
"6679978","14.049999","12.634515","0.56","0.81847495","0","12.186348","0","6.679978"
"6719978","14.049999","12.636461","0.56","0.8455653","0","12.387409","0","6.719978"
"6759978","14.049999","12.63518","0.56","0.8688887","0","12.594721","0","6.759978"
"6799978","14.049999","12.632889","0.56","0.88690776","0","12.814589","0","6.799978"
"6839978","14.049999","12.633974","0.56","0.89760923","0","13.052847","0","6.839978"
"6879978","14.049999","12.63369","0.56","0.8991616","0","13.31017","0","6.879978"
"6919978","14.049999","12.639281","0.56","0.8924326","0","13.592434","0","6.919978"
"6959978","14.049999","12.651845","0.62","0.87695384","0","13.900511","0","6.959978"
"6999978","14.049999","12.673985","0.62","0.85405225","0","14.234753","0","6.999978"
"7039978","14.049999","12.706815","0.62","0.8259862","0","14.596439","0","7.039978"
"7079978","14.049999","12.750596","0.62","0.7956396","0","14.981713","0","7.079978"
"7119978","14.049999","12.804076","0.62","0.76554704","0","15.392109","0","7.119978"
"7159978","14.049999","12.862085","0.58","0.7385177","0","15.82294","0","7.159978"
"7199978","14.049999","12.92486","0.63","0.71583396","0","16.2713","0","7.199978"
"7239978","14.049999","12.991541","0.63","0.698374","0","16.735186","0","7.239978"
"7279978","14.049999","13.059581","0.63","0.68794477","0","17.205906","0","7.279978"
"7319978","14.049999","13.131926","0.63","0.684334","0","17.683609","0","7.319978"
"7359978","14.049999","13.202694","0.68","0.6883455","0","18.161392","0","7.359978"
"7399978","14.049999","13.269109","0.68","0.6994719","0","18.635757","0","7.399978"
"7439978","14.049999","13.330442","0.68","0.71659845","0","19.104824","0","7.439978"
"7479978","14.049999","13.385136","0.68","0.73992616","0","19.562012","0","7.479978"
"7519978","14.049999","13.431522","0.72999996","0.7675919","0","20.008543","0","7.519978"
"7559978","14.049999","13.468948","0.68","0.79848933","0","20.440573","0","7.559978"
"7599978","14.049999","13.4981365","0.68","0.83019346","0","20.857761","0","7.599978"
"7639978","14.049999","13.519061","0.71999997","0.86044425","0","21.261465","0","7.639978"
"7679978","14.049999","13.532863","0.71999997","0.8881964","0","21.649153","0","7.679978"
"7719978","14.049999","13.540963","0.71999997","0.91085255","0","22.025967","0","7.719978"
"7759978","14.049999","13.537009","0.71999997","0.92858136","0","22.39205","0","7.759978"
"7799978","14.049999","13.529382","0.78","0.94163245","0","22.74993","0","7.799978"
"7839978","14.049999","13.518362","0.78","0.94909954","0","23.105036","0","7.839978"
"7879978","14.049999","13.505071","0.74","0.95348954","0","23.456661","0","7.879978"
"7919978","14.049999","13.490566","0.78999996","0.9547089","0","23.81187","0","7.919978"
"7959978","14.049999","13.472831","0.78999996","0.95389915","0","24.17124","0","7.959978"
"7999978","14.049999","13.452712","0.83","0.95255315","0","24.53806","0","7.999978"
"8039978","14.049999","13.435893","0.83","0.95055664","0","24.917963","0","8.039978"
"8079978","14.049999","13.423457","0.83","0.949545","0","25.307348","0","8.079978"
"8119978","14.049999","13.416039","0.89","0.9496242","0","25.71358","0","8.119978"
"8159978","14.049999","13.413215","0.84999996","0.9520332","0","26.13424","0","8.159978"
"8199978","14.049999","13.416876","0.9","0.95524204","0","26.569193","0","8.199978"
"8239978","14.049999","13.425222","0.9","0.96068347","0","27.021118","0","8.239978"
"8279978","14.049999","13.438854","0.95","0.9696703","0","27.482471","0","8.279978"
"8319978","14.049999","13.456357","0.95","0.97892636","0","27.957516","0","8.319978"
"8359978","14.049999","13.477105","1","0.9897756","0","28.440845","0","8.359978"
"8399978","14.049999","13.502778","1","1.002313","0","28.930105","0","8.399978"
"8439978","14.049999","13.532624","1","1.0155784","0","29.42625","0","8.439978"
"8479978","14.049999","13.56391","1","1.0316797","0","29.920424","0","8.479978"
"8519978","14.049999","13.595331","1.05","1.047488","0","30.415882","0","8.519978"
"8559978","14.049999","13.624306","1.05","1.0632823","0","30.9073","0","8.559978"
"8599978","14.049999","13.650973","1.1","1.0791038","0","31.392889","0","8.599978"
"8639978","14.049999","13.675119","1.06","1.0934037","0","31.873524","0","8.639978"
"8679978","14.049999","13.694907","1.1","1.1091514","0","32.343365","0","8.679978"
"8719978","14.049999","13.709796","1.1","1.1248866","0","32.8071","0","8.719978"
"8759978","14.049999","13.720266","1.16","1.1411905","0","33.261955","0","8.759978"
"8799978","14.049999","13.727015","1.2099999","1.1587851","0","33.708424","0","8.799978"
"8839978","14.049999","13.729337","1.16","1.1762434","0","34.150276","0","8.839978"
"8879978","14.049999","13.726908","1.2099999","1.1962557","0","34.5832","0","8.879978"
"8919978","14.049999","13.722077","1.26","1.2190304","0","35.014538","0","8.919978"
"8959978","14.049999","13.7159","1.26","1.2442015","0","35.44325","0","8.959978"
"8999978","14.049999","13.708189","1.31","1.2712868","0","35.87048","0","8.999978"
"9039978","14.049999","13.699267","1.3199999","1.2994758","0","36.30236","0","9.039978"
"9079978","14.049999","13.687953","1.3199999","1.3275098","0","36.734257","0","9.079978"
"9119978","14.049999","13.677672","1.37","1.354786","0","37.174297","0","9.119978"
"9159978","14.049999","13.66794","1.42","1.3805788","0","37.620285","0","9.159978"
"9199978","14.049999","13.659981","1.4699999","1.4035149","0","38.073547","0","9.199978"
"9239978","14.049999","13.6540575","1.42","1.4228139","0","38.538204","0","9.239978"
"9279978","14.049999","13.65202","1.4599999","1.4398141","0","39.00821","0","9.279978"
"9319978","14.049999","13.656437","1.52","1.4519057","0","39.490368","0","9.319978"
"9359978","14.049999","13.66576","1.5699999","1.4613696","0","39.980263","0","9.359978"
"9399978","14.049999","13.678864","1.5799999","1.4696","0","40.478104","0","9.399978"
"9439978","14.049999","13.695583","1.63","1.4782755","0","40.985664","0","9.439978"
"9479978","14.049999","13.713245","1.63","1.4898318","0","41.494404","0","9.479978"
"9519978","14.049999","13.733344","1.67","1.5015275","0","42.01083","0","9.519978"
"9559978","14.049999","13.752802","1.67","1.5176871","0","42.529037","0","9.559978"
"9599978","14.049999","13.772298","1.73","1.5402699","0","43.048695","0","9.599978"
"9639978","14.049999","13.791586","1.78","1.5680816","0","43.57086","0","9.639978"
"9679978","14.049999","13.809922","1.8299999","1.6026516","0","44.085938","0","9.679978"
"9719978","14.049999","13.828164","1.8399999","1.6403708","0","44.599876","0","9.719978"
"9759978","14.049999","13.845249","1.89","1.6809816","0","45.106464","0","9.759978"
"9799978","14.049999","13.860852","1.9399999","1.7241117","0","45.605453","0","9.799978"
"9839978","14.049999","13.874407","1.9499999","1.7671176","0","46.099155","0","9.839978"
"9879978","14.049999","13.884441","2","1.8118691","0","46.580524","0","9.879978"
"9919978","14.049999","13.889061","2.05","1.8552111","0","47.057186","0","9.919978"
"9959978","14.049999","13.886753","2.05","1.8944972","0","47.525627","0","9.959978"
"9999978","14.049999","13.881272","2.09","1.9309019","0","47.988346","0","9.999978"
"10039978","14.049999","13.872473","2.1499999","1.9640166","0","48.450363","0","10.039978"
"10079978","14.049999","13.862061","2.2","1.9955952","0","48.906364","0","10.079978"
"10119978","14.049999","13.850627","2.21","2.0239017","0","49.366524","0","10.119978"
"10159978","14.049999","13.838271","2.26","2.0491695","0","49.828373","0","10.159978"
"10199978","14.049999","13.827065","2.3","2.072699","0","50.294674","0","10.199978"
"10239978","14.049999","13.819529","2.31","2.0953422","0","50.77125","0","10.239978"
"10279978","14.049999","13.815655","2.4099998","2.1217334","0","51.251804","0","10.279978"
"10319978","14.049999","13.815196","2.46","2.1490893","0","51.745438","0","10.319978"
"10359978","14.049999","13.818074","2.47","2.1790025","0","52.247894","0","10.359978"
"10399978","14.049999","13.825138","2.52","2.2086732","0","52.759098","0","10.399978"
"10439978","14.049999","13.83546","2.57","2.2406437","0","53.28271","0","10.439978"
"10479978","14.049999","13.848891","2.57","2.2764578","0","53.809967","0","10.479978"
"10519978","14.049999","13.865115","2.6699998","2.3141327","0","54.3469","0","10.519978"
"10559978","14.049999","13.883619","2.72","2.353958","0","54.88677","0","10.559978"
"10599978","14.049999","13.90498","2.73","2.3950188","0","55.427612","0","10.599978"
"10639978","14.04","13.926517","2.78","2.4286797","0","55.96964","0","10.639978"
"10679978","14.04","13.943884","2.8799999","2.4719658","0","56.482002","0","10.679978"
"10719978","14.04","13.9606495","2.8799999","2.5318885","0","57.00979","0","10.719978"
"10759978","14.04","13.977601","2.9299998","2.612673","0","57.555405","0","10.759978"
"10799978","14.04","13.993903","3.03","2.693507","0","58.116272","0","10.799978"
"10839978","14.04","14.174335","3.03","2.745711","0","58.7026","0","10.839978"
"10879978","14.04","14.354946","3.09","2.7835944","0","59.29999","0","10.879978"
"10919978","14.04","14.535822","3.1899998","2.8012767","0","59.916103","0","10.919978"
"10959978","14.04","14.715157","3.1999998","2.8003273","0","60.548504","0","10.959978"
"10999978","14.04","14.890447","3.24","2.7810326","0","61.19568","0","10.999978"
"11039978","14.04","15.061135","3.3","2.7478871","0","61.861942","0","11.039978"
"11079978","14.04","15.223371","3.35","2.7070985","0","62.5407","0","11.079978"
"11119978","14.04","15.37731","3.3999999","2.6634505","0","63.236683","0","11.119978"
"11159978","14.04","15.521005","3.46","2.6227305","0","63.946056","0","11.159978"
"11199978","14.04","15.653143","3.5","2.588935","0","64.66802","0","11.199978"
"11239978","14.04","15.772103","3.56","2.5630953","0","65.4042","0","11.239978"
"11279978","14.04","15.878934","3.6","2.5517952","0","66.14709","0","11.279978"
"11319978","14.04","15.972704","3.6599998","2.5567727","0","66.90051","0","11.319978"
"11359978","14.04","16.054163","3.76","2.5794284","0","67.65974","0","11.359978"
"11399978","14.04","16.12323","3.76","2.619556","0","68.42173","0","11.399978"
"11439978","14.04","16.174871","3.82","2.672769","0","69.18669","0","11.439978"
"11479978","14.04","16.213686","3.87","2.7380905","0","69.94776","0","11.479978"
"11519978","14.04","16.239944","3.9199998","2.8109958","0","70.70669","0","11.519978"
"11559978","14.04","16.255625","4.02","2.8883224","0","71.459236","0","11.559978"
"11599978","14.04","16.26164","4.0299997","2.9651136","0","72.20374","0","11.599978"
"11639978","14.04","16.251072","4.08","3.038637","0","72.93995","0","11.639978"
"11679978","14.04","16.232769","4.18","3.106877","0","73.66496","0","11.679978"
"11719978","14.04","16.207228","4.18","3.167675","0","74.38113","0","11.719978"
"11759978","14.03","16.174593","4.23","3.2208023","0","75.08656","0","11.759978"
"11799978","14.03","16.13708","4.2799997","3.2658632","0","75.78198","0","11.799978"
"11839978","14.03","16.090076","4.33","3.3022134","0","76.46904","0","11.839978"
"11879978","14.03","16.04043","4.39","3.33302","0","77.1462","0","11.879978"
"11919978","14.03","15.989525","4.44","3.36004","0","77.81734","0","11.919978"
"11959978","14.03","15.936393","4.49","3.3866422","0","78.4816","0","11.959978"
"11999978","14.03","15.882378","4.5","3.4144442","0","79.14106","0","11.999978"
"12039978","14.03","15.821222","4.5499997","3.4450593","0","79.79861","0","12.039978"
"12079978","14.03","15.760586","4.6","3.48055","0","80.451126","0","12.079978"
"12119978","14.03","15.703316","4.65","3.5207624","0","81.102745","0","12.119978"
"12159978","14.03","15.64773","4.65","3.566608","0","81.75156","0","12.159978"
"12199978","14.03","15.595286","4.74","3.6169863","0","82.39805","0","12.199978"
"12239978","14.03","15.541649","4.74","3.6705666","0","83.0434","0","12.239978"
"12279978","14.03","15.491244","4.7999997","3.726664","0","83.68201","0","12.279978"
"12319978","14.03","15.445015","4.85","3.7814069","0","84.317665","0","12.319978"
"12359978","14.0199995","15.401869","4.8599997","3.8365755","0","84.94867","0","12.359978"
"12399978","14.0199995","15.362295","4.91","3.8920925","0","85.573395","0","12.399978"
"12439978","14.0199995","15.322675","4.96","3.9470406","0","86.193596","0","12.439978"
"12479978","14.0199995","15.284542","5.0099998","4.00079","0","86.80418","0","12.479978"
"12519978","14.0199995","15.248851","5.06","4.0526056","0","87.40882","0","12.519978"
"12559978","14.0199995","15.215905","5.1099997","4.1028495","0","88.00582","0","12.559978"
"12599978","14.0199995","15.184089","5.1099997","4.150794","0","88.59405","0","12.599978"
"12639978","14.0199995","15.1493025","5.1099997","4.1977935","0","89.17594","0","12.639978"
"12679978","14.0199995","15.11608","5.16","4.2456284","0","89.747505","0","12.679978"
"12719978","14.0199995","15.084869","5.16","4.2919955","0","90.3127","0","12.719978"
"12759978","14.0199995","15.053485","5.21","4.3361497","0","90.86918","0","12.759978"
"12799978","14.009999","15.022925","5.2599998","4.377237","0","91.4175","0","12.799978"
"12839978","14.009999","14.989535","5.2599998","4.4164987","0","91.95972","0","12.839978"
"12879978","14.009999","14.957967","5.31","4.4541473","0","92.49296","0","12.879978"
"12919978","14.009999","14.926624","5.31","4.4905963","0","93.021515","0","12.919978"
"12959978","14.009999","14.895655","5.3599997","4.525365","0","93.543785","0","12.959978"
"12999978","14.009999","14.867115","5.3599997","4.559277","0","94.06039","0","12.999978"
"13039978","14.009999","14.8369","5.4","4.592765","0","94.57391","0","13.039978"
"13079978","14.009999","14.807909","5.4","4.626229","0","95.081116","0","13.079978"
"13119978","14.009999","14.780592","5.46","4.6586037","0","95.58626","0","13.119978"
"13159978","14.009999","14.75615","5.46","4.690563","0","96.08788","0","13.159978"
"13199978","14.009999","14.734133","5.46","4.720972","0","96.586044","0","13.199978"
"13239978","14.009999","14.710784","5.5099998","4.7504516","0","97.08264","0","13.239978"
"13279978","14.009999","14.689315","5.5099998","4.778203","0","97.57365","0","13.279978"
"13319978","14.009999","14.671404","5.56","4.8036504","0","98.0641","0","13.319978"
"13359978","14.009999","14.655821","5.56","4.8273253","0","98.55194","0","13.359978"
"13399978","14","14.641331","5.56","4.8501835","0","99.036125","0","13.399978"
"13439978","14","14.624534","5.56","4.871567","0","99.51697","0","13.439978"
"13479978","14","14.611009","5.66","4.8921046","0","99.99332","0","13.479978"
"13519978","14","14.599831","5.66","4.9107795","0","100.46816","0","13.519978"
"13559978","14","14.589773","5.66","4.929792","0","100.93988","0","13.559978"
"13599978","14","14.580399","5.66","4.950063","0","101.40885","0","13.599978"
"13639978","14","14.567618","5.66","4.9721694","0","101.87615","0","13.639978"
"13679978","14","14.556372","5.71","4.9945893","0","102.33844","0","13.679978"
"13719978","14","14.548","5.71","5.015766","0","102.798615","0","13.719978"
"13759978","14","14.541303","5.71","5.0361676","0","103.25478","0","13.759978"
"13799978","14","14.535632","5.71","5.0565915","0","103.706924","0","13.799978"
"13839978","14","14.527899","5.75","5.076558","0","104.156555","0","13.839978"
"13879978","14","14.519207","5.75","5.0952888","0","104.6005","0","13.879978"
"13919978","14","14.509946","5.75","5.111519","0","105.04118","0","13.919978"
"13959978","14","14.50004","5.75","5.126598","0","105.478294","0","13.959978"
"13999978","14","14.490957","5.75","5.1391606","0","105.91138","0","13.999978"
"14039978","14","14.481981","5.75","5.15105","0","106.34148","0","14.039978"
"14079978","14","14.474415","5.7999997","5.161474","0","106.76669","0","14.079978"
"14119978","14","14.467941","5.7999997","5.1696324","0","107.18987","0","14.119978"
"14159978","14","14.460858","5.7999997","5.1755548","0","107.60954","0","14.159978"
"14199978","14","14.454218","5.7999997","5.1806736","0","108.02615","0","14.199978"
"14239978","14","14.444925","5.7999997","5.186412","0","108.44278","0","14.239978"
"14279978","14","14.43549","5.8399997","5.1919293","0","108.85648","0","14.279978"
"14319978","14","14.425992","5.8399997","5.1962767","0","109.27002","0","14.319978"
"14359978","14","14.416122","5.8399997","5.2014756","0","109.68242","0","14.359978"
"14399978","14","14.409495","5.8399997","5.207582","0","110.0948","0","14.399978"
"14439978","14","14.404074","5.8399997","5.2151933","0","110.506775","0","14.439978"
"14479978","14","14.400667","5.8799996","5.223645","0","110.91615","0","14.479978"
"14519978","14","14.398381","5.8799996","5.231562","0","111.32648","0","14.519978"
"14559978","14","14.396187","5.8799996","5.238574","0","111.73564","0","14.559978"
"14599978","14","14.394691","5.83","5.2452593","0","112.144424","0","14.599978"
"14639978","14","14.391343","5.83","5.2538605","0","112.55368","0","14.639978"
"14679978","14","14.387911","5.8799996","5.2619376","0","112.96049","0","14.679978"
"14719978","14","14.385153","5.8799996","5.2670565","0","113.36714","0","14.719978"
"14759978","14","14.382392","5.8799996","5.2696147","0","113.771484","0","14.759978"
"14799978","14","14.379767","5.8799996","5.2698784","0","114.17452","0","14.799978"
"14839978","14","14.378025","5.87","5.2700167","0","114.57697","0","14.839978"
"14879978","14","14.379149","5.87","5.269162","0","114.97667","0","14.879978"
"14919978","14","14.382059","5.87","5.2667055","0","115.375275","0","14.919978"
"14959978","14","14.385822","5.87","5.2645583","0","115.77216","0","14.959978"
"14999978","14","14.389966","5.92","5.262505","0","116.16741","0","14.999978"
"15039978","0","14.392398","5.87","5.261433","0","116.56188","0","15.039978"
"15079978","0","14.385462","5.87","5.2612724","0","116.95343","0","15.079978"
"15119978","0","14.275727","5.91","5.2607775","0","117.34942","0","15.119978"
"15159978","0","13.983268","5.91","5.2563467","0","117.762726","0","15.159978"
"15199978","0","13.509142","5.8599997","5.243605","0","118.21184","0","15.199978"
"15239978","0","12.893028","5.8599997","5.220623","0","118.71155","0","15.239978"
"15279978","0","12.182307","5.91","5.185459","0","119.266884","0","15.279978"
"15319978","0","11.41956","5.91","5.136417","0","119.88448","0","15.319978"
"15359978","0","10.637741","5.85","5.0757537","0","120.558784","0","15.359978"
"15399978","0","9.861428","5.89","5.0065565","0","121.28171","0","15.399978"
"15439978","0","9.097744","5.89","4.9336233","0","122.04065","0","15.439978"
"15479978","0","8.365073","5.85","4.860418","0","122.81747","0","15.479978"
"15519978","0","7.6707125","5.85","4.790649","0","123.601585","0","15.519978"
"15559978","0","7.017941","5.9","4.7303886","0","124.37235","0","15.559978"
"15599978","0","6.4055705","5.85","4.683269","0","125.11093","0","15.599978"
"15639978","0","5.8277626","5.85","4.6537766","0","125.80211","0","15.639978"
"15679978","0","5.2828054","5.89","4.6426444","0","126.42662","0","15.679978"
"15719978","0","4.7668686","5.8399997","4.6490145","0","126.97597","0","15.719978"
"15759978","0","4.273492","5.8399997","4.672365","0","127.43616","0","15.759978"
"15799978","0","3.7964256","5.8799996","4.7098603","0","127.80063","0","15.799978"
"15839978","0","3.3367531","5.8799996","4.7587175","0","128.06639","0","15.839978"
"15879978","0","2.8848753","5.83","4.8145084","0","128.2308","0","15.879978"
"15919978","0","2.4379895","5.8799996","4.8719435","0","128.30005","0","15.919978"
"15959978","0","1.9947462","5.8799996","4.926242","0","128.27867","0","15.959978"
"15999978","0","1.5555873","5.83","4.974117","0","128.17625","0","15.999978"
"16039978","0","1.1241711","5.87","5.012746","0","128.00377","0","16.039978"
"16079978","0","0.70234096","5.87","5.03892","0","127.77372","0","16.079978"
"16119978","0","0.29467586","5.8199997","5.052089","0","127.501335","0","16.119978"
"16159978","0","-0.09537317","5.87","5.0522804","0","127.2003","0","16.159978"
"16199978","0","-0.46263584","5.87","5.0393066","0","126.8851","0","16.199978"
"16239978","0","-0.8034195","5.8199997","5.0164666","0","126.56774","0","16.239978"
"16279978","0","-1.1114124","5.8599997","4.9870005","0","126.258705","0","16.279978"
"16319978","0","-1.3824278","5.8599997","4.9535236","0","125.97076","0","16.319978"
"16359978","0","-1.6130246","5.81","4.918635","0","125.709656","0","16.359978"
"16399978","0","-1.7994894","5.81","4.8857017","0","125.480965","0","16.399978"
"16439978","0","-1.9440289","5.8599997","4.8575244","0","125.28883","0","16.439978"
"16479978","0","-2.0459435","5.81","4.834963","0","125.1307","0","16.479978"
"16519978","0","-2.1082957","5.81","4.820884","0","125.00977","0","16.519978"
"16559978","0","-2.1341615","5.81","4.8142104","0","124.92093","0","16.559978"
"16599978","0","-2.1269987","5.85","4.8142076","0","124.86052","0","16.599978"
"16639978","0","-2.0850923","5.7999997","4.8205957","0","124.82521","0","16.639978"
"16679978","0","-2.016382","5.7999997","4.831711","0","124.80475","0","16.679978"
"16719978","0","-1.9268901","5.7999997","4.8451853","0","124.79554","0","16.719978"
"16759978","0","-1.8225303","5.7999997","4.857242","0","124.78934","0","16.759978"
"16799978","0","-1.7076457","5.7999997","4.866799","0","124.77973","0","16.799978"
"16839978","0","-1.5825278","5.7999997","4.8742313","0","124.764275","0","16.839978"
"16879978","0","-1.4582726","5.75","4.8775373","0","124.73485","0","16.879978"
"16919978","0","-1.339169","5.79","4.8771014","0","124.68989","0","16.919978"
"16959978","0","-1.2279458","5.79","4.8729124","0","124.625786","0","16.959978"
"16999978","0","-1.1289717","5.74","4.8639464","0","124.540115","0","16.999978"
"17039978","0","-1.04058","5.7799997","4.8528323","0","124.43436","0","17.039978"
"17079978","0","-0.96724546","5.7799997","4.83876","0","124.30675","0","17.079978"
"17119978","0","-0.90903646","5.73","4.822535","0","124.16077","0","17.119978"
"17159978","0","-0.8663659","5.73","4.8050923","0","123.99799","0","17.159978"
"17199978","0","-0.8391107","5.7799997","4.7878265","0","123.82204","0","17.199978"
"17239978","0","-0.8251994","5.72","4.7733393","0","123.63812","0","17.239978"
"17279978","0","-0.8222526","5.72","4.760383","0","123.44897","0","17.279978"
"17319978","0","-0.8263285","5.72","4.7504907","0","123.26048","0","17.319978"
"17359978","0","-0.8340744","5.72","4.74419","0","123.0767","0","17.359978"
"17399978","0","-0.8430112","5.72","4.7415123","0","122.902374","0","17.399978"
"17439978","0","-0.85247344","5.72","4.7430043","0","122.74178","0","17.439978"
"17479978","0","-0.85914505","5.67","4.7475147","0","122.59541","0","17.479978"
"17519978","0","-0.8622566","5.72","4.7543054","0","122.46781","0","17.519978"
"17559978","0","-0.8587091","5.72","4.762661","0","122.359146","0","17.559978"
"17599978","0","-0.8462388","5.67","4.7711773","0","122.26953","0","17.599978"
"17639978","0","-0.8259457","5.67","4.780229","0","122.19899","0","17.639978"
"17679978","0","-0.7966925","5.71","4.7874584","0","122.14483","0","17.679978"
"17719978","0","-0.75791997","5.66","4.791344","0","122.10696","0","17.719978"
"17759978","0","-0.7110937","5.66","4.7922316","0","122.082085","0","17.759978"
"17799978","0","-0.6580473","5.6099997","4.790211","0","122.06778","0","17.799978"
"17839978","0","-0.5988093","5.66","4.786076","0","122.06209","0","17.839978"
"17879978","0","-0.53584135","5.66","4.7785583","0","122.059326","0","17.879978"
"17919978","0","-0.4709228","5.6099997","4.7689567","0","122.05882","0","17.919978"
"17959978","0","-0.40746462","5.6099997","4.758822","0","122.05698","0","17.959978"
"17999978","0","-0.3465874","5.65","4.7492127","0","122.051445","0","17.999978"
"18039978","0","-0.2888358","5.6","4.741033","0","122.04117","0","18.039978"
"18079978","0","-0.23660895","5.6","4.73332","0","122.02343","0","18.079978"
"18119978","0","-0.19094534","5.5499997","4.7265754","0","121.99846","0","18.119978"
"18159978","0","-0.15207668","5.5499997","4.7208433","0","121.96548","0","18.159978"
"18199978","0","-0.120436266","5.6","4.7162704","0","121.92459","0","18.199978"
"18239978","0","-0.096800774","5.5499997","4.7131886","0","121.87655","0","18.239978"
"18279978","0","-0.08064754","5.5499997","4.710902","0","121.821526","0","18.279978"
"18319978","0","-0.07088544","5.49","4.709221","0","121.76158","0","18.319978"
"18359978","0","-0.068034284","5.5299997","4.707713","0","121.69845","0","18.359978"
"18399978","0","-0.07049842","5.5299997","4.7049766","0","121.633354","0","18.399978"
"18439978","0","-0.07697622","5.49","4.702445","0","121.56824","0","18.439978"
"18479978","0","-0.08504034","5.49","4.698773","0","121.50391","0","18.479978"
"18519978","0","-0.09439102","5.49","4.6931343","0","121.44308","0","18.519978"
"18559978","0","-0.10346637","5.48","4.6860166","0","121.38658","0","18.559978"
"18599978","0","-0.112166345","5.48","4.676447","0","121.335396","0","18.599978"
"18639978","0","-0.12010297","5.43","4.666249","0","121.290764","0","18.639978"
"18679978","0","-0.12599607","5.43","4.6555696","0","121.25302","0","18.679978"
"18719978","0","-0.13019007","5.43","4.6444664","0","121.22285","0","18.719978"
"18759978","0","-0.13219048","5.43","4.633275","0","121.19954","0","18.759978"
"18799978","0","-0.1314752","5.43","4.6225677","0","121.18279","0","18.799978"
"18839978","0","-0.12836306","5.38","4.6129084","0","121.17268","0","18.839978"
"18879978","0","-0.12107405","5.38","4.605621","0","121.16719","0","18.879978"
"18919978","0","-0.10917823","5.38","4.6002254","0","121.16629","0","18.919978"
"18959978","0","-0.09428207","5.33","4.5972137","0","121.16878","0","18.959978"
"18999978","0","-0.07729094","5.37","4.595951","0","121.17268","0","18.999978"
"19039978","0","-0.05874418","5.37","4.5943036","0","121.17567","0","19.039978"
"19079978","0","-0.040499657","5.3199997","4.5926743","0","121.17776","0","19.079978"
"19119978","0","-0.024795048","5.3199997","4.591949","0","121.17938","0","19.119978"
"19159978","0","-0.011100091","5.27","4.5909123","0","121.17927","0","19.159978"
"19199978","0","0.0011428102","5.27","4.58855","0","121.176865","0","19.199978"
"19239978","0","0.012164019","5.3199997","4.5857897","0","121.17175","0","19.239978"
"19279978","0","0.021895375","5.27","4.5806627","0","121.163956","0","19.279978"
"19319978","0","0.030479884","5.27","4.5740128","0","121.15296","0","19.319978"
"19359978","0","0.037894055","5.22","4.5673933","0","121.13886","0","19.359978"
"19399978","0","0.04349422","5.22","4.559934","0","121.1216","0","19.399978"
"19439978","0","0.04831171","5.22","4.553121","0","121.101654","0","19.439978"
"19479978","0","0.05193275","5.17","4.54532","0","121.08002","0","19.479978"
"19519978","0","0.054785576","5.21","4.536015","0","121.05649","0","19.519978"
"19559978","0","0.057045817","5.16","4.5258594","0","121.03215","0","19.559978"
"19599978","0","0.05840032","5.16","4.515655","0","121.00699","0","19.599978"
"19639978","0","0.058771025","5.16","4.5061507","0","120.98221","0","19.639978"
"19679978","0","0.058902435","5.1099997","4.4974785","0","120.95854","0","19.679978"
"19719978","0","0.058854695","5.1099997","4.489634","0","120.93644","0","19.719978"
"19759978","0","0.05688831","5.1099997","4.482958","0","120.9165","0","19.759978"
"19799978","0","0.052984666","5.1099997","4.477248","0","120.89956","0","19.799978"
"19839978","0","0.047941115","5.1099997","4.472836","0","120.885994","0","19.839978"
"19879978","0","0.0431742","5.0499997","4.467942","0","120.87593","0","19.879978"
"19919978","0","0.03900556","5.0499997","4.463641","0","120.869644","0","19.919978"
"19959978","0","0.035452947","5.0499997","4.4600887","0","120.867294","0","19.959978"
"19999978","0","0.033186007","5.0099998","4.456973","0","120.868576","0","19.999978"
"20039978","0","0.03300262","5.0099998","4.454277","0","120.872215","0","20.039978"
"20079978","0","0.036280386","4.96","4.4510217","0","120.87844","0","20.079978"
"20119978","0","0.04246387","4.96","4.446417","0","120.88625","0","20.119978"
"20159978","0","0.050325856","5","4.4405518","0","120.894844","0","20.159978"
"20199978","0","0.05938403","4.95","4.432318","0","120.904","0","20.199978"
"20239978","0","0.06846313","4.95","4.4232717","0","120.913055","0","20.239978"
"20279978","0","0.07486106","4.95","4.41395","0","120.9219","0","20.279978"
"20319978","0","0.0796363","4.89","4.4039335","0","120.92956","0","20.319978"
"20359978","0","0.08287285","4.89","4.393794","0","120.93614","0","20.359978"
"20399978","0","0.08518535","4.85","4.3832436","0","120.94117","0","20.399978"
"20439978","0","0.086783074","4.85","4.373208","0","120.94509","0","20.439978"
"20479978","0","0.08745318","4.85","4.362833","0","120.947754","0","20.479978"
"20519978","0","0.0872965","4.7999997","4.351974","0","120.94829","0","20.519978"
"20559978","0","0.08693818","4.85","4.3409333","0","120.94756","0","20.559978"
"20599978","0","0.085427545","4.79","4.3292856","0","120.945335","0","20.599978"
"20639978","0","0.08323675","4.79","4.318111","0","120.942345","0","20.639978"
"20679978","0","0.08040962","4.79","4.3085485","0","120.93871","0","20.679978"
"20719978","0","0.07751726","4.75","4.3008895","0","120.934364","0","20.719978"
"20759978","0","0.074191205","4.75","4.2943215","0","120.93002","0","20.759978"
"20799978","0","0.07028331","4.69","4.288728","0","120.92576","0","20.799978"
"20839978","0","0.06633169","4.69","4.2843356","0","120.92158","0","20.839978"
"20879978","0","0.06274208","4.69","4.2800627","0","120.91829","0","20.879978"
"20919978","0","0.058531217","4.65","4.273892","0","120.91546","0","20.919978"
"20959978","0","0.055114113","4.65","4.2653484","0","120.91464","0","20.959978"
"20999978","0","0.051773366","4.65","4.254765","0","120.91463","0","20.999978"
"21039978","0","0.048470948","4.6","4.242932","0","120.91557","0","21.039978"
"21079978","0","0.04568755","4.6","4.2296267","0","120.918564","0","21.079978"
"21119978","0","0.04324493","4.5499997","4.215329","0","120.92261","0","21.119978"
"21159978","0","0.041514598","4.5499997","4.199851","0","120.92816","0","21.159978"
"21199978","0","0.039882544","4.5499997","4.184214","0","120.935104","0","21.199978"
"21239978","0","0.03856261","4.5","4.1688457","0","120.94307","0","21.239978"
"21279978","0","0.038103063","4.5","4.154146","0","120.95245","0","21.279978"
"21319978","0","0.037723616","4.44","4.140464","0","120.96187","0","21.319978"
"21359978","0","0.037759174","4.44","4.1276417","0","120.97185","0","21.359978"
"21399978","0","0.037856467","4.44","4.1149015","0","120.982285","0","21.399978"
"21439978","0","0.037759274","4.4","4.102767","0","120.992584","0","21.439978"
"21479978","0","0.037865512","4.4","4.0912704","0","121.00333","0","21.479978"
"21519978","0","0.037323795","4.4","4.079505","0","121.012886","0","21.519978"
"21559978","0","0.036706004","4.35","4.0675507","0","121.02201","0","21.559978"
"21599978","0","0.03642636","4.35","4.056324","0","121.03096","0","21.599978"
"21639978","0","0.03632368","4.2999997","4.045153","0","121.03879","0","21.639978"
"21679978","0","0.036265288","4.2999997","4.033565","0","121.04672","0","21.679978"
"21719978","0","0.035462268","4.2999997","4.0218015","0","121.05308","0","21.719978"
"21759978","0","0.034155972","4.25","4.0089526","0","121.05854","0","21.759978"
"21799978","0","0.032593373","4.25","3.9955587","0","121.06406","0","21.799978"
"21839978","0","-1.68595","4.25","-11.38131","0","137.60841","3","21.839978"
"21879978","0","-1.6431117","4.19","-11.503044","0","137.81046","3","21.879978"
"21919978","0","-1.5925406","4.19","-11.292799","0","137.9778","3","21.919978"
"21959978","0","-1.5127753","4.19","-10.495076","0","138.09373","3","21.959978"
"21999978","0","-1.4145421","4.15","-9.112443","0","138.15837","3","21.999978"
"22039978","0","-1.1971366","4.15","-6.8121996","0","138.16328","3","22.039978"
"22079978","0","-0.9758293","4.1","-4.205937","0","138.12427","3","22.079978"
"22119978","0","-0.76048857","4.0499997","-1.4842371","0","138.06425","3","22.119978"
"22159978","0","-0.55747616","4","1.1560102","0","137.98653","3","22.159978"
"22199978","0","-0.37698597","3.9499998","3.519072","0","137.89816","3","22.199978"
"22239978","0","-0.16646554","3.85","5.9648523","0","137.8166","3","22.239978"
"22279978","0","0.008091904","3.75","7.838899","0","137.71286","3","22.279978"
"22319978","0","0.15095009","3.6","9.098631","0","137.62314","3","22.319978"
"22359978","0","0.26589656","3.5","9.752482","0","137.53468","3","22.359978"
"22399978","0","0.35641414","3.35","9.831215","0","137.45067","3","22.399978"
"22439978","0","0.4991471","3.1899998","9.865892","0","137.41133","3","22.439978"
"22479978","0","0.62747014","3","9.464342","0","137.34543","3","22.479978"
"22519978","0","0.7401984","2.85","8.736407","0","137.31026","3","22.519978"
"22559978","0","0.8455304","2.7","7.794066","0","137.28166","3","22.559978"
"22599978","0","0.9426122","2.55","6.7322354","0","137.25923","3","22.599978"
"22639978","0","1.0780569","2.3899999","5.806135","0","137.2793","3","22.639978"
"22679978","0","1.2038553","2.3","4.9004107","0","137.27016","3","22.679978"
"22719978","0","1.3136727","2.2","4.0815806","0","137.29462","3","22.719978"
"22759978","0","1.4088261","2.05","3.3977456","0","137.32368","3","22.759978"
"22799978","0","1.487107","2","2.8736072","0","137.35579","3","22.799978"
"22839978","0","1.5554968","1.9","2.6079428","0","137.42468","3","22.839978"
"22879978","0","1.6031888","1.8","2.508079","0","137.46216","3","22.879978"
"22919978","0","1.6296109","1.75","2.559644","0","137.52977","3","22.919978"
"22959978","0","1.6361206","1.6999999","2.7360032","0","137.59453","3","22.959978"
"22999978","0","1.6245817","1.65","2.991934","0","137.65163","3","22.999978"
"23039978","0","1.5848047","1.5899999","3.3348324","0","137.73032","3","23.039978"
"23079978","0","1.5294752","1.55","3.657091","0","137.76152","3","23.079978"
"23119978","0","1.4625485","1.5","3.912387","0","137.80385","3","23.119978"
"23159978","0","1.3860047","1.4499999","4.065802","0","137.82483","3","23.159978"
"23199978","0","1.3008157","1.4","4.094713","0","137.8208","3","23.199978"
"23239978","0","1.182899","1.4","4.036648","0","137.81741","3","23.239978"
"23279978","0","1.0607618","1.35","3.845259","0","137.75702","3","23.279978"
"23319978","0","0.937878","1.3","3.5328414","0","137.70142","3","23.319978"
"23359978","0","0.81538224","1.25","3.1231008","0","137.62337","3","23.359978"
"23399978","0","0.69454545","1.1899999","2.6445143","0","137.52242","3","23.399978"
"23439978","0","0.53827244","1.1899999","2.1763783","0","137.4199","3","23.439978"
"23479978","0","0.38819575","1.15","1.7019284","0","137.2703","3","23.479978"
"23519978","0","0.24420574","1.1","1.2515879","0","137.13461","3","23.519978"
"23559978","0","0.10731193","1.1","0.8519653","0","136.98665","3","23.559978"
"23599978","0","-0.019594073","1.04","0.52421176","0","136.82666","3","23.599978"
"23639978","0","-0.17725334","1.04","0.32654032","0","136.66951","3","23.639978"
"23679978","0","-0.32149237","1","0.22186325","0","136.47691","3","23.679978"
"23719978","0","-0.4533002","1","0.2090531","0","136.30573","3","23.719978"
"23759978","0","-0.571625","1","0.2789659","0","136.13016","3","23.759978"
"23799978","0","-0.67493814","1","0.41623783","0","135.94984","3","23.799978"
"23839978","0","-0.8026022","0.95","0.63772696","0","135.77171","3","23.839978"
"23879978","0","-0.91223544","0.95","0.8812522","0","135.56485","3","23.879978"
"23919978","0","-1.0041466","0.95","1.1232297","0","135.38234","3","23.919978"
"23959978","0","-1.0804405","0.95","1.3416263","0","135.19963","3","23.959978"
"23999978","0","-1.1399713","0.95","1.5184821","0","135.01598","3","23.999978"
