"TimeUS","Name","Value","Default","ap_time_s"
"3059985","FORMAT_VERSION","13","13","3.059985"
"3059985","AUTOTUNE_LEVEL","6","6","3.059985"
"3059985","AUTOTUNE_OPTIONS","0","0","3.059985"
"3059985","GCS_PID_MASK","0","0","3.059985"
"3059985","KFF_RDDRMIX","0.0867","0.0867","3.059985"
"3059985","KFF_THR2PTCH","0","0","3.059985"
"3059985","STAB_PITCH_DOWN","2","2","3.059985"
"3059985","ALT_SLOPE_MIN","15","15","3.059985"
"3059985","ALT_SLOPE_MAXHGT","5","5","3.059985"
"3059985","STICK_MIXING","1","1","3.059985"
"3059985","TKOFF_THR_MINSPD","0","0","3.059985"
"3059985","TKOFF_THR_MINACC","0","0","3.059985"
"3059985","TKOFF_THR_DELAY","2","2","3.059985"
"3059985","TKOFF_THR_MAX_T","4","4","3.059985"
"3059985","TKOFF_THR_MIN","0","0","3.059985"
"3059985","TKOFF_THR_IDLE","0","0","3.059985"
"3059985","TKOFF_OPTIONS","0","0","3.059985"
"3059985","TKOFF_TDRAG_ELEV","0","0","3.059985"
"3059985","TKOFF_TDRAG_SPD1","0","0","3.059985"
"3059985","TKOFF_ROTATE_SPD","0","0","3.059985"
"3059985","TKOFF_THR_SLEW","0","0","3.059985"
"3059985","TKOFF_PLIM_SEC","2","2","3.059985"
"3059985","TKOFF_FLAP_PCNT","0","0","3.059985"
"3059985","LEVEL_ROLL_LIMIT","5","5","3.059985"
"3059985","USE_REV_THRUST","2","2","3.059985"
"3059985","ALT_OFFSET","0","0","3.059985"
"3059985","WP_RADIUS","90","90","3.059985"
"3059985","WP_MAX_RADIUS","0","0","3.059985"
"3059985","WP_LOITER_RAD","60","60","3.059985"
"3059985","RTL_RADIUS","0","0","3.059985"
"3059985","STALL_PREVENTION","1","1","3.059985"
"3059985","AIRSPEED_CRUISE","13","13","3.059985"
"3059985","AIRSPEED_MIN","8","8","3.059985"
"3059985","AIRSPEED_MAX","22","22","3.059985"
"3059985","AIRSPEED_STALL","0","0","3.059985"
"3059985","FBWB_ELEV_REV","0","0","3.059985"
"3059985","TERRAIN_FOLLOW","0","0","3.059985"
"3059985","TERRAIN_LOOKAHD","2000","2000","3.059985"
"3059985","FBWB_CLIMB_RATE","2","2","3.059985"
"3059985","THR_MIN","0","0","3.059985"
"3059985","THR_MAX","100","100","3.059985"
"3059985","TKOFF_THR_MAX","0","0","3.059985"
"3059985","THR_SLEWRATE","100","100","3.059985"
"3059985","FLAP_SLEWRATE","75","75","3.059985"
"3059985","THR_SUPP_MAN","0","0","3.059985"
"3059985","THR_PASS_STAB","0","0","3.059985"
"3059985","THR_FAILSAFE","1","1","3.059985"
"3059985","THR_FS_VALUE","950","950","3.059985"
"3059985","TRIM_THROTTLE","45","45","3.059985"
"3059985","THROTTLE_NUDGE","1","1","3.059985"
"3059985","FS_SHORT_ACTN","0","0","3.059985"
"3059985","FS_LONG_ACTN","0","0","3.059985"
"3059985","FS_LONG_TIMEOUT","5","5","3.059985"
"3059985","FS_GCS_ENABL","0","0","3.059985"
"3059985","FLTMODE_CH","8","8","3.059985"
"3059985","FLTMODE1","5","5","3.059985"
"3059985","FLTMODE2","11","11","3.059985"
"3059985","FLTMODE3","5","5","3.059985"
"3059985","FLTMODE4","5","5","3.059985"
"3059985","FLTMODE5","0","0","3.059985"
"3059985","FLTMODE6","0","0","3.059985"
"3059985","INITIAL_MODE","0","0","3.059985"
"3059985","ROLL_LIMIT_DEG","45","45","3.059985"
"3059985","PTCH_LIM_MAX_DEG","20","20","3.059985"
"3059985","PTCH_LIM_MIN_DEG","-25","-25","3.059985"
"3059985","ACRO_ROLL_RATE","180","180","3.059985"
"3059985","ACRO_PITCH_RATE","180","180","3.059985"
"3059985","ACRO_YAW_RATE","0","0","3.059985"
"3059985","ACRO_LOCKING","0","0","3.059985"
"3059985","GROUND_STEER_ALT","0","0","3.059985"
"3059985","GROUND_STEER_DPS","90","90","3.059985"
"3059985","MIXING_GAIN","0.5","0.5","3.059985"
"3059985","RUDDER_ONLY","0","0","3.059985"
"3059985","MIXING_OFFSET","0","0","3.059985"
"3059985","DSPOILR_RUD_RATE","100","100","3.059985"
"3059985","LOG_BITMASK","65535","65535","3.059985"
"3059985","SCALING_SPEED","13","13","3.059985"
"3059985","MIN_GROUNDSPEED","0","0","3.059985"
"3059985","PTCH_TRIM_DEG","0","0","3.059985"
"3059985","RTL_ALTITUDE","100","100","3.059985"
"3059985","CRUISE_ALT_FLOOR","0","0","3.059985"
"3059985","FLAP_1_PERCNT","0","0","3.059985"
"3059985","FLAP_1_SPEED","0","0","3.059985"
"3059985","FLAP_2_PERCNT","0","0","3.059985"
"3059985","FLAP_2_SPEED","0","0","3.059985"
"3059985","RTL_AUTOLAND","0","0","3.059985"
"3059985","CRASH_ACC_THRESH","0","0","3.059985"
"3059985","CRASH_DETECT","0","0","3.059985"
"3059985","BARO1_GND_PRESS","99896.55","0","3.059985"
"3059985","BARO_GND_TEMP","0","0","3.059985"
"3059985","BARO_ALT_OFFSET","0","0","3.059985"
"3059985","BARO_PRIMARY","0","0","3.059985"
"3059985","BARO_EXT_BUS","-1","-1","3.059985"
"3059985","BARO2_GND_PRESS","99896.83","0","3.059985"
"3059985","BARO3_GND_PRESS","0","0","3.059985"
"3059985","BARO_FLTR_RNG","0","0","3.059985"
"3059985","BARO_PROBE_EXT","0","0","3.059985"
"3059985","BARO1_DEVID","65540","0","3.059985"
"3059985","BARO2_DEVID","65796","0","3.059985"
"3059985","BARO3_DEVID","0","0","3.059985"
"3059985","BARO1_WCF_ENABLE","0","0","3.059985"
"3059985","BARO2_WCF_ENABLE","0","0","3.059985"
"3059985","BARO3_WCF_ENABLE","0","0","3.059985"
"3059985","BARO_FIELD_ELV","0","0","3.059985"
"3059985","BARO_ALTERR_MAX","2000","2000","3.059985"
"3059985","BARO_OPTIONS","0","0","3.059985"
"3059985","GPS_NAVFILTER","8","8","3.059985"
"3059985","GPS_AUTO_SWITCH","1","1","3.059985"
"3059985","GPS_SBAS_MODE","2","2","3.059985"
"3059985","GPS_MIN_ELEV","-100","-100","3.059985"
"3059985","GPS_INJECT_TO","127","127","3.059985"
"3059985","GPS_SBP_LOGMASK","-256","-256","3.059985"
"3059985","GPS_RAW_DATA","0","0","3.059985"
"3059985","GPS_SAVE_CFG","2","2","3.059985"
"3059985","GPS_AUTO_CONFIG","1","1","3.059985"
"3059985","GPS_BLEND_MASK","5","5","3.059985"
"3059985","GPS_DRV_OPTIONS","0","0","3.059985"
"3059985","GPS_PRIMARY","0","0","3.059985"
"3059985","GPS1_TYPE","1","1","3.059985"
"3059985","GPS1_GNSS_MODE","0","0","3.059985"
"3059985","GPS1_RATE_MS","200","200","3.059985"
"3059985","GPS1_POS_X","0","0","3.059985"
"3059985","GPS1_POS_Y","0","0","3.059985"
"3059985","GPS1_POS_Z","0","0","3.059985"
"3059985","GPS1_DELAY_MS","0","0","3.059985"
"3059985","GPS1_COM_PORT","1","1","3.059985"
"3059985","GPS1_MB_TYPE","0","0","3.059985"
"3059985","GPS1_CAN_NODEID","0","0","3.059985"
"3059985","GPS1_CAN_OVRIDE","0","0","3.059985"
"3059985","GPS2_TYPE","0","0","3.059985"
"3059985","CAM_MAX_ROLL","0","0","3.059985"
"3059985","CAM_AUTO_ONLY","0","0","3.059985"
"3059985","CAM1_TYPE","0","0","3.059985"
"3059985","CAM2_TYPE","0","0","3.059985"
"3059985","ARMING_REQUIRE","0","0","3.059985"
"3059985","ARMING_ACCTHRESH","0.75","0.75","3.059985"
"3059985","ARMING_RUDDER","1","1","3.059985"
"3059985","ARMING_MIS_ITEMS","0","0","3.059985"
"3059985","ARMING_OPTIONS","0","0","3.059985"
"3059985","ARMING_MAGTHRESH","100","100","3.059985"
"3059985","ARMING_SKIPCHK","0","0","3.059985"
"3059985","RELAY1_FUNCTION","1","0","3.059985"
"3059985","RELAY1_PIN","13","13","3.059985"
"3059985","RELAY1_DEFAULT","0","0","3.059985"
"3059985","RELAY1_INVERTED","0","0","3.059985"
"3059985","RELAY2_FUNCTION","0","0","3.059985"
"3059985","RELAY3_FUNCTION","0","0","3.059985"
"3059985","RELAY4_FUNCTION","0","0","3.059985"
"3059985","RELAY5_FUNCTION","0","0","3.059985"
"3059985","RELAY6_FUNCTION","0","0","3.059985"
"3059985","CHUTE_ENABLED","0","0","3.059985"
"3059985","RNGFND1_TYPE","0","0","3.059985"
"3059985","RNGFND2_TYPE","0","0","3.059985"
"3059985","RNGFND3_TYPE","0","0","3.059985"
"3059985","RNGFND4_TYPE","0","0","3.059985"
"3059985","RNGFND5_TYPE","0","0","3.059985"
"3059985","RNGFND6_TYPE","0","0","3.059985"
"3059985","RNGFND7_TYPE","0","0","3.059985"
"3059985","RNGFND8_TYPE","0","0","3.059985"
"3059985","RNGFND9_TYPE","0","0","3.059985"
"3059985","RNGFNDA_TYPE","0","0","3.059985"
"3059985","RNGFND_LANDING","0","0","3.059985"
"3059985","TERRAIN_ENABLE","1","1","3.059985"
"3059985","TERRAIN_SPACING","100","100","3.059985"
"3059985","TERRAIN_OPTIONS","0","0","3.059985"
"3059985","TERRAIN_MARGIN","0.05","0.05","3.059985"
"3059985","TERRAIN_OFS_MAX","30","30","3.059985"
"3059985","TERRAIN_CACHE_SZ","12","12","3.059985"
"3059985","ADSB_TYPE","0","0","3.059985"
"3059985","AVD_ENABLE","0","0","3.059985"
"3059985","Q_ENABLE","0","0","3.059985"
"3059985","TUNE_PARAM","0","0","3.059985"
"3059985","TUNE_CHAN","0","0","3.059985"
"3059985","TUNE_CHAN_MIN","1000","1000","3.059985"
"3059985","TUNE_CHAN_MAX","2000","2000","3.059985"
"3059985","TUNE_SELECTOR","0","0","3.059985"
"3059985","TUNE_RANGE","2","2","3.059985"
"3059985","TUNE_MODE_REVERT","1","1","3.059985"
"3059985","TUNE_ERR_THRESH","0.15","0.15","3.059985"
"3059985","RLL2SRV_TCONST","0.509","0.509","3.059985"
"3059985","RLL2SRV_RMAX","0","0","3.059985"
"3059985","RLL_RATE_P","0.08405","0.08405","3.059985"
"3059985","RLL_RATE_I","0.5864625","0.5864625","3.059985"
"3059985","RLL_RATE_D","0.001435","0.001435","3.059985"
"3059985","RLL_RATE_FF","0.3","0.3","3.059985"
"3059985","RLL_RATE_IMAX","0.666","0.666","3.059985"
"3059985","RLL_RATE_FLTT","3","3","3.059985"
"3059985","RLL_RATE_FLTE","0","0","3.059985"
"3059985","RLL_RATE_FLTD","12","12","3.059985"
"3059985","RLL_RATE_SMAX","150","150","3.059985"
"3059985","RLL_RATE_PDMX","0","0","3.059985"
"3059985","RLL_RATE_D_FF","0","0","3.059985"
"3059985","RLL_RATE_NTF","0","0","3.059985"
"3059985","RLL_RATE_NEF","0","0","3.059985"
"3059985","PTCH2SRV_TCONST","0.4","0.4","3.059985"
"3059985","PTCH2SRV_RMAX_UP","0","0","3.059985"
"3059985","PTCH2SRV_RMAX_DN","0","0","3.059985"
"3059985","PTCH2SRV_RLL","1","1","3.059985"
"3059985","PTCH_RATE_P","0.3421625","0.3421625","3.059985"
"3059985","PTCH_RATE_I","0.59975","0.59975","3.059985"
"3059985","PTCH_RATE_D","0.0240025","0.0240025","3.059985"
"3059985","PTCH_RATE_FF","0.795","0.795","3.059985"
"3059985","PTCH_RATE_IMAX","0.666","0.666","3.059985"
"3059985","PTCH_RATE_FLTT","3","3","3.059985"
"3059985","PTCH_RATE_FLTE","0","0","3.059985"
"3059985","PTCH_RATE_FLTD","12","12","3.059985"
"3059985","PTCH_RATE_SMAX","150","150","3.059985"
"3059985","PTCH_RATE_PDMX","0","0","3.059985"
"3059985","PTCH_RATE_D_FF","0","0","3.059985"
"3059985","PTCH_RATE_NTF","0","0","3.059985"
"3059985","PTCH_RATE_NEF","0","0","3.059985"
"3059985","YAW2SRV_SLIP","4","4","3.059985"
"3059985","YAW2SRV_INT","0.0531","0.0531","3.059985"
"3059985","YAW2SRV_DAMP","1.97","1.97","3.059985"
"3059985","YAW2SRV_RLL","0.9197","0.9197","3.059985"
"3059985","YAW2SRV_IMAX","1500","1500","3.059985"
"3059985","YAW_RATE_ENABLE","0","0","3.059985"
"3059985","STEER2SRV_TCONST","0.75","0.75","3.059985"
"3059985","STEER2SRV_P","1.8","1.8","3.059985"
"3059985","STEER2SRV_I","0.2","0.2","3.059985"
"3059985","STEER2SRV_D","0.005","0.005","3.059985"
"3059985","STEER2SRV_IMAX","1500","1500","3.059985"
"3059985","STEER2SRV_MINSPD","1","1","3.059985"
"3059985","STEER2SRV_FF","0","0","3.059985"
"3059985","STEER2SRV_DRTSPD","0","0","3.059985"
"3059985","STEER2SRV_DRTFCT","10","10","3.059985"
"3059985","STEER2SRV_DRTMIN","4500","4500","3.059985"
"3059985","COMPASS_OFS_X","5","0","3.059985"
"3059985","COMPASS_OFS_Y","13","0","3.059985"
"3059985","COMPASS_OFS_Z","-18","0","3.059985"
"3059985","COMPASS_DEC","0","0","3.059985"
"3059985","COMPASS_LEARN","0","0","3.059985"
"3059985","COMPASS_USE","1","1","3.059985"
"3059985","COMPASS_AUTODEC","1","1","3.059985"
"3059985","COMPASS_MOTCT","0","0","3.059985"
"3059985","COMPASS_MOT_X","0","0","3.059985"
"3059985","COMPASS_MOT_Y","0","0","3.059985"
"3059985","COMPASS_MOT_Z","0","0","3.059985"
"3059985","COMPASS_ORIENT","0","0","3.059985"
"3059985","COMPASS_EXTERNAL","1","0","3.059985"
"3059985","COMPASS_OFS2_X","5","0","3.059985"
"3059985","COMPASS_OFS2_Y","13","0","3.059985"
"3059985","COMPASS_OFS2_Z","-18","0","3.059985"
"3059985","COMPASS_MOT2_X","0","0","3.059985"
"3059985","COMPASS_MOT2_Y","0","0","3.059985"
"3059985","COMPASS_MOT2_Z","0","0","3.059985"
"3059985","COMPASS_OFS3_X","5","0","3.059985"
"3059985","COMPASS_OFS3_Y","13","0","3.059985"
"3059985","COMPASS_OFS3_Z","-18","0","3.059985"
"3059985","COMPASS_MOT3_X","0","0","3.059985"
"3059985","COMPASS_MOT3_Y","0","0","3.059985"
"3059985","COMPASS_MOT3_Z","0","0","3.059985"
"3059985","COMPASS_DEV_ID","97539","0","3.059985"
"3059985","COMPASS_DEV_ID2","131874","0","3.059985"
"3059985","COMPASS_DEV_ID3","263178","0","3.059985"
"3059985","COMPASS_USE2","1","1","3.059985"
"3059985","COMPASS_ORIENT2","0","0","3.059985"
"3059985","COMPASS_EXTERN2","0","0","3.059985"
"3059985","COMPASS_USE3","1","1","3.059985"
"3059985","COMPASS_ORIENT3","0","0","3.059985"
"3059985","COMPASS_EXTERN3","0","0","3.059985"
"3059985","COMPASS_DIA_X","1","1","3.059985"
"3059985","COMPASS_DIA_Y","1","1","3.059985"
"3059985","COMPASS_DIA_Z","1","1","3.059985"
"3059985","COMPASS_ODI_X","0","0","3.059985"
"3059985","COMPASS_ODI_Y","0","0","3.059985"
"3059985","COMPASS_ODI_Z","0","0","3.059985"
"3059985","COMPASS_DIA2_X","1","1","3.059985"
"3059985","COMPASS_DIA2_Y","1","1","3.059985"
"3059985","COMPASS_DIA2_Z","1","1","3.059985"
"3059985","COMPASS_ODI2_X","0","0","3.059985"
"3059985","COMPASS_ODI2_Y","0","0","3.059985"
"3059985","COMPASS_ODI2_Z","0","0","3.059985"
"3059985","COMPASS_DIA3_X","1","1","3.059985"
"3059985","COMPASS_DIA3_Y","1","1","3.059985"
"3059985","COMPASS_DIA3_Z","1","1","3.059985"
"3059985","COMPASS_ODI3_X","0","0","3.059985"
"3059985","COMPASS_ODI3_Y","0","0","3.059985"
"3059985","COMPASS_ODI3_Z","0","0","3.059985"
"3059985","COMPASS_CAL_FIT","16","16","3.059985"
"3059985","COMPASS_OFFS_MAX","1800","1800","3.059985"
"3059985","COMPASS_PMOT_EN","0","0","3.059985"
"3059985","COMPASS_DISBLMSK","0","0","3.059985"
"3059985","COMPASS_FLTR_RNG","0","0","3.059985"
"3059985","COMPASS_AUTO_ROT","2","2","3.059985"
"3059985","COMPASS_PRIO1_ID","97539","0","3.059985"
"3059985","COMPASS_PRIO2_ID","131874","0","3.059985"
"3059985","COMPASS_PRIO3_ID","263178","0","3.059985"
"3059985","COMPASS_ENABLE","1","1","3.059985"
"3059985","COMPASS_SCALE","1","1","3.059985"
"3059985","COMPASS_SCALE2","1","1","3.059985"
"3059985","COMPASS_SCALE3","1","1","3.059985"
"3059985","COMPASS_OPTIONS","0","0","3.059985"
"3059985","COMPASS_DEV_ID4","97283","0","3.059985"
"3059985","COMPASS_DEV_ID5","97795","0","3.059985"
"3059985","COMPASS_DEV_ID6","98051","0","3.059985"
"3059985","COMPASS_DEV_ID7","0","0","3.059985"
"3059985","COMPASS_DEV_ID8","0","0","3.059985"
"3059985","SCHED_DEBUG","0","0","3.059985"
"3059985","SCHED_LOOP_RATE","50","50","3.059985"
"3059985","SCHED_OPTIONS","0","0","3.059985"
"3059985","RCMAP_ROLL","1","1","3.059985"
"3059985","RCMAP_PITCH","2","2","3.059985"
"3059985","RCMAP_THROTTLE","3","3","3.059985"
"3059985","RCMAP_YAW","4","4","3.059985"
"3059985","INS_GYROFFS_X","0","0","3.059985"
"3059985","INS_GYROFFS_Y","0","0","3.059985"
"3059985","INS_GYROFFS_Z","0","0","3.059985"
"3059985","INS_GYR2OFFS_X","0","0","3.059985"
"3059985","INS_GYR2OFFS_Y","0","0","3.059985"
"3059985","INS_GYR2OFFS_Z","0","0","3.059985"
"3059985","INS_GYR3OFFS_X","0","0","3.059985"
"3059985","INS_GYR3OFFS_Y","0","0","3.059985"
"3059985","INS_GYR3OFFS_Z","0","0","3.059985"
"3059985","INS_ACCSCAL_X","1.001","1.001","3.059985"
"3059985","INS_ACCSCAL_Y","1.001","1.001","3.059985"
"3059985","INS_ACCSCAL_Z","1.001","1.001","3.059985"
"3059985","INS_ACCOFFS_X","0.001","0.001","3.059985"
"3059985","INS_ACCOFFS_Y","0.001","0.001","3.059985"
"3059985","INS_ACCOFFS_Z","0.001","0.001","3.059985"
"3059985","INS_ACC2SCAL_X","1.001","1.001","3.059985"
"3059985","INS_ACC2SCAL_Y","1.001","1.001","3.059985"
"3059985","INS_ACC2SCAL_Z","1.001","1.001","3.059985"
"3059985","INS_ACC2OFFS_X","0.001","0.001","3.059985"
"3059985","INS_ACC2OFFS_Y","0.001","0.001","3.059985"
"3059985","INS_ACC2OFFS_Z","0.001","0.001","3.059985"
"3059985","INS_ACC3SCAL_X","1","1","3.059985"
"3059985","INS_ACC3SCAL_Y","1","1","3.059985"
"3059985","INS_ACC3SCAL_Z","1","1","3.059985"
"3059985","INS_ACC3OFFS_X","0","0","3.059985"
"3059985","INS_ACC3OFFS_Y","0","0","3.059985"
"3059985","INS_ACC3OFFS_Z","0","0","3.059985"
"3059985","INS_GYRO_FILTER","20","20","3.059985"
"3059985","INS_ACCEL_FILTER","20","20","3.059985"
"3059985","INS_USE","1","1","3.059985"
"3059985","INS_USE2","1","1","3.059985"
"3059985","INS_USE3","1","1","3.059985"
"3059985","INS_STILL_THRESH","0.05","0.05","3.059985"
"3059985","INS_GYR_CAL","0","0","3.059985"
"3059985","INS_TRIM_OPTION","1","1","3.059985"
"3059985","INS_ACC_BODYFIX","2","2","3.059985"
"3059985","INS_POS1_X","0","0","3.059985"
"3059985","INS_POS1_Y","0","0","3.059985"
"3059985","INS_POS1_Z","0","0","3.059985"
"3059985","INS_POS2_X","0","0","3.059985"
"3059985","INS_POS2_Y","0","0","3.059985"
"3059985","INS_POS2_Z","0","0","3.059985"
"3059985","INS_POS3_X","0","0","3.059985"
"3059985","INS_POS3_Y","0","0","3.059985"
"3059985","INS_POS3_Z","0","0","3.059985"
"3059985","INS_GYR_ID","2752772","0","3.059985"
"3059985","INS_GYR2_ID","2752780","0","3.059985"
"3059985","INS_GYR3_ID","0","0","3.059985"
"3059985","INS_ACC_ID","2753028","0","3.059985"
"3059985","INS_ACC2_ID","2753036","0","3.059985"
"3059985","INS_ACC3_ID","0","0","3.059985"
"3059985","INS_FAST_SAMPLE","1","1","3.059985"
"3059985","INS_LOG_BAT_CNT","1024","1024","3.059985"
"3059985","INS_LOG_BAT_MASK","0","0","3.059985"
"3059985","INS_LOG_BAT_OPT","0","0","3.059985"
"3059985","INS_LOG_BAT_LGIN","20","20","3.059985"
"3059985","INS_LOG_BAT_LGCT","32","32","3.059985"
"3059985","INS_ENABLE_MASK","127","127","3.059985"
"3059985","INS_HNTCH_ENABLE","0","0","3.059985"
"3059985","INS_HNTC2_ENABLE","0","0","3.059985"
"3059985","INS_HNTC3_ENABLE","0","0","3.059985"
"3059985","INS_GYRO_RATE","0","0","3.059985"
"3059985","INS_TCAL1_ENABLE","0","0","3.059985"
"3059985","INS_TCAL2_ENABLE","0","0","3.059985"
"3059985","INS_TCAL3_ENABLE","0","0","3.059985"
"3059985","INS_ACC1_CALTEMP","-300","-300","3.059985"
"3059985","INS_GYR1_CALTEMP","-300","-300","3.059985"
"3059985","INS_ACC2_CALTEMP","-300","-300","3.059985"
"3059985","INS_GYR2_CALTEMP","-300","-300","3.059985"
"3059985","INS_ACC3_CALTEMP","-300","-300","3.059985"
"3059985","INS_GYR3_CALTEMP","-300","-300","3.059985"
"3059985","INS_TCAL_OPTIONS","0","0","3.059985"
"3059985","INS_RAW_LOG_OPT","0","0","3.059985"
"3059985","AHRS_GPS_GAIN","1","1","3.059985"
"3059985","AHRS_GPS_USE","1","1","3.059985"
"3059985","AHRS_YAW_P","0.2","0.2","3.059985"
"3059985","AHRS_RP_P","0.2","0.2","3.059985"
"3059985","AHRS_WIND_MAX","0","0","3.059985"
"3059985","AHRS_TRIM_X","0","0","3.059985"
"3059985","AHRS_TRIM_Y","0","0","3.059985"
"3059985","AHRS_TRIM_Z","0","0","3.059985"
"3059985","AHRS_ORIENTATION","0","0","3.059985"
"3059985","AHRS_COMP_BETA","0.1","0.1","3.059985"
"3059985","AHRS_GPS_MINSATS","6","6","3.059985"
"3059985","AHRS_EKF_TYPE","3","3","3.059985"
"3059985","AHRS_OPTIONS","0","0","3.059985"
"3059985","AHRS_ORIGIN_LAT","0","0","3.059985"
"3059985","AHRS_ORIGIN_LON","0","0","3.059985"
"3059985","AHRS_ORIGIN_ALT","0","0","3.059985"
"3059985","NAVL1_PERIOD","17","17","3.059985"
"3059985","NAVL1_DAMPING","0.75","0.75","3.059985"
"3059985","NAVL1_XTRACK_I","0.02","0.02","3.059985"
"3059985","NAVL1_LIM_BANK","0","0","3.059985"
"3059985","TECS_CLMB_MAX","3","3","3.059985"
"3059985","TECS_SINK_MIN","2","2","3.059985"
"3059985","TECS_TIME_CONST","9.895","9.895","3.059985"
"3059985","TECS_THR_DAMP","0.7905","0.7905","3.059985"
"3059985","TECS_INTEG_GAIN","0.2425","0.2425","3.059985"
"3059985","TECS_VERT_ACC","7","7","3.059985"
"3059985","TECS_HGT_OMEGA","3","3","3.059985"
"3059985","TECS_SPD_OMEGA","2","2","3.059985"
"3059985","TECS_RLL2THR","27.4595","27.4595","3.059985"
"3059985","TECS_SPDWEIGHT","1.4509","1.4509","3.059985"
"3059985","TECS_PTCH_DAMP","0.9518","0.9518","3.059985"
"3059985","TECS_SINK_MAX","3","3","3.059985"
"3059985","TECS_LAND_ARSPD","-1","-1","3.059985"
"3059985","TECS_LAND_THR","-1","-1","3.059985"
"3059985","TECS_LAND_SPDWGT","-1","-1","3.059985"
"3059985","TECS_PITCH_MAX","15","15","3.059985"
"3059985","TECS_PITCH_MIN","0","0","3.059985"
"3059985","TECS_LAND_SINK","0.25","0.25","3.059985"
"3059985","TECS_LAND_TCONST","2","2","3.059985"
"3059985","TECS_LAND_DAMP","0.5","0.5","3.059985"
"3059985","TECS_LAND_PMAX","10","10","3.059985"
"3059985","TECS_APPR_SMAX","0","0","3.059985"
"3059985","TECS_LAND_SRC","0","0","3.059985"
"3059985","TECS_LAND_TDAMP","0","0","3.059985"
"3059985","TECS_LAND_IGAIN","0","0","3.059985"
"3059985","TECS_TKOFF_IGAIN","0","0","3.059985"
"3059985","TECS_LAND_PDAMP","0","0","3.059985"
"3059985","TECS_SYNAIRSPEED","0","0","3.059985"
"3059985","TECS_OPTIONS","0","0","3.059985"
"3059985","TECS_PTCH_FF_V0","12","12","3.059985"
"3059985","TECS_PTCH_FF_K","0","0","3.059985"
"3059985","TECS_THR_ERATE","20","20","3.059985"
"3059985","TECS_FLARE_HGT","1","1","3.059985"
"3059985","TECS_HDEM_TCONST","3","3","3.059985"
"3059985","MNT1_TYPE","0","0","3.059985"
"3059985","MNT2_TYPE","0","0","3.059985"
"3059985","BATT_MONITOR","0","0","3.059985"
"3059985","BATT2_MONITOR","0","0","3.059985"
"3059985","BATT3_MONITOR","0","0","3.059985"
"3059985","BATT4_MONITOR","0","0","3.059985"
"3059985","BATT5_MONITOR","0","0","3.059985"
"3059985","BATT6_MONITOR","0","0","3.059985"
"3059985","BATT7_MONITOR","0","0","3.059985"
"3059985","BATT8_MONITOR","0","0","3.059985"
"3059985","BATT9_MONITOR","0","0","3.059985"
"3059985","BRD_SAFETY_DEFLT","0","0","3.059985"
"3059985","BRD_SERIAL_NUM","0","0","3.059985"
"3059985","BRD_SAFETY_MASK","0","0","3.059985"
"3059985","BRD_SAFETYOPTION","3","3","3.059985"
"3059985","BRD_RTC_TYPES","1","1","3.059985"
"3059985","BRD_RTC_TZ_MIN","0","0","3.059985"
"3059985","BRD_VBUS_MIN","4.3","4.3","3.059985"
"3059985","BRD_VSERVO_MIN","0","0","3.059985"
"3059985","BRD_OPTIONS","0","0","3.059985"
"3059985","BRD_BOOT_DELAY","0","0","3.059985"
"3059985","BRD_SD_MISSION","0","0","3.059985"
"3059985","BRD_SD_FENCE","0","0","3.059985"
"3059985","CAN_P1_DRIVER","0","0","3.059985"
"3059985","CAN_P2_DRIVER","0","0","3.059985"
"3059985","CAN_D1_PROTOCOL","1","1","3.059985"
"3059985","CAN_D1_PROTOCOL2","0","0","3.059985"
"3059985","CAN_D2_PROTOCOL","1","1","3.059985"
"3059985","CAN_D2_PROTOCOL2","0","0","3.059985"
"3059985","CAN_LOGLEVEL","0","0","3.059985"
"3059985","SIM_DRIFT_SPEED","0.05","0.05","3.059985"
"3059985","SIM_DRIFT_TIME","5","5","3.059985"
"3059985","SIM_ENGINE_MUL","0","0","3.059985"
"3059985","SIM_WIND_SPD","0","0","3.059985"
"3059985","SIM_WIND_DIR","180","180","3.059985"
"3059985","SIM_WIND_TURB","0","0","3.059985"
"3059985","SIM_WIND_TC","5","5","3.059985"
"3059985","SIM_SERVO_SPEED","0.14","0.14","3.059985"
"3059985","SIM_SERVO_DELAY","0","0","3.059985"
"3059985","SIM_SERVO_FILTER","0","0","3.059985"
"3059985","SIM_SONAR_ROT","25","25","3.059985"
"3059985","SIM_BATT_VOLTAGE","12.6","12.6","3.059985"
"3059985","SIM_BATT_CAP_AH","0","0","3.059985"
"3059985","SIM_SONAR_GLITCH","0","0","3.059985"
"3059985","SIM_SONAR_RND","0","0","3.059985"
"3059985","SIM_RC_FAIL","0","0","3.059985"
"3059985","SIM_FLOAT_EXCEPT","1","1","3.059985"
"3059985","SIM_CAN_SRV_MSK","0","0","3.059985"
"3059985","SIM_CAN_TYPE1","1","1","3.059985"
"3059985","SIM_CAN_TYPE2","1","1","3.059985"
"3059985","SIM_SONAR_SCALE","12.1212","12.1212","3.059985"
"3059985","SIM_FLOW_ENABLE","0","0","3.059985"
"3059985","SIM_TERRAIN","1","1","3.059985"
"3059985","SIM_FLOW_RATE","10","10","3.059985"
"3059985","SIM_FLOW_DELAY","0","0","3.059985"
"3059985","SIM_ADSB_COUNT","-1","-1","3.059985"
"3059985","SIM_ADSB_RADIUS","10000","10000","3.059985"
"3059985","SIM_ADSB_ALT","1000","1000","3.059985"
"3059985","SIM_PIN_MASK","0","0","3.059985"
"3059985","SIM_ADSB_TX","0","0","3.059985"
"3059985","SIM_SPEEDUP","1","1","3.059985"
"3059985","SIM_IMU_POS_X","0","0","3.059985"
"3059985","SIM_IMU_POS_Y","0","0","3.059985"
"3059985","SIM_IMU_POS_Z","0","0","3.059985"
"3059985","SIM_IMUT_START","25","25","3.059985"
"3059985","SIM_IMUT_END","45","45","3.059985"
"3059985","SIM_IMUT_TCONST","300","300","3.059985"
"3059985","SIM_IMUT_FIXED","0","0","3.059985"
"3059985","SIM_ACC1_BIAS_X","0","0","3.059985"
"3059985","SIM_ACC1_BIAS_Y","0","0","3.059985"
"3059985","SIM_ACC1_BIAS_Z","0","0","3.059985"
"3059985","SIM_ACC2_BIAS_X","0","0","3.059985"
"3059985","SIM_ACC2_BIAS_Y","0","0","3.059985"
"3059985","SIM_ACC2_BIAS_Z","0","0","3.059985"
"3059985","SIM_ACC3_BIAS_X","0","0","3.059985"
"3059985","SIM_ACC3_BIAS_Y","0","0","3.059985"
"3059985","SIM_ACC3_BIAS_Z","0","0","3.059985"
"3059985","SIM_GYR1_RND","0","0","3.059985"
"3059985","SIM_GYR2_RND","0","0","3.059985"
"3059985","SIM_GYR3_RND","0","0","3.059985"
"3059985","SIM_ACC1_RND","0","0","3.059985"
"3059985","SIM_ACC2_RND","0","0","3.059985"
"3059985","SIM_ACC3_RND","0","0","3.059985"
"3059985","SIM_GYR1_SCALE_X","0","0","3.059985"
"3059985","SIM_GYR1_SCALE_Y","0","0","3.059985"
"3059985","SIM_GYR1_SCALE_Z","0","0","3.059985"
"3059985","SIM_GYR2_SCALE_X","0","0","3.059985"
"3059985","SIM_GYR2_SCALE_Y","0","0","3.059985"
"3059985","SIM_GYR2_SCALE_Z","0","0","3.059985"
"3059985","SIM_GYR3_SCALE_X","0","0","3.059985"
"3059985","SIM_GYR3_SCALE_Y","0","0","3.059985"
"3059985","SIM_GYR3_SCALE_Z","0","0","3.059985"
"3059985","SIM_ACCEL1_FAIL","0","0","3.059985"
"3059985","SIM_ACCEL2_FAIL","0","0","3.059985"
"3059985","SIM_ACCEL3_FAIL","0","0","3.059985"
"3059985","SIM_GYR_FAIL_MSK","0","0","3.059985"
"3059985","SIM_ACC_FAIL_MSK","0","0","3.059985"
"3059985","SIM_ACC1_SCAL_X","0","0","3.059985"
"3059985","SIM_ACC1_SCAL_Y","0","0","3.059985"
"3059985","SIM_ACC1_SCAL_Z","0","0","3.059985"
"3059985","SIM_ACC2_SCAL_X","0","0","3.059985"
"3059985","SIM_ACC2_SCAL_Y","0","0","3.059985"
"3059985","SIM_ACC2_SCAL_Z","0","0","3.059985"
"3059985","SIM_ACC3_SCAL_X","0","0","3.059985"
"3059985","SIM_ACC3_SCAL_Y","0","0","3.059985"
"3059985","SIM_ACC3_SCAL_Z","0","0","3.059985"
"3059985","SIM_ACC_TRIM_X","0","0","3.059985"
"3059985","SIM_ACC_TRIM_Y","0","0","3.059985"
"3059985","SIM_ACC_TRIM_Z","0","0","3.059985"
"3059985","SIM_JSON_MASTER","0","0","3.059985"
"3059985","SIM_OH_MASK","0","0","3.059985"
"3059985","SIM_GYR_FILE_RW","0","0","3.059985"
"3059985","SIM_ACC_FILE_RW","0","0","3.059985"
"3059985","SIM_GYR1_BIAS_X","0","0","3.059985"
"3059985","SIM_GYR1_BIAS_Y","0","0","3.059985"
"3059985","SIM_GYR1_BIAS_Z","0","0","3.059985"
"3059985","SIM_GYR2_BIAS_X","0","0","3.059985"
"3059985","SIM_GYR2_BIAS_Y","0","0","3.059985"
"3059985","SIM_GYR2_BIAS_Z","0","0","3.059985"
"3059985","SIM_GYR3_BIAS_X","0","0","3.059985"
"3059985","SIM_GYR3_BIAS_Y","0","0","3.059985"
"3059985","SIM_GYR3_BIAS_Z","0","0","3.059985"
"3059985","SIM_OH_RELAY_MSK","-1","65535","3.059985"
"3059985","SIM_CLAMP_CH","0","0","3.059985"
"3059985","SIM_IMUT1_ENABLE","0","0","3.059985"
"3059985","SIM_IMUT2_ENABLE","0","0","3.059985"
"3059985","SIM_IMUT3_ENABLE","0","0","3.059985"
"3059985","SIM_SONAR_POS_X","0","0","3.059985"
"3059985","SIM_SONAR_POS_Y","0","0","3.059985"
"3059985","SIM_SONAR_POS_Z","0","0","3.059985"
"3059985","SIM_FLOW_POS_X","0","0","3.059985"
"3059985","SIM_FLOW_POS_Y","0","0","3.059985"
"3059985","SIM_FLOW_POS_Z","0","0","3.059985"
"3059985","SIM_ENGINE_FAIL","0","0","3.059985"
"3059985","SIM_SHIP_ENABLE","0","0","3.059985"
"3059985","SIM_SHIP_SPEED","3","3","3.059985"
"3059985","SIM_SHIP_PSIZE","1000","1000","3.059985"
"3059985","SIM_SHIP_SYSID","17","17","3.059985"
"3059985","SIM_SHIP_DSIZE","10","10","3.059985"
"3059985","SIM_SHIP_OFS_X","0","0","3.059985"
"3059985","SIM_SHIP_OFS_Y","0","0","3.059985"
"3059985","SIM_SHIP_OFS_Z","0","0","3.059985"
"3059985","SIM_SLUP_ENABLE","0","0","3.059985"
"3059985","SIM_TETH_ENABLE","0","0","3.059985"
"3059985","SIM_MAG_RND","0","0","3.059985"
"3059985","SIM_MAG_MOT_X","0","0","3.059985"
"3059985","SIM_MAG_MOT_Y","0","0","3.059985"
"3059985","SIM_MAG_MOT_Z","0","0","3.059985"
"3059985","SIM_MAG_DELAY","0","0","3.059985"
"3059985","SIM_MAG1_OFS_X","5","0","3.059985"
"3059985","SIM_MAG1_OFS_Y","13","0","3.059985"
"3059985","SIM_MAG1_OFS_Z","-18","0","3.059985"
"3059985","SIM_MAG_ALY_X","0","0","3.059985"
"3059985","SIM_MAG_ALY_Y","0","0","3.059985"
"3059985","SIM_MAG_ALY_Z","0","0","3.059985"
"3059985","SIM_MAG_ALY_HGT","1","1","3.059985"
"3059985","SIM_MAG1_DIA_X","0","0","3.059985"
"3059985","SIM_MAG1_DIA_Y","0","0","3.059985"
"3059985","SIM_MAG1_DIA_Z","0","0","3.059985"
"3059985","SIM_MAG1_ODI_X","0","0","3.059985"
"3059985","SIM_MAG1_ODI_Y","0","0","3.059985"
"3059985","SIM_MAG1_ODI_Z","0","0","3.059985"
"3059985","SIM_MAG1_ORIENT","0","0","3.059985"
"3059985","SIM_MAG1_SCALING","1","1","3.059985"
"3059985","SIM_MAG1_DEVID","97539","97539","3.059985"
"3059985","SIM_MAG2_DEVID","131874","131874","3.059985"
"3059985","SIM_MAG3_DEVID","263178","263178","3.059985"
"3059985","SIM_MAG4_DEVID","97283","97283","3.059985"
"3059985","SIM_MAG5_DEVID","97795","97795","3.059985"
"3059985","SIM_MAG6_DEVID","98051","98051","3.059985"
"3059985","SIM_MAG7_DEVID","0","0","3.059985"
"3059985","SIM_MAG8_DEVID","0","0","3.059985"
"3059985","SIM_MAG1_FAIL","0","0","3.059985"
"3059985","SIM_MAG2_OFS_X","5","0","3.059985"
"3059985","SIM_MAG2_OFS_Y","13","0","3.059985"
"3059985","SIM_MAG2_OFS_Z","-18","0","3.059985"
"3059985","SIM_MAG2_DIA_X","0","0","3.059985"
"3059985","SIM_MAG2_DIA_Y","0","0","3.059985"
"3059985","SIM_MAG2_DIA_Z","0","0","3.059985"
"3059985","SIM_MAG2_ODI_X","0","0","3.059985"
"3059985","SIM_MAG2_ODI_Y","0","0","3.059985"
"3059985","SIM_MAG2_ODI_Z","0","0","3.059985"
"3059985","SIM_MAG2_ORIENT","0","0","3.059985"
"3059985","SIM_MAG2_FAIL","0","0","3.059985"
"3059985","SIM_MAG2_SCALING","1","1","3.059985"
"3059985","SIM_MAG3_OFS_X","5","0","3.059985"
"3059985","SIM_MAG3_OFS_Y","13","0","3.059985"
"3059985","SIM_MAG3_OFS_Z","-18","0","3.059985"
"3059985","SIM_MAG3_DIA_X","0","0","3.059985"
"3059985","SIM_MAG3_DIA_Y","0","0","3.059985"
"3059985","SIM_MAG3_DIA_Z","0","0","3.059985"
"3059985","SIM_MAG3_ODI_X","0","0","3.059985"
"3059985","SIM_MAG3_ODI_Y","0","0","3.059985"
"3059985","SIM_MAG3_ODI_Z","0","0","3.059985"
"3059985","SIM_MAG3_FAIL","0","0","3.059985"
"3059985","SIM_MAG3_SCALING","1","1","3.059985"
"3059985","SIM_MAG3_ORIENT","0","0","3.059985"
"3059985","SIM_MAG_SAVE_IDS","1","1","3.059985"
"3059985","SIM_INIT_LAT_OFS","0","0","3.059985"
"3059985","SIM_INIT_LON_OFS","0","0","3.059985"
"3059985","SIM_INIT_ALT_OFS","0","0","3.059985"
"3059985","SIM_GPS_LOG_NUM","0","0","3.059985"
"3059985","SIM_GPS1_ENABLE","1","0","3.059985"
"3059985","SIM_GPS1_LAG_MS","100","100","3.059985"
"3059985","SIM_GPS1_TYPE","1","1","3.059985"
"3059985","SIM_GPS1_BYTELOS","0","0","3.059985"
"3059985","SIM_GPS1_NUMSATS","10","10","3.059985"
"3059985","SIM_GPS1_GLTCH_X","0","0","3.059985"
"3059985","SIM_GPS1_GLTCH_Y","0","0","3.059985"
"3059985","SIM_GPS1_GLTCH_Z","0","0","3.059985"
"3059985","SIM_GPS1_HZ","5","5","3.059985"
"3059985","SIM_GPS1_DRFTALT","0","0","3.059985"
"3059985","SIM_GPS1_POS_X","0","0","3.059985"
"3059985","SIM_GPS1_POS_Y","0","0","3.059985"
"3059985","SIM_GPS1_POS_Z","0","0","3.059985"
"3059985","SIM_GPS1_NOISE","0","0","3.059985"
"3059985","SIM_GPS1_LCKTIME","0","0","3.059985"
"3059985","SIM_GPS1_ALT_OFS","0","0","3.059985"
"3059985","SIM_GPS1_HDG","0","0","3.059985"
"3059985","SIM_GPS1_ACC","0.3","0.3","3.059985"
"3059985","SIM_GPS1_VERR_X","0","0","3.059985"
"3059985","SIM_GPS1_VERR_Y","0","0","3.059985"
"3059985","SIM_GPS1_VERR_Z","0","0","3.059985"
"3059985","SIM_GPS1_JAM","0","0","3.059985"
"3059985","SIM_GPS1_HDG_OFS","0","0","3.059985"
"3059985","SIM_GPS1_OPTIONS","0","0","3.059985"
"3059985","SIM_GPS2_ENABLE","0","0","3.059985"
"3059985","SIM_GPS3_ENABLE","0","0","3.059985"
"3059985","SIM_GPS4_ENABLE","0","0","3.059985"
"3059985","SIM_ODOM_ENABLE","0","0","3.059985"
"3059985","SIM_LED_LAYOUT","0","0","3.059985"
"3059985","SIM_THML_SCENARI","0","0","3.059985"
"3059985","SIM_RATE_HZ","50","50","3.059985"
"3059985","SIM_IMU_COUNT","2","2","3.059985"
"3059985","SIM_FTOWESC_ENA","0","0","3.059985"
"3059985","SIM_FTOWESC_POW","4095","4095","3.059985"
"3059985","SIM_RICH_ENABLE","0","0","3.059985"
"3059985","SIM_RICH_CTRL","-1","-1","3.059985"
"3059985","SIM_IE24_ENABLE","0","0","3.059985"
"3059985","SIM_IE24_STATE","-1","-1","3.059985"
"3059985","SIM_IE24_ERROR","0","0","3.059985"
"3059985","SIM_BARO_COUNT","2","2","3.059985"
"3059985","SIM_BARO_RND","0.2","0.2","3.059985"
"3059985","SIM_BARO_DRIFT","0","0","3.059985"
"3059985","SIM_BARO_DISABLE","0","0","3.059985"
"3059985","SIM_BARO_GLITCH","0","0","3.059985"
"3059985","SIM_BARO_FREEZE","0","0","3.059985"
"3059985","SIM_BARO_DELAY","0","0","3.059985"
"3059985","SIM_BARO_WCF_FWD","0","0","3.059985"
"3059985","SIM_BARO_WCF_BAK","0","0","3.059985"
"3059985","SIM_BARO_WCF_RGT","0","0","3.059985"
"3059985","SIM_BARO_WCF_LFT","0","0","3.059985"
"3059985","SIM_BARO_WCF_UP","0","0","3.059985"
"3059985","SIM_BARO_WCF_DN","0","0","3.059985"
"3059985","SIM_BAR2_RND","0.2","0.2","3.059985"
"3059985","SIM_BAR2_DRIFT","0","0","3.059985"
"3059985","SIM_BAR2_DISABLE","0","0","3.059985"
"3059985","SIM_BAR2_GLITCH","0","0","3.059985"
"3059985","SIM_BAR2_FREEZE","0","0","3.059985"
"3059985","SIM_BAR2_DELAY","0","0","3.059985"
"3059985","SIM_BAR2_WCF_FWD","0","0","3.059985"
"3059985","SIM_BAR2_WCF_BAK","0","0","3.059985"
"3059985","SIM_BAR2_WCF_RGT","0","0","3.059985"
"3059985","SIM_BAR2_WCF_LFT","0","0","3.059985"
"3059985","SIM_BAR2_WCF_UP","0","0","3.059985"
"3059985","SIM_BAR2_WCF_DN","0","0","3.059985"
"3059985","SIM_BAR3_RND","0.2","0.2","3.059985"
"3059985","SIM_BAR3_DRIFT","0","0","3.059985"
"3059985","SIM_BAR3_DISABLE","0","0","3.059985"
"3059985","SIM_BAR3_GLITCH","0","0","3.059985"
"3059985","SIM_BAR3_FREEZE","0","0","3.059985"
"3059985","SIM_BAR3_DELAY","0","0","3.059985"
"3059985","SIM_BAR3_WCF_FWD","0","0","3.059985"
"3059985","SIM_BAR3_WCF_BAK","0","0","3.059985"
"3059985","SIM_BAR3_WCF_RGT","0","0","3.059985"
"3059985","SIM_BAR3_WCF_LFT","0","0","3.059985"
"3059985","SIM_BAR3_WCF_UP","0","0","3.059985"
"3059985","SIM_BAR3_WCF_DN","0","0","3.059985"
"3059985","SIM_TIME_JITTER","0","0","3.059985"
"3059985","SIM_ESC_TELEM","1","1","3.059985"
"3059985","SIM_ESC_ARM_RPM","0","0","3.059985"
"3059985","SIM_UART_LOSS","0","0","3.059985"
"3059985","SIM_ARSPD_RND","2","2","3.059985"
"3059985","SIM_ARSPD_OFS","2013","2013","3.059985"
"3059985","SIM_ARSPD_FAIL","0","0","3.059985"
"3059985","SIM_ARSPD_FAILP","0","0","3.059985"
"3059985","SIM_ARSPD_PITOT","0","0","3.059985"
"3059985","SIM_ARSPD_SIGN","0","0","3.059985"
"3059985","SIM_ARSPD_RATIO","1.99","1.99","3.059985"
"3059985","SIM_ARSPD2_RND","2","2","3.059985"
"3059985","SIM_ARSPD2_OFS","2013","2013","3.059985"
"3059985","SIM_ARSPD2_FAIL","0","0","3.059985"
"3059985","SIM_ARSPD2_FAILP","0","0","3.059985"
"3059985","SIM_ARSPD2_PITOT","0","0","3.059985"
"3059985","SIM_ARSPD2_SIGN","0","0","3.059985"
"3059985","SIM_ARSPD2_RATIO","1.99","1.99","3.059985"
"3059985","SIM_ADSB_TYPES","1","1","3.059985"
"3059985","SIM_VOLZ_ENA","0","0","3.059985"
"3059985","SIM_VOLZ_MASK","11","11","3.059985"
"3059985","SIM_VOLZ_FMASK","0","0","3.059985"
"3059985","SIM_VICON_POS_X","0","0","3.059985"
"3059985","SIM_VICON_POS_Y","0","0","3.059985"
"3059985","SIM_VICON_POS_Z","0","0","3.059985"
"3059985","SIM_VICON_GLIT_X","0","0","3.059985"
"3059985","SIM_VICON_GLIT_Y","0","0","3.059985"
"3059985","SIM_VICON_GLIT_Z","0","0","3.059985"
"3059985","SIM_VICON_FAIL","0","0","3.059985"
"3059985","SIM_VICON_YAW","0","0","3.059985"
"3059985","SIM_VICON_YAWERR","0","0","3.059985"
"3059985","SIM_VICON_TMASK","3","3","3.059985"
"3059985","SIM_VICON_VGLI_X","0","0","3.059985"
"3059985","SIM_VICON_VGLI_Y","0","0","3.059985"
"3059985","SIM_VICON_VGLI_Z","0","0","3.059985"
"3059985","SIM_VICON_P_SD","0","0","3.059985"
"3059985","SIM_VICON_V_SD","0","0","3.059985"
"3059985","SIM_VICON_RATE","50","50","3.059985"
"3059985","SIM_VICON_QUAL","50","50","3.059985"
"3059985","SIM_TEMP_START","25","25","3.059985"
"3059985","SIM_TEMP_BRD_OFF","20","20","3.059985"
"3059985","SIM_TEMP_TCONST","30","30","3.059985"
"3059985","SIM_TEMP_BFACTOR","0","0","3.059985"
"3059985","SIM_WIND_DIR_Z","0","0","3.059985"
"3059985","SIM_WIND_T","0","0","3.059985"
"3059985","SIM_WIND_T_ALT","60","60","3.059985"
"3059985","SIM_WIND_T_COEF","0.01","0.01","3.059985"
"3059985","SIM_RC_CHANCOUNT","16","16","3.059985"
"3059985","SIM_SPR_ENABLE","0","0","3.059985"
"3059985","SIM_SPR_PUMP","-1","-1","3.059985"
"3059985","SIM_SPR_SPIN","-1","-1","3.059985"
"3059985","SIM_GRPS_ENABLE","0","0","3.059985"
"3059985","SIM_GRPS_PIN","-1","-1","3.059985"
"3059985","SIM_GRPS_GRAB","2000","2000","3.059985"
"3059985","SIM_GRPS_RELEASE","1000","1000","3.059985"
"3059985","SIM_GRPS_REVERSE","0","0","3.059985"
"3059985","SIM_GRPE_ENABLE","0","0","3.059985"
"3059985","SIM_GRPE_PIN","-1","-1","3.059985"
"3059985","SIM_WOW_PIN","-1","-1","3.059985"
"3059985","SIM_VIB_FREQ_X","0","0","3.059985"
"3059985","SIM_VIB_FREQ_Y","0","0","3.059985"
"3059985","SIM_VIB_FREQ_Z","0","0","3.059985"
"3059985","SIM_PARA_ENABLE","0","0","3.059985"
"3059985","SIM_PARA_PIN","-1","-1","3.059985"
"3059985","SIM_BAUDLIMIT_EN","0","0","3.059985"
"3059985","SIM_PLD_ENABLE","0","0","3.059985"
"3059985","SIM_PLD_LAT","39.904198","0","3.059985"
"3059985","SIM_PLD_LON","116.4074","0","3.059985"
"3059985","SIM_PLD_HEIGHT","0","0","3.059985"
"3059985","SIM_PLD_YAW","0","0","3.059985"
"3059985","SIM_PLD_RATE","100","100","3.059985"
"3059985","SIM_PLD_TYPE","0","0","3.059985"
"3059985","SIM_PLD_ALT_LMT","15","15","3.059985"
"3059985","SIM_PLD_DIST_LMT","10","10","3.059985"
"3059985","SIM_PLD_ORIENT","24","24","3.059985"
"3059985","SIM_PLD_OPTIONS","0","0","3.059985"
"3059985","SIM_PLD_SHIP","0","0","3.059985"
"3059985","SIM_SHOVE_X","0","0","3.059985"
"3059985","SIM_SHOVE_Y","0","0","3.059985"
"3059985","SIM_SHOVE_Z","0","0","3.059985"
"3059985","SIM_SHOVE_TIME","0","0","3.059985"
"3059985","SIM_FLOW_RND","0.05","0.05","3.059985"
"3059985","SIM_TWIST_X","0","0","3.059985"
"3059985","SIM_TWIST_Y","0","0","3.059985"
"3059985","SIM_TWIST_Z","0","0","3.059985"
"3059985","SIM_TWIST_TIME","0","0","3.059985"
"3059985","SIM_GND_BEHAV","-1","-1","3.059985"
"3059985","SIM_IMU_ORIENT","0","0","3.059985"
"3059985","SIM_WAVE_ENABLE","0","0","3.059985"
"3059985","SIM_WAVE_LENGTH","10","10","3.059985"
"3059985","SIM_WAVE_AMP","0.5","0.5","3.059985"
"3059985","SIM_WAVE_DIR","0","0","3.059985"
"3059985","SIM_WAVE_SPEED","0.5","0.5","3.059985"
"3059985","SIM_TIDE_DIR","0","0","3.059985"
"3059985","SIM_TIDE_SPEED","0","0","3.059985"
"3059985","SIM_OPOS_LAT","-35.363262","-35.363262","3.059985"
"3059985","SIM_OPOS_LNG","149.16524","149.16524","3.059985"
"3059985","SIM_OPOS_ALT","584","584","3.059985"
"3059985","SIM_OPOS_HDG","353","353","3.059985"
"3059985","SIM_LOOP_DELAY","0","0","3.059985"
"3059985","SIM_TA_ENABLE","1","1","3.059985"
"3059985","SIM_EFI_TYPE","0","0","3.059985"
"3059985","SIM_VIB_MOT_HMNC","1","1","3.059985"
"3059985","SIM_VIB_MOT_MASK","0","0","3.059985"
"3059985","SIM_VIB_MOT_MAX","0","0","3.059985"
"3059985","SIM_INS_THR_MIN","0.1","0.1","3.059985"
"3059985","SIM_VIB_MOT_MULT","1","1","3.059985"
"3059985","AFS_ENABLE","0","0","3.059985"
"3059985","FLOW_TYPE","0","0","3.059985"
"3059985","MIS_TOTAL","0","0","3.059985"
"3059985","MIS_RESTART","0","0","3.059985"
"3059985","MIS_OPTIONS","0","0","3.059985"
"3059985","RALLY_TOTAL","0","0","3.059985"
"3059985","RALLY_LIMIT_KM","5","5","3.059985"
"3059985","RALLY_INCL_HOME","0","0","3.059985"
"3059985","EK2_ENABLE","0","0","3.059985"
"3059985","EK3_ENABLE","1","1","3.059985"
"3059985","EK3_VELNE_M_NSE","0.5","0.5","3.059985"
"3059985","EK3_VELD_M_NSE","0.7","0.7","3.059985"
"3059985","EK3_VEL_I_GATE","500","500","3.059985"
"3059985","EK3_POSNE_M_NSE","0.5","0.5","3.059985"
"3059985","EK3_POS_I_GATE","500","500","3.059985"
"3059985","EK3_GLITCH_RAD","25","25","3.059985"
"3059985","EK3_ALT_M_NSE","3","3","3.059985"
"3059985","EK3_HGT_I_GATE","500","500","3.059985"
"3059985","EK3_HGT_DELAY","60","60","3.059985"
"3059985","EK3_MAG_M_NSE","0.05","0.05","3.059985"
"3059985","EK3_MAG_CAL","0","0","3.059985"
"3059985","EK3_MAG_I_GATE","300","300","3.059985"
"3059985","EK3_EAS_M_NSE","1.4","1.4","3.059985"
"3059985","EK3_EAS_I_GATE","400","400","3.059985"
"3059985","EK3_RNG_M_NSE","0.5","0.5","3.059985"
"3059985","EK3_RNG_I_GATE","500","500","3.059985"
"3059985","EK3_FLOW_MAX","2.5","2.5","3.059985"
"3059985","EK3_FLOW_M_NSE","0.15","0.15","3.059985"
"3059985","EK3_FLOW_I_GATE","500","500","3.059985"
"3059985","EK3_FLOW_DELAY","10","10","3.059985"
"3059985","EK3_GYRO_P_NSE","0.015","0.015","3.059985"
"3059985","EK3_ACC_P_NSE","0.35","0.35","3.059985"
"3059985","EK3_GBIAS_P_NSE","0.001","0.001","3.059985"
"3059985","EK3_ABIAS_P_NSE","0.02","0.02","3.059985"
"3059985","EK3_WIND_P_NSE","0.1","0.1","3.059985"
"3059985","EK3_WIND_PSCALE","1","1","3.059985"
"3059985","EK3_GPS_CHECK","31","31","3.059985"
"3059985","EK3_IMU_MASK","3","3","3.059985"
"3059985","EK3_CHECK_SCALE","150","150","3.059985"
"3059985","EK3_NOAID_M_NSE","10","10","3.059985"
"3059985","EK3_BETA_MASK","0","0","3.059985"
"3059985","EK3_YAW_M_NSE","0.5","0.5","3.059985"
"3059985","EK3_YAW_I_GATE","300","300","3.059985"
"3059985","EK3_TAU_OUTPUT","25","25","3.059985"
"3059985","EK3_MAGE_P_NSE","0.001","0.001","3.059985"
"3059985","EK3_MAGB_P_NSE","0.0001","0.0001","3.059985"
"3059985","EK3_RNG_USE_HGT","-1","-1","3.059985"
"3059985","EK3_TERR_GRAD","0.1","0.1","3.059985"
"3059985","EK3_BCN_M_NSE","1","1","3.059985"
"3059985","EK3_BCN_I_GTE","500","500","3.059985"
"3059985","EK3_BCN_DELAY","50","50","3.059985"
"3059985","EK3_RNG_USE_SPD","2","2","3.059985"
"3059985","EK3_ACC_BIAS_LIM","1","1","3.059985"
"3059985","EK3_MAG_MASK","0","0","3.059985"
"3059985","EK3_OGN_HGT_MASK","0","0","3.059985"
"3059985","EK3_VIS_VERR_MIN","0.1","0.1","3.059985"
"3059985","EK3_VIS_VERR_MAX","0.9","0.9","3.059985"
"3059985","EK3_WENC_VERR","0.1","0.1","3.059985"
"3059985","EK3_FLOW_USE","2","2","3.059985"
"3059985","EK3_HRT_FILT","2","2","3.059985"
"3059985","EK3_MAG_EF_LIM","50","50","3.059985"
"3059985","EK3_GSF_RUN_MASK","3","3","3.059985"
"3059985","EK3_GSF_USE_MASK","3","3","3.059985"
"3059985","EK3_GSF_RST_MAX","2","2","3.059985"
"3059985","EK3_ERR_THRESH","0.2","0.2","3.059985"
"3059985","EK3_AFFINITY","0","0","3.059985"
"3059985","EK3_SRC1_POSXY","3","3","3.059985"
"3059985","EK3_SRC1_VELXY","3","3","3.059985"
"3059985","EK3_SRC1_POSZ","1","1","3.059985"
"3059985","EK3_SRC1_VELZ","3","3","3.059985"
"3059985","EK3_SRC1_YAW","1","1","3.059985"
"3059985","EK3_SRC2_POSXY","0","0","3.059985"
"3059985","EK3_SRC2_VELXY","0","0","3.059985"
"3059985","EK3_SRC2_POSZ","1","1","3.059985"
"3059985","EK3_SRC2_VELZ","0","0","3.059985"
"3059985","EK3_SRC2_YAW","0","0","3.059985"
"3059985","EK3_SRC3_POSXY","0","0","3.059985"
"3059985","EK3_SRC3_VELXY","0","0","3.059985"
"3059985","EK3_SRC3_POSZ","1","1","3.059985"
"3059985","EK3_SRC3_VELZ","0","0","3.059985"
"3059985","EK3_SRC3_YAW","0","0","3.059985"
"3059985","EK3_SRC_OPTIONS","0","0","3.059985"
"3059985","EK3_DRAG_BCOEF_X","0","0","3.059985"
"3059985","EK3_DRAG_BCOEF_Y","0","0","3.059985"
"3059985","EK3_DRAG_M_NSE","0.5","0.5","3.059985"
"3059985","EK3_DRAG_MCOEF","0","0","3.059985"
"3059985","EK3_OGNM_TEST_SF","2","2","3.059985"
"3059985","EK3_GND_EFF_DZ","4","4","3.059985"
"3059985","EK3_PRIMARY","0","0","3.059985"
"3059985","EK3_LOG_LEVEL","0","0","3.059985"
"3059985","EK3_GPS_VACC_MAX","0","0","3.059985"
"3059985","EK3_OPTIONS","0","0","3.059985"
"3059985","RSSI_TYPE","0","0","3.059985"
"3059985","NTF_LED_BRIGHT","3","3","3.059985"
"3059985","NTF_BUZZ_TYPES","5","5","3.059985"
"3059985","NTF_LED_OVERRIDE","0","0","3.059985"
"3059985","NTF_DISPLAY_TYPE","0","0","3.059985"
"3059985","NTF_BUZZ_PIN","-1","-1","3.059985"
"3059985","NTF_LED_TYPES","123079","123079","3.059985"
"3059985","NTF_BUZZ_ON_LVL","1","1","3.059985"
"3059985","NTF_BUZZ_VOLUME","100","100","3.059985"
"3059985","NTF_LED_LEN","1","1","3.059985"
"3059985","BTN_ENABLE","0","0","3.059985"
"3059985","ICE_ENABLE","0","0","3.059985"
"3059985","SERVO1_MIN","1100","1100","3.059985"
"3059985","SERVO1_MAX","1900","1900","3.059985"
"3059985","SERVO1_TRIM","1500","1500","3.059985"
"3059985","SERVO1_REVERSED","0","0","3.059985"
"3059985","SERVO1_FUNCTION","4","4","3.059985"
"3059985","SERVO2_MIN","1100","1100","3.059985"
"3059985","SERVO2_MAX","1900","1900","3.059985"
"3059985","SERVO2_TRIM","1500","1500","3.059985"
"3059985","SERVO2_REVERSED","0","0","3.059985"
"3059985","SERVO2_FUNCTION","19","19","3.059985"
"3059985","SERVO3_MIN","980","980","3.059985"
"3059985","SERVO3_MAX","1900","1900","3.059985"
"3059985","SERVO3_TRIM","980","980","3.059985"
"3059985","SERVO3_REVERSED","0","0","3.059985"
"3059985","SERVO3_FUNCTION","70","70","3.059985"
"3059985","SERVO4_MIN","1100","1100","3.059985"
"3059985","SERVO4_MAX","1900","1900","3.059985"
"3059985","SERVO4_TRIM","1500","1500","3.059985"
"3059985","SERVO4_REVERSED","1","1","3.059985"
"3059985","SERVO4_FUNCTION","21","21","3.059985"
"3059985","SERVO5_MIN","1100","1100","3.059985"
"3059985","SERVO5_MAX","1900","1900","3.059985"
"3059985","SERVO5_TRIM","1500","1500","3.059985"
"3059985","SERVO5_REVERSED","0","0","3.059985"
"3059985","SERVO5_FUNCTION","4","4","3.059985"
"3059985","SERVO6_MIN","1100","1100","3.059985"
"3059985","SERVO6_MAX","1900","1900","3.059985"
"3059985","SERVO6_TRIM","1500","1500","3.059985"
"3059985","SERVO6_REVERSED","0","0","3.059985"
"3059985","SERVO6_FUNCTION","0","0","3.059985"
"3059985","SERVO7_MIN","1100","1100","3.059985"
"3059985","SERVO7_MAX","1900","1900","3.059985"
"3059985","SERVO7_TRIM","1500","1500","3.059985"
"3059985","SERVO7_REVERSED","0","0","3.059985"
"3059985","SERVO7_FUNCTION","0","0","3.059985"
"3059985","SERVO8_MIN","1100","1100","3.059985"
"3059985","SERVO8_MAX","1900","1900","3.059985"
"3059985","SERVO8_TRIM","1500","1500","3.059985"
"3059985","SERVO8_REVERSED","0","0","3.059985"
"3059985","SERVO8_FUNCTION","0","0","3.059985"
"3059985","SERVO9_MIN","1100","1100","3.059985"
"3059985","SERVO9_MAX","1900","1900","3.059985"
"3059985","SERVO9_TRIM","1500","1500","3.059985"
"3059985","SERVO9_REVERSED","0","0","3.059985"
"3059985","SERVO9_FUNCTION","0","0","3.059985"
"3059985","SERVO10_MIN","1100","1100","3.059985"
"3059985","SERVO10_MAX","1900","1900","3.059985"
"3059985","SERVO10_TRIM","1500","1500","3.059985"
"3059985","SERVO10_REVERSED","0","0","3.059985"
"3059985","SERVO10_FUNCTION","0","0","3.059985"
"3059985","SERVO11_MIN","1100","1100","3.059985"
"3059985","SERVO11_MAX","1900","1900","3.059985"
"3059985","SERVO11_TRIM","1500","1500","3.059985"
"3059985","SERVO11_REVERSED","0","0","3.059985"
"3059985","SERVO11_FUNCTION","0","0","3.059985"
"3059985","SERVO12_MIN","1100","1100","3.059985"
"3059985","SERVO12_MAX","1900","1900","3.059985"
"3059985","SERVO12_TRIM","1500","1500","3.059985"
"3059985","SERVO12_REVERSED","0","0","3.059985"
"3059985","SERVO12_FUNCTION","0","0","3.059985"
"3059985","SERVO13_MIN","1100","1100","3.059985"
"3059985","SERVO13_MAX","1900","1900","3.059985"
"3059985","SERVO13_TRIM","1500","1500","3.059985"
"3059985","SERVO13_REVERSED","0","0","3.059985"
"3059985","SERVO13_FUNCTION","0","0","3.059985"
"3059985","SERVO14_MIN","1100","1100","3.059985"
"3059985","SERVO14_MAX","1900","1900","3.059985"
"3059985","SERVO14_TRIM","1500","1500","3.059985"
"3059985","SERVO14_REVERSED","0","0","3.059985"
"3059985","SERVO14_FUNCTION","0","0","3.059985"
"3059985","SERVO15_MIN","1100","1100","3.059985"
"3059985","SERVO15_MAX","1900","1900","3.059985"
"3059985","SERVO15_TRIM","1500","1500","3.059985"
"3059985","SERVO15_REVERSED","0","0","3.059985"
"3059985","SERVO15_FUNCTION","0","0","3.059985"
"3059985","SERVO16_MIN","1100","1100","3.059985"
"3059985","SERVO16_MAX","1900","1900","3.059985"
"3059985","SERVO16_TRIM","1500","1500","3.059985"
"3059985","SERVO16_REVERSED","0","0","3.059985"
"3059985","SERVO16_FUNCTION","0","0","3.059985"
"3059985","SERVO_AUTO_TRIM","0","0","3.059985"
"3059985","SERVO_RATE","50","50","3.059985"
"3059985","SERVO_VOLZ_MASK","0","0","3.059985"
"3059985","SERVO_VOLZ_RANGE","200","200","3.059985"
"3059985","SERVO_SBUS_RATE","50","50","3.059985"
"3059985","SERVO_ROB_POSMIN","0","0","3.059985"
"3059985","SERVO_ROB_POSMAX","4095","4095","3.059985"
"3059985","SERVO_FTW_MASK","0","0","3.059985"
"3059985","SERVO_FTW_RVMASK","0","0","3.059985"
"3059985","SERVO_FTW_POLES","14","14","3.059985"
"3059985","SERVO_DSHOT_RATE","0","0","3.059985"
"3059985","SERVO_DSHOT_ESC","0","0","3.059985"
"3059985","SERVO_GPIO_MASK","0","0","3.059985"
"3059985","SERVO_RC_FS_MSK","0","0","3.059985"
"3059985","SERVO_32_ENABLE","0","0","3.059985"
"3059985","RC1_MIN","1100","1100","3.059985"
"3059985","RC1_TRIM","1500","1500","3.059985"
"3059985","RC1_MAX","1900","1900","3.059985"
"3059985","RC1_REVERSED","0","0","3.059985"
"3059985","RC1_DZ","30","30","3.059985"
"3059985","RC1_OPTION","0","0","3.059985"
"3059985","RC2_MIN","1100","1100","3.059985"
"3059985","RC2_TRIM","1500","1500","3.059985"
"3059985","RC2_MAX","1900","1900","3.059985"
"3059985","RC2_REVERSED","0","0","3.059985"
"3059985","RC2_DZ","30","30","3.059985"
"3059985","RC2_OPTION","0","0","3.059985"
"3059985","RC3_MIN","1100","1100","3.059985"
"3059985","RC3_TRIM","1500","1500","3.059985"
"3059985","RC3_MAX","1900","1900","3.059985"
"3059985","RC3_REVERSED","0","0","3.059985"
"3059985","RC3_DZ","30","30","3.059985"
"3059985","RC3_OPTION","0","0","3.059985"
"3059985","RC4_MIN","1100","1100","3.059985"
"3059985","RC4_TRIM","1500","1500","3.059985"
"3059985","RC4_MAX","1900","1900","3.059985"
"3059985","RC4_REVERSED","0","0","3.059985"
"3059985","RC4_DZ","30","30","3.059985"
"3059985","RC4_OPTION","0","0","3.059985"
"3059985","RC5_MIN","1100","1100","3.059985"
"3059985","RC5_TRIM","1500","1500","3.059985"
"3059985","RC5_MAX","1900","1900","3.059985"
"3059985","RC5_REVERSED","0","0","3.059985"
"3059985","RC5_DZ","0","0","3.059985"
"3059985","RC5_OPTION","0","0","3.059985"
"3059985","RC6_MIN","1100","1100","3.059985"
"3059985","RC6_TRIM","1500","1500","3.059985"
"3059985","RC6_MAX","1900","1900","3.059985"
"3059985","RC6_REVERSED","0","0","3.059985"
"3059985","RC6_DZ","0","0","3.059985"
"3059985","RC6_OPTION","0","0","3.059985"
"3059985","RC7_MIN","1100","1100","3.059985"
"3059985","RC7_TRIM","1500","1500","3.059985"
"3059985","RC7_MAX","1900","1900","3.059985"
"3059985","RC7_REVERSED","0","0","3.059985"
"3059985","RC7_DZ","0","0","3.059985"
"3059985","RC7_OPTION","153","41","3.059985"
"3059985","RC8_MIN","1100","1100","3.059985"
"3059985","RC8_TRIM","1500","1500","3.059985"
"3059985","RC8_MAX","1900","1900","3.059985"
"3059985","RC8_REVERSED","0","0","3.059985"
"3059985","RC8_DZ","0","0","3.059985"
"3059985","RC8_OPTION","0","0","3.059985"
"3059985","RC9_MIN","1100","1100","3.059985"
"3059985","RC9_TRIM","1500","1500","3.059985"
"3059985","RC9_MAX","1900","1900","3.059985"
"3059985","RC9_REVERSED","0","0","3.059985"
"3059985","RC9_DZ","0","0","3.059985"
"3059985","RC9_OPTION","0","0","3.059985"
"3059985","RC10_MIN","1100","1100","3.059985"
"3059985","RC10_TRIM","1500","1500","3.059985"
"3059985","RC10_MAX","1900","1900","3.059985"
"3059985","RC10_REVERSED","0","0","3.059985"
"3059985","RC10_DZ","0","0","3.059985"
"3059985","RC10_OPTION","0","0","3.059985"
"3059985","RC11_MIN","1100","1100","3.059985"
"3059985","RC11_TRIM","1500","1500","3.059985"
"3059985","RC11_MAX","1900","1900","3.059985"
"3059985","RC11_REVERSED","0","0","3.059985"
"3059985","RC11_DZ","0","0","3.059985"
"3059985","RC11_OPTION","0","0","3.059985"
"3059985","RC12_MIN","1100","1100","3.059985"
"3059985","RC12_TRIM","1500","1500","3.059985"
"3059985","RC12_MAX","1900","1900","3.059985"
"3059985","RC12_REVERSED","0","0","3.059985"
"3059985","RC12_DZ","0","0","3.059985"
"3059985","RC12_OPTION","0","0","3.059985"
"3059985","RC13_MIN","1100","1100","3.059985"
"3059985","RC13_TRIM","1500","1500","3.059985"
"3059985","RC13_MAX","1900","1900","3.059985"
"3059985","RC13_REVERSED","0","0","3.059985"
"3059985","RC13_DZ","0","0","3.059985"
"3059985","RC13_OPTION","0","0","3.059985"
"3059985","RC14_MIN","1100","1100","3.059985"
"3059985","RC14_TRIM","1500","1500","3.059985"
"3059985","RC14_MAX","1900","1900","3.059985"
"3059985","RC14_REVERSED","0","0","3.059985"
"3059985","RC14_DZ","0","0","3.059985"
"3059985","RC14_OPTION","0","0","3.059985"
"3059985","RC15_MIN","1100","1100","3.059985"
"3059985","RC15_TRIM","1500","1500","3.059985"
"3059985","RC15_MAX","1900","1900","3.059985"
"3059985","RC15_REVERSED","0","0","3.059985"
"3059985","RC15_DZ","0","0","3.059985"
"3059985","RC15_OPTION","0","0","3.059985"
"3059985","RC16_MIN","1100","1100","3.059985"
"3059985","RC16_TRIM","1500","1500","3.059985"
"3059985","RC16_MAX","1900","1900","3.059985"
"3059985","RC16_REVERSED","0","0","3.059985"
"3059985","RC16_DZ","0","0","3.059985"
"3059985","RC16_OPTION","0","0","3.059985"
"3059985","RC_OVERRIDE_TIME","3","3","3.059985"
"3059985","RC_OPTIONS","32","32","3.059985"
"3059985","RC_PROTOCOLS","1","1","3.059985"
"3059985","RC_FS_TIMEOUT","1","1","3.059985"
"3059985","SOAR_ENABLE","0","0","3.059985"
"3059985","RUDD_DT_GAIN","10","10","3.059985"
"3059985","MANUAL_RCMASK","0","0","3.059985"
"3059985","HOME_RESET_ALT","0","0","3.059985"
"3059985","FLIGHT_OPTIONS","0","0","3.059985"
"3059985","TKOFF_ACCEL_CNT","1","1","3.059985"
"3059985","LGR_ENABLE","0","0","3.059985"
"3059985","DSPOILER_CROW_W1","0","0","3.059985"
"3059985","DSPOILER_CROW_W2","0","0","3.059985"
"3059985","TKOFF_TIMEOUT","0","0","3.059985"
"3059985","DSPOILER_OPTS","3","3","3.059985"
"3059985","DSPOILER_AILMTCH","100","100","3.059985"
"3059985","FWD_BAT_VOLT_MAX","0","0","3.059985"
"3059985","FWD_BAT_VOLT_MIN","0","0","3.059985"
"3059985","FWD_BAT_IDX","0","0","3.059985"
"3059985","FS_EKF_THRESH","0.8","0.8","3.059985"
"3059985","RTL_CLIMB_MIN","0","0","3.059985"
"3059985","GUIDED_P","5000","5000","3.059985"
"3059985","GUIDED_I","0","0","3.059985"
"3059985","GUIDED_D","0","0","3.059985"
"3059985","GUIDED_FF","0","0","3.059985"
"3059985","GUIDED_IMAX","10","10","3.059985"
"3059985","GUIDED_FLTT","5","5","3.059985"
"3059985","GUIDED_FLTE","5","5","3.059985"
"3059985","GUIDED_FLTD","5","5","3.059985"
"3059985","GUIDED_SMAX","0","0","3.059985"
"3059985","GUIDED_PDMX","0","0","3.059985"
"3059985","GUIDED_D_FF","0","0","3.059985"
"3059985","GUIDED_NTF","0","0","3.059985"
"3059985","GUIDED_NEF","0","0","3.059985"
"3059985","MAN_EXPO_ROLL","0","0","3.059985"
"3059985","MAN_EXPO_PITCH","0","0","3.059985"
"3059985","MAN_EXPO_RUDDER","0","0","3.059985"
"3059985","ONESHOT_MASK","0","0","3.059985"
"3059985","FOLL_ENABLE","0","0","3.059985"
"3059985","AUTOTUNE_AXES","7","7","3.059985"
"3059985","PLND_ENABLED","0","0","3.059985"
"3059985","RNGFND_LND_ORNT","25","25","3.059985"
"3059985","FWD_BAT_THR_CUT","0","0","3.059985"
"3059985","SID_AXIS","0","0","3.059985"
"3059985","CLIMB_SLOPE_HGT","25","25","3.059985"
"3059985","GUIDED_TIMEOUT","3","3","3.059985"
"3059985","LAND_SLOPE_RCALC","2","2","3.059985"
"3059985","LAND_ABORT_DEG","0","0","3.059985"
"3059985","LAND_PITCH_DEG","0","0","3.059985"
"3059985","LAND_FLARE_ALT","3","3","3.059985"
"3059985","LAND_FLARE_SEC","2","2","3.059985"
"3059985","LAND_PF_ALT","10","10","3.059985"
"3059985","LAND_PF_SEC","6","6","3.059985"
"3059985","LAND_PF_ARSPD","0","0","3.059985"
"3059985","LAND_THR_SLEW","0","0","3.059985"
"3059985","LAND_DISARMDELAY","20","20","3.059985"
"3059985","LAND_THEN_NEUTRL","0","0","3.059985"
"3059985","LAND_ABORT_THR","0","0","3.059985"
"3059985","LAND_FLAP_PERCNT","0","0","3.059985"
"3059985","LAND_OPTIONS","0","0","3.059985"
"3059985","LAND_FLARE_AIM","50","50","3.059985"
"3059985","LAND_WIND_COMP","50","50","3.059985"
"3059985","LAND_TYPE","0","0","3.059985"
"3059985","OSD_TYPE","0","0","3.059985"
"3059985","TKOFF_ALT","50","50","3.059985"
"3059985","TKOFF_LVL_ALT","10","10","3.059985"
"3059985","TKOFF_LVL_PITCH","15","15","3.059985"
"3059985","TKOFF_DIST","200","200","3.059985"
"3059985","TKOFF_GND_PITCH","5","5","3.059985"
"3059985","AUTOLAND_WP_ALT","55","55","3.059985"
"3059985","AUTOLAND_WP_DIST","400","400","3.059985"
"3059985","AUTOLAND_DIR_OFF","0","0","3.059985"
"3059985","AUTOLAND_OPTIONS","0","0","3.059985"
"3059985","AUTOLAND_CLIMB","0","0","3.059985"
"3059985","PUP_ENABLE","0","0","3.059985"
"3059985","FFT_ENABLE","0","0","3.059985"
"3059985","VISO_TYPE","0","0","3.059985"
"3059985","VTX_ENABLE","0","0","3.059985"
"3059985","MSP_OSD_NCELLS","0","0","3.059985"
"3059985","MSP_OPTIONS","0","0","3.059985"
"3059985","FRSKY_UPLINK_ID","13","13","3.059985"
"3059985","FRSKY_DNLINK1_ID","20","20","3.059985"
"3059985","FRSKY_DNLINK2_ID","7","7","3.059985"
"3059985","FRSKY_DNLINK_ID","27","27","3.059985"
"3059985","FRSKY_OPTIONS","0","0","3.059985"
"3059985","GEN_TYPE","0","0","3.059985"
"3059985","EAHRS_TYPE","0","0","3.059985"
"3059985","EFI_TYPE","0","0","3.059985"
"3059985","ARSPD_PRIMARY","0","0","3.059985"
"3059985","ARSPD_OPTIONS","11","11","3.059985"
"3059985","ARSPD_WIND_MAX","0","0","3.059985"
"3059985","ARSPD_WIND_WARN","0","0","3.059985"
"3059985","ARSPD_WIND_GATE","5","5","3.059985"
"3059985","ARSPD_OFF_PCNT","0","0","3.059985"
"3059985","ARSPD_TYPE","2","2","3.059985"
"3059985","ARSPD_USE","0","0","3.059985"
"3059985","ARSPD_OFFSET","0","0","3.059985"
"3059985","ARSPD_RATIO","2","2","3.059985"
"3059985","ARSPD_PIN","1","1","3.059985"
"3059985","ARSPD_AUTOCAL","0","0","3.059985"
"3059985","ARSPD_TUBE_ORDR","2","2","3.059985"
"3059985","ARSPD_SKIP_CAL","0","0","3.059985"
"3059985","ARSPD_PSI_RANGE","1","1","3.059985"
"3059985","ARSPD_BUS","1","1","3.059985"
"3059985","ARSPD_DEVID","0","0","3.059985"
"3059985","ARSPD2_TYPE","0","0","3.059985"
"3059985","CUST_ROT_ENABLE","0","0","3.059985"
"3059985","ESC_TLM_MAV_OFS","0","0","3.059985"
"3059985","FENCE_ENABLE","0","0","3.059985"
"3059985","FENCE_TYPE","4","4","3.059985"
"3059985","FENCE_ACTION","1","1","3.059985"
"3059985","FENCE_ALT_MAX","100","100","3.059985"
"3059985","FENCE_RADIUS","300","300","3.059985"
"3059985","FENCE_MARGIN","2","2","3.059985"
"3059985","FENCE_TOTAL","0","0","3.059985"
"3059985","FENCE_ALT_MIN","-10","-10","3.059985"
"3059985","FENCE_RET_RALLY","0","0","3.059985"
"3059985","FENCE_RET_ALT","0","0","3.059985"
"3059985","FENCE_AUTOENABLE","0","0","3.059985"
"3059985","FENCE_OPTIONS","1","1","3.059985"
"3059985","FENCE_NTF_FREQ","1","1","3.059985"
"3059985","FENCE_MARGIN_XY","0","0","3.059985"
"3059985","FENCE_ALT_MAX_TP","1","1","3.059985"
"3059985","FENCE_ALT_MIN_TP","1","1","3.059985"
"3059985","DID_ENABLE","0","0","3.059985"
"3059985","TEMP_LOG","0","0","3.059985"
"3059985","TEMP1_TYPE","0","0","3.059985"
"3059985","TEMP2_TYPE","0","0","3.059985"
"3059985","TEMP3_TYPE","0","0","3.059985"
"3059985","NMEA_RATE_MS","100","100","3.059985"
"3059985","NMEA_MSG_EN","3","3","3.059985"
"3059985","KDE_NPOLE","14","14","3.059985"
"3059985","FLTMODE_GCSBLOCK","0","0","3.059985"
"3059985","NET_ENABLE","0","0","3.059985"
"3059985","NET_P1_TYPE","0","0","3.059985"
"3059985","NET_P2_TYPE","0","0","3.059985"
"3059985","NET_P3_TYPE","0","0","3.059985"
"3059985","NET_P4_TYPE","0","0","3.059985"
"3059985","FILT1_TYPE","0","0","3.059985"
"3059985","FILT2_TYPE","0","0","3.059985"
"3059985","FILT3_TYPE","0","0","3.059985"
"3059985","FILT4_TYPE","0","0","3.059985"
"3059985","FILT5_TYPE","0","0","3.059985"
"3059985","FILT6_TYPE","0","0","3.059985"
"3059985","FILT7_TYPE","0","0","3.059985"
"3059985","FILT8_TYPE","0","0","3.059985"
"3059985","STAT_BOOTCNT","1","0","3.059985"
"3059985","STAT_FLTTIME","0","0","3.059985"
"3059985","STAT_RUNTIME","0","0","3.059985"
"3059985","STAT_RESET","1","1","3.059985"
"3059985","STAT_FLTCNT","0","0","3.059985"
"3059985","STAT_DISTFLWN","0","0","3.059985"
"3059985","SCR_ENABLE","0","0","3.059985"
"3059985","LOG_BACKEND_TYPE","1","1","3.059985"
"3059985","LOG_FILE_BUFSIZE","200","200","3.059985"
"3059985","LOG_DISARMED","0","0","3.059985"
"3059985","LOG_REPLAY","0","0","3.059985"
"3059985","LOG_FILE_DSRMROT","0","0","3.059985"
"3059985","LOG_MAV_BUFSIZE","8","8","3.059985"
"3059985","LOG_FILE_TIMEOUT","5","5","3.059985"
"3059985","LOG_FILE_MB_FREE","500","500","3.059985"
"3059985","LOG_FILE_RATEMAX","0","0","3.059985"
"3059985","LOG_MAV_RATEMAX","10","10","3.059985"
"3059985","LOG_BLK_RATEMAX","0","0","3.059985"
"3059985","LOG_DARM_RATEMAX","0","0","3.059985"
"3059985","LOG_MAX_FILES","500","500","3.059985"
"3059985","GRIP_ENABLE","0","0","3.059985"
"3059985","SERIAL0_BAUD","115","115","3.059985"
"3059985","SERIAL0_PROTOCOL","2","2","3.059985"
"3059985","SERIAL1_PROTOCOL","2","2","3.059985"
"3059985","SERIAL1_BAUD","57","57","3.059985"
"3059985","SERIAL2_PROTOCOL","2","2","3.059985"
"3059985","SERIAL2_BAUD","57","57","3.059985"
"3059985","SERIAL3_PROTOCOL","5","5","3.059985"
"3059985","SERIAL3_BAUD","230","230","3.059985"
"3059985","SERIAL4_PROTOCOL","5","5","3.059985"
"3059985","SERIAL4_BAUD","230","230","3.059985"
"3059985","SERIAL5_PROTOCOL","-1","-1","3.059985"
"3059985","SERIAL5_BAUD","57","57","3.059985"
"3059985","SERIAL6_PROTOCOL","-1","-1","3.059985"
"3059985","SERIAL6_BAUD","57","57","3.059985"
"3059985","SERIAL1_OPTIONS","0","0","3.059985"
"3059985","SERIAL2_OPTIONS","0","0","3.059985"
"3059985","SERIAL3_OPTIONS","0","0","3.059985"
"3059985","SERIAL4_OPTIONS","0","0","3.059985"
"3059985","SERIAL5_OPTIONS","0","0","3.059985"
"3059985","SERIAL6_OPTIONS","0","0","3.059985"
"3059985","SERIAL_PASS1","0","0","3.059985"
"3059985","SERIAL_PASS2","-1","-1","3.059985"
"3059985","SERIAL_PASSTIMO","15","15","3.059985"
"3059985","SERIAL7_PROTOCOL","-1","-1","3.059985"
"3059985","SERIAL7_BAUD","57","57","3.059985"
"3059985","SERIAL7_OPTIONS","0","0","3.059985"
"3059985","RPM1_TYPE","0","0","3.059985"
"3059985","RPM2_TYPE","0","0","3.059985"
"3059985","QWIK_ENABLE","0","0","3.059985"
"3059985","MAV_SYSID","1","1","3.059985"
"3059985","MAV_GCS_SYSID","255","255","3.059985"
"3059985","MAV_GCS_SYSID_HI","0","0","3.059985"
"3059985","MAV_OPTIONS","0","0","3.059985"
"3059985","MAV_TELEM_DELAY","0","0","3.059985"
"3059985","MAV1_RAW_SENS","2","1","3.059985"
"3059985","MAV1_EXT_STAT","2","1","3.059985"
"3059985","MAV1_RC_CHAN","2","1","3.059985"
"3059985","MAV1_RAW_CTRL","1","1","3.059985"
"3059985","MAV1_POSITION","2","1","3.059985"
"3059985","MAV1_EXTRA1","4","1","3.059985"
"3059985","MAV1_EXTRA2","4","1","3.059985"
"3059985","MAV1_EXTRA3","2","1","3.059985"
"3059985","MAV1_PARAMS","10","10","3.059985"
"3059985","MAV1_ADSB","5","5","3.059985"
"3059985","MAV1_OPTIONS","0","0","3.059985"
"3059985","MAV2_RAW_SENS","1","1","3.059985"
"3059985","MAV2_EXT_STAT","1","1","3.059985"
"3059985","MAV2_RC_CHAN","1","1","3.059985"
"3059985","MAV2_RAW_CTRL","1","1","3.059985"
"3059985","MAV2_POSITION","1","1","3.059985"
"3059985","MAV2_EXTRA1","1","1","3.059985"
"3059985","MAV2_EXTRA2","1","1","3.059985"
"3059985","MAV2_EXTRA3","1","1","3.059985"
"3059985","MAV2_PARAMS","10","10","3.059985"
"3059985","MAV2_ADSB","5","5","3.059985"
"3059985","MAV2_OPTIONS","0","0","3.059985"
"3059985","MAV3_RAW_SENS","1","1","3.059985"
"3059985","MAV3_EXT_STAT","1","1","3.059985"
"3059985","MAV3_RC_CHAN","1","1","3.059985"
"3059985","MAV3_RAW_CTRL","1","1","3.059985"
"3059985","MAV3_POSITION","1","1","3.059985"
"3059985","MAV3_EXTRA1","1","1","3.059985"
"3059985","MAV3_EXTRA2","1","1","3.059985"
"3059985","MAV3_EXTRA3","1","1","3.059985"
"3059985","MAV3_PARAMS","10","10","3.059985"
"3059985","MAV3_ADSB","5","5","3.059985"
"3059985","MAV3_OPTIONS","0","0","3.059985"
"4059982","EK3_SRC1_POSXY","3","NaN","4.059982"
"4819978","ARSPD_OFFSET","2094.402","NaN","4.819978"
"11419978","MIS_TOTAL","1","NaN","11.419978"
