mavpackettype,TimeUS,Dist,TBrg,NavBrg,AltE,XT,XTi,AsE,TLat,TLng,TAW,TAT,TAsp,ap_time_s
NTUN,2199998,0.0,0.0,0.0,0.12,0.0,0.0,0.0,0.0,0.0,0.0,0.0,0.0,2.199998
NTUN,2239998,0.0,0.0,0.0,0.12,0.0,0.0,0.0,0.0,0.0,0.0,0.0,0.0,2.239998
NTUN,2279998,0.0,0.0,0.0,0.2,0.0,0.0,0.0,0.0,0.0,0.0,0.0,13.0,2.279998
NTUN,2319998,0.0,0.0,0.0,0.2,0.0,0.0,0.0,0.0,0.0,0.0,0.0,13.0,2.319998
NTUN,2359998,0.0,0.0,0.0,0.2,0.0,0.0,-12.524845123291016,0.0,0.0,0.0,0.0,13.0,2.359998
NTUN,2399998,0.0,0.0,0.0,0.05,0.0,0.0,-12.524845123291016,0.0,0.0,0.0,0.0,13.0,2.399998
NTUN,2439998,0.0,0.0,0.0,0.05,0.0,0.0,-12.524845123291016,0.0,0.0,0.0,0.0,13.0,2.439998
NTUN,2479998,0.0,0.0,0.0,0.14,0.0,0.0,-12.537099838256836,0.0,0.0,0.0,0.0,13.0,2.479998
NTUN,2519998,0.0,0.0,0.0,0.14,0.0,0.0,-12.537099838256836,0.0,0.0,0.0,0.0,13.0,2.519998
NTUN,2559998,0.0,0.0,0.0,0.14,0.0,0.0,-12.559369087219238,0.0,0.0,0.0,0.0,13.0,2.559998
NTUN,2599998,0.0,0.0,0.0,0.12,0.0,0.0,-12.559369087219238,0.0,0.0,0.0,0.0,13.0,2.599998
NTUN,2639998,0.0,0.0,0.0,0.12,0.0,0.0,-12.559369087219238,0.0,0.0,0.0,0.0,13.0,2.639998
NTUN,2679998,0.0,0.0,0.0,0.31,0.0,0.0,-12.5845308303833,0.0,0.0,0.0,0.0,13.0,2.679998
NTUN,2719998,0.0,0.0,0.0,0.31,0.0,0.0,-12.5845308303833,0.0,0.0,0.0,0.0,13.0,2.719998
NTUN,2759998,0.0,0.0,0.0,0.31,0.0,0.0,-12.617630958557129,0.0,0.0,0.0,0.0,13.0,2.759998
NTUN,2799998,0.0,0.0,0.0,0.35,0.0,0.0,-12.617630958557129,0.0,0.0,0.0,0.0,13.0,2.799998
NTUN,2839998,0.0,0.0,0.0,0.35,0.0,0.0,-12.617630958557129,0.0,0.0,0.0,0.0,13.0,2.839998
NTUN,2879998,0.0,0.0,0.0,0.44,0.0,0.0,-12.653241157531738,0.0,0.0,0.0,0.0,13.0,2.879998
NTUN,2919998,0.0,0.0,0.0,0.44,0.0,0.0,-12.653241157531738,0.0,0.0,0.0,0.0,13.0,2.919998
NTUN,2959998,0.0,0.0,0.0,0.44,0.0,0.0,-12.68925952911377,0.0,0.0,0.0,0.0,13.0,2.959998
NTUN,2999998,0.0,0.0,0.0,0.3,0.0,0.0,-12.68925952911377,0.0,0.0,0.0,0.0,13.0,2.999998
NTUN,3039998,0.0,0.0,0.0,0.3,0.0,0.0,-12.68925952911377,0.0,0.0,0.0,0.0,13.0,3.039998
NTUN,3079998,0.0,0.0,0.0,0.51,0.0,0.0,-12.725248336791992,0.0,0.0,0.0,0.0,13.0,3.079998
NTUN,3119998,0.0,0.0,0.0,0.51,0.0,0.0,-12.725248336791992,0.0,0.0,0.0,0.0,13.0,3.119998
NTUN,3159998,0.0,0.0,0.0,0.51,0.0,0.0,-12.762550354003906,0.0,0.0,0.0,0.0,13.0,3.159998
NTUN,3199998,0.0,0.0,0.0,0.51,0.0,0.0,-12.762550354003906,0.0,0.0,0.0,0.0,13.0,3.199998
NTUN,3239998,0.0,0.0,0.0,0.51,0.0,0.0,-12.762550354003906,0.0,0.0,0.0,0.0,13.0,3.239998
NTUN,3279998,0.0,0.0,0.0,0.39,0.0,0.0,-12.799887657165527,0.0,0.0,0.0,0.0,13.0,3.279998
NTUN,3319998,0.0,0.0,0.0,0.39,0.0,0.0,-12.799887657165527,0.0,0.0,0.0,0.0,13.0,3.319998
NTUN,3359998,0.0,0.0,0.0,0.39,0.0,0.0,-12.833856582641602,0.0,0.0,0.0,0.0,13.0,3.359998
NTUN,3399998,0.0,0.0,0.0,0.57,0.0,0.0,-12.833856582641602,0.0,0.0,0.0,0.0,13.0,3.399998
NTUN,3439998,0.0,0.0,0.0,0.57,0.0,0.0,-12.833856582641602,0.0,0.0,0.0,0.0,13.0,3.439998
NTUN,3479998,0.0,0.0,0.0,0.6,0.0,0.0,-12.869600296020508,0.0,0.0,0.0,0.0,13.0,3.479998
NTUN,3519998,0.0,0.0,0.0,0.6,0.0,0.0,-12.869600296020508,0.0,0.0,0.0,0.0,13.0,3.519998
NTUN,3559998,0.0,0.0,0.0,0.6,0.0,0.0,-12.90099048614502,0.0,0.0,0.0,0.0,13.0,3.559998
NTUN,3599998,0.0,0.0,0.0,0.52,0.0,0.0,-12.90099048614502,0.0,0.0,0.0,0.0,13.0,3.599998
NTUN,3639998,0.0,0.0,0.0,0.52,0.0,0.0,-12.90099048614502,0.0,0.0,0.0,0.0,13.0,3.639998
NTUN,3679998,0.0,0.0,0.0,0.59,0.0,0.0,-12.932880401611328,0.0,0.0,0.0,0.0,13.0,3.679998
NTUN,3719998,0.0,0.0,0.0,0.59,0.0,0.0,-12.932880401611328,0.0,0.0,0.0,0.0,13.0,3.719998
NTUN,3759998,0.0,0.0,0.0,0.59,0.0,0.0,-12.966829299926758,0.0,0.0,0.0,0.0,13.0,3.759998
NTUN,3799998,0.0,0.0,0.0,0.71,0.0,0.0,-12.966829299926758,0.0,0.0,0.0,0.0,13.0,3.799998
NTUN,3839998,0.0,0.0,0.0,0.71,0.0,0.0,-12.966829299926758,0.0,0.0,0.0,0.0,13.0,3.839998
NTUN,3879998,0.0,0.0,0.0,0.62,0.0,0.0,-12.996058464050293,0.0,0.0,0.0,0.0,13.0,3.879998
NTUN,3919998,0.0,0.0,0.0,0.62,0.0,0.0,-12.996058464050293,0.0,0.0,0.0,0.0,13.0,3.919998
NTUN,3959998,0.0,0.0,0.0,0.62,0.0,0.0,-13.022843360900879,0.0,0.0,0.0,0.0,13.0,3.959998
NTUN,4019996,0.0,0.0,0.0,0.88,0.0,0.0,-13.022843360900879,0.0,0.0,0.0,0.0,13.0,4.019996
NTUN,4079993,0.0,0.0,0.0,0.88,0.0,0.0,-13.022843360900879,0.0,0.0,0.0,0.0,13.0,4.079993
NTUN,4139990,0.0,0.0,0.0,0.88,0.0,0.0,-13.049796104431152,0.0,0.0,0.0,0.0,13.0,4.13999
NTUN,4199988,0.0,0.0,0.0,0.88,0.0,0.0,-13.049796104431152,0.0,0.0,0.0,0.0,13.0,4.199988
NTUN,4239988,0.0,0.0,0.0,0.88,0.0,0.0,-13.075302124023438,0.0,0.0,0.0,0.0,13.0,4.239988
NTUN,4279988,0.0,0.0,0.0,0.79,0.0,0.0,-13.075302124023438,0.0,0.0,0.0,0.0,13.0,4.279988
NTUN,4319988,0.0,0.0,0.0,0.79,0.0,0.0,-13.075302124023438,0.0,0.0,0.0,0.0,13.0,4.319988
NTUN,4359988,0.0,0.0,0.0,0.89,0.0,0.0,-13.102493286132812,0.0,0.0,0.0,0.0,13.0,4.359988
NTUN,4399988,0.0,0.0,0.0,0.89,0.0,0.0,-13.102493286132812,0.0,0.0,0.0,0.0,13.0,4.399988
NTUN,4439988,0.0,0.0,0.0,0.89,0.0,0.0,-13.128049850463867,0.0,0.0,0.0,0.0,13.0,4.439988
NTUN,4479988,0.0,0.0,0.0,1.02,0.0,0.0,-13.128049850463867,0.0,0.0,0.0,0.0,13.0,4.479988
NTUN,4519988,0.0,0.0,0.0,1.02,0.0,0.0,-13.128049850463867,0.0,0.0,0.0,0.0,13.0,4.519988
NTUN,4559988,0.0,0.0,0.0,0.81,0.0,0.0,-13.150443077087402,0.0,0.0,0.0,0.0,13.0,4.559988
NTUN,4599988,0.0,0.0,0.0,0.81,0.0,0.0,-13.150443077087402,0.0,0.0,0.0,0.0,13.0,4.599988
NTUN,4639988,0.0,0.0,0.0,0.81,0.0,0.0,-13.169454574584961,0.0,0.0,0.0,0.0,13.0,4.639988
NTUN,4679988,0.0,0.0,0.0,0.92,0.0,0.0,-13.169454574584961,0.0,0.0,0.0,0.0,13.0,4.679988
NTUN,4719988,0.0,0.0,0.0,0.92,0.0,0.0,-13.169454574584961,0.0,0.0,0.0,0.0,13.0,4.719988
NTUN,4759988,0.0,0.0,0.0,1.06,0.0,0.0,-13.182271003723145,0.0,0.0,0.0,0.0,13.0,4.759988
NTUN,4799988,0.0,0.0,0.0,1.06,0.0,0.0,-13.182271003723145,0.0,0.0,0.0,0.0,13.0,4.799988
NTUN,4839988,0.0,0.0,0.0,1.06,0.0,0.0,-13.196019172668457,0.0,0.0,0.0,0.0,13.0,4.839988
NTUN,4879988,0.0,0.0,0.0,1.13,0.0,0.0,-13.196019172668457,0.0,0.0,0.0,0.0,13.0,4.879988
NTUN,4919988,0.0,0.0,0.0,1.13,0.0,0.0,-13.196019172668457,0.0,0.0,0.0,0.0,13.0,4.919988
NTUN,4959988,0.0,0.0,0.0,0.99,0.0,0.0,-13.206327438354492,0.0,0.0,0.0,0.0,13.0,4.959988
NTUN,4999988,0.0,0.0,0.0,0.99,0.0,0.0,-13.206327438354492,0.0,0.0,0.0,0.0,13.0,4.999988
NTUN,5039988,0.0,0.0,0.0,0.99,0.0,0.0,-13.214509010314941,0.0,0.0,0.0,0.0,13.0,5.039988
NTUN,5079988,0.0,0.0,0.0,0.95,0.0,0.0,-13.214509010314941,0.0,0.0,0.0,0.0,13.0,5.079988
NTUN,5119988,0.0,0.0,0.0,0.95,0.0,0.0,-13.214509010314941,0.0,0.0,0.0,0.0,13.0,5.119988
NTUN,5159988,0.0,0.0,0.0,1.12,0.0,0.0,-13.218770027160645,0.0,0.0,0.0,0.0,13.0,5.159988
NTUN,5199988,0.0,0.0,0.0,1.12,0.0,0.0,-13.218770027160645,0.0,0.0,0.0,0.0,13.0,5.199988
NTUN,5239988,0.0,0.0,0.0,1.12,0.0,0.0,-13.222860336303711,0.0,0.0,0.0,0.0,13.0,5.239988
NTUN,5279988,0.0,0.0,0.0,1.12,0.0,0.0,-13.222860336303711,0.0,0.0,0.0,0.0,13.0,5.279988
NTUN,5319988,0.0,0.0,0.0,1.12,0.0,0.0,-13.222860336303711,0.0,0.0,0.0,0.0,13.0,5.319988
NTUN,5359988,0.0,0.0,0.0,1.17,0.0,0.0,-13.226178169250488,0.0,0.0,0.0,0.0,13.0,5.359988
NTUN,5399988,0.0,0.0,0.0,1.17,0.0,0.0,-13.226178169250488,0.0,0.0,0.0,0.0,13.0,5.399988
NTUN,5439988,0.0,0.0,0.0,1.17,0.0,0.0,-13.226592063903809,0.0,0.0,0.0,0.0,13.0,5.439988
NTUN,5479988,0.0,0.0,0.0,1.04,0.0,0.0,-13.226592063903809,0.0,0.0,0.0,0.0,13.0,5.479988
NTUN,5519988,0.0,0.0,0.0,1.04,0.0,0.0,-13.226592063903809,0.0,0.0,0.0,0.0,13.0,5.519988
NTUN,5559988,0.0,0.0,0.0,0.96,0.0,0.0,-13.224287033081055,0.0,0.0,0.0,0.0,13.0,5.559988
NTUN,5599988,0.0,0.0,0.0,0.96,0.0,0.0,-13.224287033081055,0.0,0.0,0.0,0.0,13.0,5.599988
NTUN,5639988,0.0,0.0,0.0,0.96,0.0,0.0,-13.219849586486816,0.0,0.0,0.0,0.0,13.0,5.639988
NTUN,5679988,0.0,0.0,0.0,1.14,0.0,0.0,-13.219849586486816,0.0,0.0,0.0,0.0,13.0,5.679988
NTUN,5719988,0.0,0.0,0.0,1.14,0.0,0.0,-13.219849586486816,0.0,0.0,0.0,0.0,13.0,5.719988
NTUN,5759988,0.0,0.0,0.0,0.99,0.0,0.0,-13.212843894958496,0.0,0.0,0.0,0.0,13.0,5.759988
NTUN,5799988,0.0,0.0,0.0,0.99,0.0,0.0,-13.212843894958496,0.0,0.0,0.0,0.0,13.0,5.799988
NTUN,5839988,0.0,0.0,0.0,0.99,0.0,0.0,-13.206315040588379,0.0,0.0,0.0,0.0,13.0,5.839988
NTUN,5879988,0.0,0.0,0.0,0.96,0.0,0.0,-13.206315040588379,0.0,0.0,0.0,0.0,13.0,5.879988
NTUN,5919988,0.0,0.0,0.0,0.96,0.0,0.0,-13.206315040588379,0.0,0.0,0.0,0.0,13.0,5.919988
NTUN,5959988,0.0,0.0,0.0,1.04,0.0,0.0,-13.196677207946777,0.0,0.0,0.0,0.0,13.0,5.959988
NTUN,5999988,0.0,0.0,0.0,1.04,0.0,0.0,-13.196677207946777,0.0,0.0,0.0,0.0,13.0,5.999988
NTUN,6039988,0.0,0.0,0.0,1.04,0.0,0.0,-13.18964958190918,0.0,0.0,0.0,0.0,13.0,6.039988
NTUN,6079988,0.0,0.0,0.0,0.91,0.0,0.0,-13.18964958190918,0.0,0.0,0.0,0.0,13.0,6.079988
NTUN,6119988,0.0,0.0,0.0,0.91,0.0,0.0,-13.18964958190918,0.0,0.0,0.0,0.0,13.0,6.119988
NTUN,6159988,0.0,0.0,0.0,1.12,0.0,0.0,-13.178241729736328,0.0,0.0,0.0,0.0,13.0,6.159988
NTUN,6199988,0.0,0.0,0.0,1.12,0.0,0.0,-13.178241729736328,0.0,0.0,0.0,0.0,13.0,6.199988
NTUN,6239988,0.0,0.0,0.0,1.12,0.0,0.0,-13.167462348937988,0.0,0.0,0.0,0.0,13.0,6.239988
NTUN,6279988,0.0,0.0,0.0,0.96,0.0,0.0,-13.167462348937988,0.0,0.0,0.0,0.0,13.0,6.279988
NTUN,6319988,0.0,0.0,0.0,0.96,0.0,0.0,-13.167462348937988,0.0,0.0,0.0,0.0,13.0,6.319988
NTUN,6359988,0.0,0.0,0.0,0.9,0.0,0.0,-13.15279769897461,0.0,0.0,0.0,0.0,13.0,6.359988
NTUN,6399988,0.0,0.0,0.0,0.9,0.0,0.0,-13.15279769897461,0.0,0.0,0.0,0.0,13.0,6.399988
NTUN,6439988,0.0,0.0,0.0,0.9,0.0,0.0,-13.140780448913574,0.0,0.0,0.0,0.0,13.0,6.439988
NTUN,6479988,0.0,0.0,0.0,1.01,0.0,0.0,-13.140780448913574,0.0,0.0,0.0,0.0,13.0,6.479988
NTUN,6519988,0.0,0.0,0.0,1.01,0.0,0.0,-13.140780448913574,0.0,0.0,0.0,0.0,13.0,6.519988
NTUN,6559988,0.0,0.0,0.0,0.79,0.0,0.0,-13.123245239257812,0.0,0.0,0.0,0.0,13.0,6.559988
NTUN,6599988,0.0,0.0,0.0,0.79,0.0,0.0,-13.123245239257812,0.0,0.0,0.0,0.0,13.0,6.599988
NTUN,6639988,0.0,0.0,0.0,0.79,0.0,0.0,-13.106637954711914,0.0,0.0,0.0,0.0,13.0,6.639988
NTUN,6679988,0.0,0.0,0.0,0.93,0.0,0.0,-13.106637954711914,0.0,0.0,0.0,0.0,13.0,6.679988
NTUN,6719988,0.0,0.0,0.0,0.93,0.0,0.0,-13.106637954711914,0.0,0.0,0.0,0.0,13.0,6.719988
NTUN,6759988,0.0,0.0,0.0,0.85,0.0,0.0,-13.091116905212402,0.0,0.0,0.0,0.0,13.0,6.759988
NTUN,6799988,0.0,0.0,0.0,0.85,0.0,0.0,-13.091116905212402,0.0,0.0,0.0,0.0,13.0,6.799988
NTUN,6839988,0.0,0.0,0.0,0.85,0.0,0.0,-13.073808670043945,0.0,0.0,0.0,0.0,13.0,6.839988
NTUN,6879988,0.0,0.0,0.0,0.77,0.0,0.0,-13.073808670043945,0.0,0.0,0.0,0.0,13.0,6.879988
NTUN,6919988,0.0,0.0,0.0,0.77,0.0,0.0,-13.073808670043945,0.0,0.0,0.0,0.0,13.0,6.919988
NTUN,6959988,0.0,0.0,0.0,0.76,0.0,0.0,-13.054121017456055,0.0,0.0,0.0,0.0,13.0,6.959988
NTUN,6999988,0.0,0.0,0.0,0.76,0.0,0.0,-13.054121017456055,0.0,0.0,0.0,0.0,13.0,6.999988
NTUN,7039988,0.0,0.0,0.0,0.76,0.0,0.0,-13.03747844696045,0.0,0.0,0.0,0.0,13.0,7.039988
NTUN,7079988,0.0,0.0,0.0,0.74,0.0,0.0,-13.03747844696045,0.0,0.0,0.0,0.0,13.0,7.079988
NTUN,7119988,0.0,0.0,0.0,0.74,0.0,0.0,-13.03747844696045,0.0,0.0,0.0,0.0,13.0,7.119988
NTUN,7159988,0.0,0.0,0.0,0.76,0.0,0.0,-13.017215728759766,0.0,0.0,0.0,0.0,13.0,7.159988
NTUN,7199988,0.0,0.0,0.0,0.76,0.0,0.0,-13.017215728759766,0.0,0.0,0.0,0.0,13.0,7.199988
NTUN,7239988,0.0,0.0,0.0,0.76,0.0,0.0,-12.99682331085205,0.0,0.0,0.0,0.0,13.0,7.239988
NTUN,7279988,0.0,0.0,0.0,0.71,0.0,0.0,-12.99682331085205,0.0,0.0,0.0,0.0,13.0,7.279988
NTUN,7319988,0.0,0.0,0.0,0.71,0.0,0.0,-12.99682331085205,0.0,0.0,0.0,0.0,13.0,7.319988
NTUN,7359988,0.0,0.0,0.0,0.61,0.0,0.0,-12.9788818359375,0.0,0.0,0.0,0.0,13.0,7.359988
NTUN,7399988,0.0,0.0,0.0,0.61,0.0,0.0,-12.9788818359375,0.0,0.0,0.0,0.0,13.0,7.399988
NTUN,7439988,0.0,0.0,0.0,0.61,0.0,0.0,-12.959076881408691,0.0,0.0,0.0,0.0,13.0,7.439988
NTUN,7479988,0.0,0.0,0.0,0.57,0.0,0.0,-12.959076881408691,0.0,0.0,0.0,0.0,13.0,7.479988
NTUN,7519988,0.0,0.0,0.0,0.57,0.0,0.0,-12.959076881408691,0.0,0.0,0.0,0.0,13.0,7.519988
NTUN,7559988,0.0,0.0,0.0,0.74,0.0,0.0,-12.939470291137695,0.0,0.0,0.0,0.0,13.0,7.559988
NTUN,7599988,0.0,0.0,0.0,0.74,0.0,0.0,-12.939470291137695,0.0,0.0,0.0,0.0,13.0,7.599988
NTUN,7639988,0.0,0.0,0.0,0.74,0.0,0.0,-12.921677589416504,0.0,0.0,0.0,0.0,13.0,7.639988
NTUN,7679988,0.0,0.0,0.0,0.52,0.0,0.0,-12.921677589416504,0.0,0.0,0.0,0.0,13.0,7.679988
NTUN,7719988,0.0,0.0,0.0,0.52,0.0,0.0,-12.921677589416504,0.0,0.0,0.0,0.0,13.0,7.719988
NTUN,7759988,0.0,0.0,0.0,0.54,0.0,0.0,-12.90647029876709,0.0,0.0,0.0,0.0,13.0,7.759988
NTUN,7799988,0.0,0.0,0.0,0.54,0.0,0.0,-12.90647029876709,0.0,0.0,0.0,0.0,13.0,7.799988
NTUN,7839988,0.0,0.0,0.0,0.54,0.0,0.0,-12.888221740722656,0.0,0.0,0.0,0.0,13.0,7.839988
NTUN,7879988,0.0,0.0,0.0,0.55,0.0,0.0,-12.888221740722656,0.0,0.0,0.0,0.0,13.0,7.879988
NTUN,7919988,0.0,0.0,0.0,0.55,0.0,0.0,-12.888221740722656,0.0,0.0,0.0,0.0,13.0,7.919988
NTUN,7959988,0.0,0.0,0.0,0.58,0.0,0.0,-12.872102737426758,0.0,0.0,0.0,0.0,13.0,7.959988
NTUN,7999988,0.0,0.0,0.0,0.58,0.0,0.0,-12.872102737426758,0.0,0.0,0.0,0.0,13.0,7.999988
NTUN,8039988,0.0,0.0,0.0,0.58,0.0,0.0,-12.855310440063477,0.0,0.0,0.0,0.0,13.0,8.039988
NTUN,8079988,0.0,0.0,0.0,0.46,0.0,0.0,-12.855310440063477,0.0,0.0,0.0,0.0,13.0,8.079988
NTUN,8119988,0.0,0.0,0.0,0.46,0.0,0.0,-12.855310440063477,0.0,0.0,0.0,0.0,13.0,8.119988
NTUN,8159988,0.0,0.0,0.0,0.61,0.0,0.0,-12.839234352111816,0.0,0.0,0.0,0.0,13.0,8.159988
NTUN,8199988,0.0,0.0,0.0,0.61,0.0,0.0,-12.839234352111816,0.0,0.0,0.0,0.0,13.0,8.199988
NTUN,8239988,0.0,0.0,0.0,0.61,0.0,0.0,-12.823486328125,0.0,0.0,0.0,0.0,13.0,8.239988
NTUN,8279988,0.0,0.0,0.0,0.5,0.0,0.0,-12.823486328125,0.0,0.0,0.0,0.0,13.0,8.279988
NTUN,8319988,0.0,0.0,0.0,0.5,0.0,0.0,-12.823486328125,0.0,0.0,0.0,0.0,13.0,8.319988
NTUN,8359988,0.0,0.0,0.0,0.61,0.0,0.0,-12.811942100524902,0.0,0.0,0.0,0.0,13.0,8.359988
NTUN,8399988,0.0,0.0,0.0,0.61,0.0,0.0,-12.811942100524902,0.0,0.0,0.0,0.0,13.0,8.399988
NTUN,8439988,0.0,0.0,0.0,0.61,0.0,0.0,-12.798940658569336,0.0,0.0,0.0,0.0,13.0,8.439988
NTUN,8479988,0.0,0.0,0.0,0.33,0.0,0.0,-12.798940658569336,0.0,0.0,0.0,0.0,13.0,8.479988
NTUN,8519988,0.0,0.0,0.0,0.33,0.0,0.0,-12.798940658569336,0.0,0.0,0.0,0.0,13.0,8.519988
NTUN,8559988,0.0,0.0,0.0,0.34,0.0,0.0,-12.787721633911133,0.0,0.0,0.0,0.0,13.0,8.559988
NTUN,8599988,0.0,0.0,0.0,0.34,0.0,0.0,-12.787721633911133,0.0,0.0,0.0,0.0,13.0,8.599988
NTUN,8639988,0.0,0.0,0.0,0.34,0.0,0.0,-12.77403450012207,0.0,0.0,0.0,0.0,13.0,8.639988
NTUN,8679988,0.0,0.0,0.0,0.31,0.0,0.0,-12.77403450012207,0.0,0.0,0.0,0.0,13.0,8.679988
NTUN,8719988,0.0,0.0,0.0,0.31,0.0,0.0,-12.77403450012207,0.0,0.0,0.0,0.0,13.0,8.719988
NTUN,8759988,0.0,0.0,0.0,0.32,0.0,0.0,-12.763616561889648,0.0,0.0,0.0,0.0,13.0,8.759988
NTUN,8799988,0.0,0.0,0.0,0.32,0.0,0.0,-12.763616561889648,0.0,0.0,0.0,0.0,13.0,8.799988
NTUN,8839988,0.0,0.0,0.0,0.32,0.0,0.0,-12.754483222961426,0.0,0.0,0.0,0.0,13.0,8.839988
NTUN,8879988,0.0,0.0,0.0,0.42,0.0,0.0,-12.754483222961426,0.0,0.0,0.0,0.0,13.0,8.879988
NTUN,8919988,0.0,0.0,0.0,0.42,0.0,0.0,-12.754483222961426,0.0,0.0,0.0,0.0,13.0,8.919988
NTUN,8959988,0.0,0.0,0.0,0.41,0.0,0.0,-12.743968963623047,0.0,0.0,0.0,0.0,13.0,8.959988
NTUN,8999988,0.0,0.0,0.0,0.41,0.0,0.0,-12.743968963623047,0.0,0.0,0.0,0.0,13.0,8.999988
NTUN,9039988,0.0,0.0,0.0,0.41,0.0,0.0,-12.738442420959473,0.0,0.0,0.0,0.0,13.0,9.039988
NTUN,9079988,0.0,0.0,0.0,0.17,0.0,0.0,-12.738442420959473,0.0,0.0,0.0,0.0,13.0,9.079988
NTUN,9119988,0.0,0.0,0.0,0.17,0.0,0.0,-12.738442420959473,0.0,0.0,0.0,0.0,13.0,9.119988
NTUN,9159988,0.0,0.0,0.0,0.44,0.0,0.0,-12.730537414550781,0.0,0.0,0.0,0.0,13.0,9.159988
NTUN,9199988,0.0,0.0,0.0,0.44,0.0,0.0,-12.730537414550781,0.0,0.0,0.0,0.0,13.0,9.199988
NTUN,9239988,0.0,0.0,0.0,0.44,0.0,0.0,-12.72655200958252,0.0,0.0,0.0,0.0,13.0,9.239988
NTUN,9279988,0.0,0.0,0.0,0.32,0.0,0.0,-12.72655200958252,0.0,0.0,0.0,0.0,13.0,9.279988
NTUN,9319988,0.0,0.0,0.0,0.32,0.0,0.0,-12.72655200958252,0.0,0.0,0.0,0.0,13.0,9.319988
NTUN,9359988,0.0,0.0,0.0,0.28,0.0,0.0,-12.723488807678223,0.0,0.0,0.0,0.0,13.0,9.359988
NTUN,9399988,0.0,0.0,0.0,0.28,0.0,0.0,-12.723488807678223,0.0,0.0,0.0,0.0,13.0,9.399988
NTUN,9439988,0.0,0.0,0.0,0.28,0.0,0.0,-12.717546463012695,0.0,0.0,0.0,0.0,13.0,9.439988
NTUN,9479988,0.0,0.0,0.0,0.1,0.0,0.0,-12.717546463012695,0.0,0.0,0.0,0.0,13.0,9.479988
NTUN,9519988,0.0,0.0,0.0,0.1,0.0,0.0,-12.717546463012695,0.0,0.0,0.0,0.0,13.0,9.519988
NTUN,9559988,0.0,0.0,0.0,0.35,0.0,0.0,-12.716134071350098,0.0,0.0,0.0,0.0,13.0,9.559988
NTUN,9599988,0.0,0.0,0.0,0.35,0.0,0.0,-12.716134071350098,0.0,0.0,0.0,0.0,13.0,9.599988
NTUN,9639988,0.0,0.0,0.0,0.35,0.0,0.0,-12.714912414550781,0.0,0.0,0.0,0.0,13.0,9.639988
NTUN,9679988,0.0,0.0,0.0,0.35,0.0,0.0,-12.714912414550781,0.0,0.0,0.0,0.0,13.0,9.679988
NTUN,9719988,0.0,0.0,0.0,0.35,0.0,0.0,-12.714912414550781,0.0,0.0,0.0,0.0,13.0,9.719988
NTUN,9759988,0.0,0.0,0.0,0.34,0.0,0.0,-12.714950561523438,0.0,0.0,0.0,0.0,13.0,9.759988
NTUN,9799988,0.0,0.0,0.0,0.34,0.0,0.0,-12.714950561523438,0.0,0.0,0.0,0.0,13.0,9.799988
NTUN,9839988,0.0,0.0,0.0,0.34,0.0,0.0,-12.715632438659668,0.0,0.0,0.0,0.0,13.0,9.839988
NTUN,9879988,0.0,0.0,0.0,0.27,0.0,0.0,-12.715632438659668,0.0,0.0,0.0,0.0,13.0,9.879988
NTUN,9919988,0.0,0.0,0.0,0.27,0.0,0.0,-12.715632438659668,0.0,0.0,0.0,0.0,13.0,9.919988
NTUN,9959988,0.0,0.0,0.0,0.1,0.0,0.0,-12.71676254272461,0.0,0.0,0.0,0.0,13.0,9.959988
NTUN,9999988,0.0,0.0,0.0,0.1,0.0,0.0,-12.71676254272461,0.0,0.0,0.0,0.0,13.0,9.999988
NTUN,10039988,0.0,0.0,0.0,0.1,0.0,0.0,-12.7152099609375,0.0,0.0,0.0,0.0,13.0,10.039988
NTUN,10079988,0.0,0.0,0.0,0.24,0.0,0.0,-12.7152099609375,0.0,0.0,0.0,0.0,13.0,10.079988
NTUN,10119988,0.0,0.0,0.0,0.24,0.0,0.0,-12.7152099609375,0.0,0.0,0.0,0.0,13.0,10.119988
NTUN,10159988,0.0,0.0,0.0,0.31,0.0,0.0,-12.719565391540527,0.0,0.0,0.0,0.0,13.0,10.159988
NTUN,10199988,0.0,0.0,0.0,0.31,0.0,0.0,-12.719565391540527,0.0,0.0,0.0,0.0,13.0,10.199988
NTUN,10239988,0.0,0.0,0.0,0.31,0.0,0.0,-12.719783782958984,0.0,0.0,0.0,0.0,13.0,10.239988
NTUN,10279988,0.0,0.0,0.0,0.24,0.0,0.0,-12.719783782958984,0.0,0.0,0.0,0.0,13.0,10.279988
NTUN,10319988,0.0,0.0,0.0,0.24,0.0,0.0,-12.719783782958984,0.0,0.0,0.0,0.0,13.0,10.319988
NTUN,10359988,0.0,0.0,0.0,0.05,0.0,0.0,-12.725735664367676,0.0,0.0,0.0,0.0,13.0,10.359988
NTUN,10399988,0.0,0.0,0.0,0.05,0.0,0.0,-12.725735664367676,0.0,0.0,0.0,0.0,13.0,10.399988
NTUN,10439988,0.0,0.0,0.0,0.05,0.0,0.0,-12.729744911193848,0.0,0.0,0.0,0.0,13.0,10.439988
NTUN,10479988,0.0,0.0,0.0,0.15,0.0,0.0,-12.729744911193848,0.0,0.0,0.0,0.0,13.0,10.479988
NTUN,10519988,0.0,0.0,0.0,0.15,0.0,0.0,-12.729744911193848,0.0,0.0,0.0,0.0,13.0,10.519988
NTUN,10559988,1.5250681638717651,0.0,0.0,0.02,0.0,0.0,-12.735560417175293,39.9053933,116.4074,119.45,0.0,13.0,10.559988
NTUN,10599988,1.5250681638717651,0.0,0.0,0.02,0.0,0.0,-12.735560417175293,39.9053933,116.4074,119.45,0.0,13.0,10.599988
NTUN,10639988,2.8052477836608887,0.0,0.0,0.02,0.0,0.0,-12.739274024963379,39.9053933,116.4074,119.45,0.0,13.0,10.639988
NTUN,10679988,2.8052477836608887,0.0,0.0,0.05,0.0,0.0,-12.739274024963379,39.9053933,116.4074,119.45,0.0,13.0,10.679988
NTUN,10719988,2.8052477836608887,0.0,0.0,0.05,0.0,0.0,-12.739274024963379,39.9053933,116.4074,119.45,0.0,13.0,10.719988
NTUN,10759988,4.096533298492432,0.0,0.0,0.17,0.0,0.0,-12.746268272399902,39.9053933,116.4074,119.45,0.0,13.0,10.759988
NTUN,10799988,4.096533298492432,0.0,0.0,0.17,0.0,0.0,-12.746268272399902,39.9053933,116.4074,119.45,0.0,13.0,10.799988
NTUN,10839988,5.376700401306152,0.0,0.0,0.17,0.0,0.0,-12.75393295288086,39.9053933,116.4074,119.45,0.0,13.0,10.839988
NTUN,10879988,5.376700401306152,0.0,0.0,0.13,0.0,0.0,-12.75393295288086,39.9053933,116.4074,119.45,0.0,13.0,10.879988
NTUN,10919988,5.376700401306152,0.0,0.0,0.13,0.0,0.0,-12.75393295288086,39.9053933,116.4074,119.45,0.0,13.0,10.919988
NTUN,10959988,6.656872272491455,0.0,0.0,0.19,0.0,0.0,-12.760218620300293,39.9053933,116.4074,119.45,0.0,13.0,10.959988
NTUN,10999988,6.656872272491455,0.0,0.0,0.19,0.0,0.0,-12.760218620300293,39.9053933,116.4074,119.45,0.0,13.0,10.999988
NTUN,11039988,7.937052249908447,0.0,0.0,0.19,0.0,0.0,-12.766617774963379,39.9053933,116.4074,119.45,0.0,13.0,11.039988
NTUN,11079988,7.937052249908447,0.0,0.0,0.29,0.0,0.0,-12.766617774963379,39.9053933,116.4074,119.45,0.0,13.0,11.079988
NTUN,11119988,7.937052249908447,0.0,0.0,0.29,0.0,0.0,-12.766617774963379,39.9053933,116.4074,119.45,0.0,13.0,11.119988
NTUN,11159988,9.20606803894043,0.0,0.0,0.18,0.0,0.0,-12.776018142700195,39.9053933,116.4074,119.45,0.0,13.0,11.159988
NTUN,11199988,9.20606803894043,0.0,0.0,0.18,0.0,0.0,-12.776018142700195,39.9053933,116.4074,119.45,0.0,13.0,11.199988
NTUN,11239988,10.497370719909668,0.0,0.0,0.18,0.0,0.0,-12.781270980834961,39.9053933,116.4074,119.45,0.0,13.0,11.239988
NTUN,11279988,10.497370719909668,0.0,0.0,0.19,0.0,0.0,-12.781270980834961,39.9053933,116.4074,119.45,0.0,13.0,11.279988
NTUN,11319988,10.497370719909668,0.0,0.0,0.19,0.0,0.0,-12.781270980834961,39.9053933,116.4074,119.45,0.0,13.0,11.319988
NTUN,11359988,11.777533531188965,0.0,0.0,0.26,0.0,0.0,-12.790129661560059,39.9053933,116.4074,119.45,0.0,13.0,11.359988
NTUN,11399988,11.777533531188965,0.0,0.0,0.26,0.0,0.0,-12.790129661560059,39.9053933,116.4074,119.45,0.0,13.0,11.399988
NTUN,11439988,13.068835258483887,0.0,0.0,0.26,0.0,0.0,-12.798460960388184,39.9053933,116.4074,119.45,0.0,13.0,11.439988
NTUN,11479988,13.068835258483887,0.0,0.0,0.15,0.0,0.0,-12.798460960388184,39.9053933,116.4074,119.45,0.0,13.0,11.479988
NTUN,11519988,13.068835258483887,0.0,0.0,0.15,0.0,0.0,-12.798460960388184,39.9053933,116.4074,119.45,0.0,13.0,11.519988
NTUN,11559988,14.326735496520996,0.0,0.0,0.21,0.0,0.0,-12.804963111877441,39.9053933,116.4074,119.45,0.0,13.0,11.559988
NTUN,11599988,14.326735496520996,0.0,0.0,0.21,0.0,0.0,-12.804963111877441,39.9053933,116.4074,119.45,0.0,13.0,11.599988
NTUN,11639988,15.606904029846191,0.0,0.0,0.21,0.0,0.0,-12.812281608581543,39.9053933,116.4074,119.45,0.0,13.0,11.639988
NTUN,11679988,15.606904029846191,0.0,0.0,0.2,0.0,0.0,-12.812281608581543,39.9053933,116.4074,119.45,0.0,13.0,11.679988
NTUN,11719988,15.606904029846191,0.0,0.0,0.2,0.0,0.0,-12.812281608581543,39.9053933,116.4074,119.45,0.0,13.0,11.719988
NTUN,11759988,16.92046356201172,0.0,0.0,0.17,0.0,0.0,-12.822392463684082,39.9053933,116.4074,119.45,0.0,13.0,11.759988
NTUN,11799988,16.92046356201172,0.0,0.0,0.17,0.0,0.0,-12.822392463684082,39.9053933,116.4074,119.45,0.0,13.0,11.799988
NTUN,11839988,18.211763381958008,0.0,0.0,0.17,0.0,0.0,-12.830364227294922,39.9053933,116.4074,119.45,0.0,13.0,11.839988
NTUN,11879988,18.211763381958008,0.0,0.0,0.27,0.0,0.0,-12.830364227294922,39.9053933,116.4074,119.45,0.0,13.0,11.879988
NTUN,11919988,18.211763381958008,0.0,0.0,0.27,0.0,0.0,-12.830364227294922,39.9053933,116.4074,119.45,0.0,13.0,11.919988
NTUN,11959988,19.49193000793457,0.0,0.0,0.3,0.0,0.0,-12.8400297164917,39.9053933,116.4074,119.45,0.0,13.0,11.959988
NTUN,11999988,19.49193000793457,0.0,0.0,0.3,0.0,0.0,-12.8400297164917,39.9053933,116.4074,119.45,0.0,13.0,11.999988
NTUN,12039988,20.78322982788086,0.0,0.0,0.3,0.0,0.0,-12.847105979919434,39.9053933,116.4074,119.45,0.0,13.0,12.039988
NTUN,12079988,20.78322982788086,0.0,0.0,0.25,0.0,0.0,-12.847105979919434,39.9053933,116.4074,119.45,0.0,13.0,12.079988
NTUN,12119988,20.78322982788086,0.0,0.0,0.25,0.0,0.0,-12.847105979919434,39.9053933,116.4074,119.45,0.0,13.0,12.119988
NTUN,12159988,22.096790313720703,0.0,0.0,0.17,0.0,0.0,-12.853676795959473,39.9053933,116.4074,119.45,0.0,13.0,12.159988
NTUN,12199988,22.096790313720703,0.0,0.0,0.17,0.0,0.0,-12.853676795959473,39.9053933,116.4074,119.45,0.0,13.0,12.199988
NTUN,12239988,23.388090133666992,0.0,0.0,0.17,0.0,0.0,-12.860429763793945,39.9053933,116.4074,119.45,0.0,13.0,12.239988
NTUN,12279988,23.388090133666992,0.0,0.0,0.27,0.0,0.0,-12.860429763793945,39.9053933,116.4074,119.45,0.0,13.0,12.279988
NTUN,12319988,23.388090133666992,0.0,0.0,0.27,0.0,0.0,-12.860429763793945,39.9053933,116.4074,119.45,0.0,13.0,12.319988
NTUN,12359988,24.668256759643555,0.0,0.0,0.29,0.0,0.0,-12.870220184326172,39.9053933,116.4074,119.45,0.0,13.0,12.359988
NTUN,12399988,24.668256759643555,0.0,0.0,0.29,0.0,0.0,-12.870220184326172,39.9053933,116.4074,119.45,0.0,13.0,12.399988
NTUN,12439988,25.948423385620117,0.0,0.0,0.29,0.0,0.0,-12.878106117248535,39.9053933,116.4074,119.45,0.0,13.0,12.439988
NTUN,12479988,25.948423385620117,0.0,0.0,0.2,0.0,0.0,-12.878106117248535,39.9053933,116.4074,119.45,0.0,13.0,12.479988
NTUN,12519988,25.948423385620117,0.0,0.0,0.2,0.0,0.0,-12.878106117248535,39.9053933,116.4074,119.45,0.0,13.0,12.519988
NTUN,12559988,27.250852584838867,0.0,0.0,0.16,0.0,0.0,-12.883088111877441,39.9053933,116.4074,119.45,0.0,13.0,12.559988
NTUN,12599988,27.250852584838867,0.0,0.0,0.16,0.0,0.0,-12.883088111877441,39.9053933,116.4074,119.45,0.0,13.0,12.599988
NTUN,12639988,28.53101921081543,0.0,0.0,0.16,0.0,0.0,-12.891313552856445,39.9053933,116.4074,119.45,0.0,13.0,12.639988
NTUN,12679988,28.53101921081543,0.0,0.0,0.25,0.0,0.0,-12.891313552856445,39.9053933,116.4074,119.45,0.0,13.0,12.679988
NTUN,12719988,28.53101921081543,0.0,0.0,0.25,0.0,0.0,-12.891313552856445,39.9053933,116.4074,119.45,0.0,13.0,12.719988
NTUN,12759988,29.844581604003906,0.0,0.0,0.09,0.0,0.0,-12.894862174987793,39.9053933,116.4074,119.45,0.0,13.0,12.759988
NTUN,12799988,29.844581604003906,0.0,0.0,0.09,0.0,0.0,-12.894862174987793,39.9053933,116.4074,119.45,0.0,13.0,12.799988
NTUN,12839988,31.135881423950195,0.0,0.0,0.09,0.0,0.0,-12.900101661682129,39.9053933,116.4074,119.45,0.0,13.0,12.839988
NTUN,12879988,31.135881423950195,0.0,0.0,0.11,0.0,0.0,-12.900101661682129,39.9053933,116.4074,119.45,0.0,13.0,12.879988
NTUN,12919988,31.135881423950195,0.0,0.0,0.11,0.0,0.0,-12.900101661682129,39.9053933,116.4074,119.45,0.0,13.0,12.919988
NTUN,12959988,32.427181243896484,0.0,0.0,0.28,0.0,0.0,-12.903985023498535,39.9053933,116.4074,119.45,0.0,13.0,12.959988
NTUN,12999988,32.427181243896484,0.0,0.0,0.28,0.0,0.0,-12.903985023498535,39.9053933,116.4074,119.45,0.0,13.0,12.999988
NTUN,13039988,33.71847915649414,0.0,0.0,0.28,0.0,0.0,-12.912158966064453,39.9053933,116.4074,119.45,0.0,13.0,13.039988
NTUN,13079988,33.71847915649414,0.0,0.0,0.11,0.0,0.0,-12.912158966064453,39.9053933,116.4074,119.45,0.0,13.0,13.079988
NTUN,13119988,33.71847915649414,0.0,0.0,0.11,0.0,0.0,-12.912158966064453,39.9053933,116.4074,119.45,0.0,13.0,13.119988
NTUN,13159988,35.032039642333984,0.0,0.0,0.25,0.0,0.0,-12.919270515441895,39.9053933,116.4074,119.45,0.0,13.0,13.159988
NTUN,13199988,35.032039642333984,0.0,0.0,0.25,0.0,0.0,-12.919270515441895,39.9053933,116.4074,119.45,0.0,13.0,13.199988
NTUN,13239988,36.32333755493164,0.0,0.0,0.25,0.0,0.0,-12.92451000213623,39.9053933,116.4074,119.45,0.0,13.0,13.239988
NTUN,13279988,36.32333755493164,0.0,0.0,0.13,0.0,0.0,-12.92451000213623,39.9053933,116.4074,119.45,0.0,13.0,13.279988
NTUN,13319988,36.32333755493164,0.0,0.0,0.13,0.0,0.0,-12.92451000213623,39.9053933,116.4074,119.45,0.0,13.0,13.319988
NTUN,13359988,37.625770568847656,0.0,0.0,0.12,0.0,0.0,-12.929085731506348,39.9053933,116.4074,119.45,0.0,13.0,13.359988
NTUN,13399988,37.625770568847656,0.0,0.0,0.12,0.0,0.0,-12.929085731506348,39.9053933,116.4074,119.45,0.0,13.0,13.399988
NTUN,13439988,38.91706848144531,0.0,0.0,0.12,0.0,0.0,-12.9319486618042,39.9053933,116.4074,119.45,0.0,13.0,13.439988
NTUN,13479988,38.91706848144531,0.0,0.0,0.08,0.0,0.0,-12.9319486618042,39.9053933,116.4074,119.45,0.0,13.0,13.479988
NTUN,13519988,38.91706848144531,0.0,0.0,0.08,0.0,0.0,-12.9319486618042,39.9053933,116.4074,119.45,0.0,13.0,13.519988
NTUN,13559988,40.21949768066406,0.0,0.0,0.22,0.0,0.0,-12.932580947875977,39.9053933,116.4074,119.45,0.0,13.0,13.559988
NTUN,13599988,40.21949768066406,0.0,0.0,0.22,0.0,0.0,-12.932580947875977,39.9053933,116.4074,119.45,0.0,13.0,13.599988
NTUN,13639988,41.52193069458008,0.0,0.0,0.22,0.0,0.0,-12.93688678741455,39.9053933,116.4074,119.45,0.0,13.0,13.639988
NTUN,13679988,41.52193069458008,0.0,0.0,0.19,0.0,0.0,-12.93688678741455,39.9053933,116.4074,119.45,0.0,13.0,13.679988
NTUN,13719988,41.52193069458008,0.0,0.0,0.19,0.0,0.0,-12.93688678741455,39.9053933,116.4074,119.45,0.0,13.0,13.719988
NTUN,13759988,42.813228607177734,0.0,0.0,0.25,0.0,0.0,-12.939400672912598,39.9053933,116.4074,119.45,0.0,13.0,13.759988
NTUN,13799988,42.813228607177734,0.0,0.0,0.25,0.0,0.0,-12.939400672912598,39.9053933,116.4074,119.45,0.0,13.0,13.799988
NTUN,13839988,44.10452651977539,0.0,0.0,0.25,0.0,0.0,-12.940316200256348,39.9053933,116.4074,119.45,0.0,13.0,13.839988
NTUN,13879988,44.10452651977539,0.0,0.0,0.13,0.0,0.0,-12.940316200256348,39.9053933,116.4074,119.45,0.0,13.0,13.879988
NTUN,13919988,44.10452651977539,0.0,0.0,0.13,0.0,0.0,-12.940316200256348,39.9053933,116.4074,119.45,0.0,13.0,13.919988
NTUN,13959988,45.418087005615234,0.0,0.0,0.24,0.0,0.0,-12.942030906677246,39.9053933,116.4074,119.45,0.0,13.0,13.959988
NTUN,13999988,45.418087005615234,0.0,0.0,0.24,0.0,0.0,-12.942030906677246,39.9053933,116.4074,119.45,0.0,13.0,13.999988
NTUN,14039988,46.72052001953125,0.0,0.0,0.24,0.0,0.0,-12.943610191345215,39.9053933,116.4074,119.45,0.0,13.0,14.039988
NTUN,14079988,46.72052001953125,0.0,0.0,0.15,0.0,0.0,-12.943610191345215,39.9053933,116.4074,119.45,0.0,13.0,14.079988
NTUN,14119988,46.72052001953125,0.0,0.0,0.15,0.0,0.0,-12.943610191345215,39.9053933,116.4074,119.45,0.0,13.0,14.119988
NTUN,14159988,48.00068664550781,0.0,0.0,0.36,0.0,0.0,-12.941849708557129,39.9053933,116.4074,119.45,0.0,13.0,14.159988
NTUN,14199988,48.00068664550781,0.0,0.0,0.36,0.0,0.0,-12.941849708557129,39.9053933,116.4074,119.45,0.0,13.0,14.199988
NTUN,14239988,49.30311584472656,0.0,0.0,0.36,0.0,0.0,-12.942896842956543,39.9053933,116.4074,119.45,0.0,13.0,14.239988
NTUN,14279988,49.30311584472656,0.0,0.0,0.3,0.0,0.0,-12.942896842956543,39.9053933,116.4074,119.45,0.0,13.0,14.279988
NTUN,14319988,49.30311584472656,0.0,0.0,0.3,0.0,0.0,-12.942896842956543,39.9053933,116.4074,119.45,0.0,13.0,14.319988
NTUN,14359988,50.61668014526367,0.0,0.0,0.24,0.0,0.0,-12.944592475891113,39.9053933,116.4074,119.45,0.0,13.0,14.359988
NTUN,14399988,50.61668014526367,0.0,0.0,0.24,0.0,0.0,-12.944592475891113,39.9053933,116.4074,119.45,0.0,13.0,14.399988
NTUN,14439988,51.91910934448242,0.0,0.0,0.24,0.0,0.0,-12.946163177490234,39.9053933,116.4074,119.45,0.0,13.0,14.439988
NTUN,14479988,51.91910934448242,0.0,0.0,0.12,0.0,0.0,-12.946163177490234,39.9053933,116.4074,119.45,0.0,13.0,14.479988
NTUN,14519988,51.91910934448242,0.0,0.0,0.12,0.0,0.0,-12.946163177490234,39.9053933,116.4074,119.45,0.0,13.0,14.519988
NTUN,14559988,53.199275970458984,0.0,0.0,0.28,0.0,0.0,-12.946544647216797,39.9053933,116.4074,119.45,0.0,13.0,14.559988
NTUN,14599988,53.199275970458984,0.0,0.0,0.28,0.0,0.0,-12.946544647216797,39.9053933,116.4074,119.45,0.0,13.0,14.599988
NTUN,14639988,54.501708984375,0.0,0.0,0.28,0.0,0.0,-12.946600914001465,39.9053933,116.4074,119.45,0.0,13.0,14.639988
NTUN,14679988,54.501708984375,0.0,0.0,0.17,0.0,0.0,-12.946600914001465,39.9053933,116.4074,119.45,0.0,13.0,14.679988
NTUN,14719988,54.501708984375,0.0,0.0,0.17,0.0,0.0,-12.946600914001465,39.9053933,116.4074,119.45,0.0,13.0,14.719988
NTUN,14759988,55.80413818359375,0.0,0.0,0.23,0.0,0.0,-12.941596984863281,39.9053933,116.4074,119.45,0.0,13.0,14.759988
NTUN,14799988,55.80413818359375,0.0,0.0,0.23,0.0,0.0,-12.941596984863281,39.9053933,116.4074,119.45,0.0,13.0,14.799988
NTUN,14839988,57.095436096191406,0.0,0.0,0.23,0.0,0.0,-12.940457344055176,39.9053933,116.4074,119.45,0.0,13.0,14.839988
NTUN,14879988,57.095436096191406,0.0,0.0,0.18,0.0,0.0,-12.940457344055176,39.9053933,116.4074,119.45,0.0,13.0,14.879988
NTUN,14919988,57.095436096191406,0.0,0.0,0.18,0.0,0.0,-12.940457344055176,39.9053933,116.4074,119.45,0.0,13.0,14.919988
NTUN,14959988,58.397865295410156,0.0,0.0,0.04,0.0,0.0,-12.939537048339844,39.9053933,116.4074,119.45,0.0,13.0,14.959988
NTUN,14999988,58.397865295410156,0.0,0.0,0.04,0.0,0.0,-12.939537048339844,39.9053933,116.4074,119.45,0.0,13.0,14.999988
NTUN,15039988,59.68916320800781,0.0,0.0,0.04,0.0,0.0,-12.935213088989258,39.9053933,116.4074,119.45,0.0,13.0,15.039988
NTUN,15079988,59.68916320800781,0.0,0.0,0.13,0.0,0.0,-12.935213088989258,39.9053933,116.4074,119.45,0.0,13.0,15.079988
NTUN,15119988,59.68916320800781,0.0,0.0,0.13,0.0,0.0,-12.935213088989258,39.9053933,116.4074,119.45,0.0,13.0,15.119988
NTUN,15159988,60.980464935302734,0.0,0.0,0.26,0.0,0.0,-12.933436393737793,39.9053933,116.4074,119.45,0.0,13.0,15.159988
NTUN,15199988,60.980464935302734,0.0,0.0,0.26,0.0,0.0,-12.933436393737793,39.9053933,116.4074,119.45,0.0,13.0,15.199988
NTUN,15239988,62.282894134521484,0.0,0.0,0.26,0.0,0.0,-12.929452896118164,39.9053933,116.4074,119.45,0.0,13.0,15.239988
NTUN,15279988,62.282894134521484,0.0,0.0,0.29,0.0,0.0,-12.929452896118164,39.9053933,116.4074,119.45,0.0,13.0,15.279988
NTUN,15319988,62.282894134521484,0.0,0.0,0.29,0.0,0.0,-12.929452896118164,39.9053933,116.4074,119.45,0.0,13.0,15.319988
NTUN,15359988,63.59645462036133,0.0,0.0,0.11,0.0,0.0,-12.928630828857422,39.9053933,116.4074,119.45,0.0,13.0,15.359988
NTUN,15399988,63.59645462036133,0.0,0.0,0.11,0.0,0.0,-12.928630828857422,39.9053933,116.4074,119.45,0.0,13.0,15.399988
NTUN,15439988,64.88775634765625,0.0,0.0,0.11,0.0,0.0,-12.925185203552246,39.9053933,116.4074,119.45,0.0,13.0,15.439988
NTUN,15479988,64.88775634765625,0.0,0.0,0.19,0.0,0.0,-12.925185203552246,39.9053933,116.4074,119.45,0.0,13.0,15.479988
NTUN,15519988,64.88775634765625,0.0,0.0,0.19,0.0,0.0,-12.925185203552246,39.9053933,116.4074,119.45,0.0,13.0,15.519988
NTUN,15559988,66.16792297363281,0.0,0.0,0.22,0.0,0.0,-12.922430992126465,39.9053933,116.4074,119.45,0.0,13.0,15.559988
NTUN,15599988,66.16792297363281,0.0,0.0,0.22,0.0,0.0,-12.922430992126465,39.9053933,116.4074,119.45,0.0,13.0,15.599988
NTUN,15639988,67.45922088623047,0.0,0.0,0.22,0.0,0.0,-12.920356750488281,39.9053933,116.4074,119.45,0.0,13.0,15.639988
NTUN,15679988,67.45922088623047,0.0,0.0,0.25,0.0,0.0,-12.920356750488281,39.9053933,116.4074,119.45,0.0,13.0,15.679988
NTUN,15719988,67.45922088623047,0.0,0.0,0.25,0.0,0.0,-12.920356750488281,39.9053933,116.4074,119.45,0.0,13.0,15.719988
NTUN,15759988,68.77278137207031,0.0,0.0,0.04,0.0,0.0,-12.914566040039062,39.9053933,116.4074,119.45,0.0,13.0,15.759988
NTUN,15799988,68.77278137207031,0.0,0.0,0.04,0.0,0.0,-12.914566040039062,39.9053933,116.4074,119.45,0.0,13.0,15.799988
NTUN,15839988,70.0640869140625,0.0,0.0,0.04,0.0,0.0,-12.911067962646484,39.9053933,116.4074,119.45,0.0,13.0,15.839988
NTUN,15879988,70.0640869140625,0.0,0.0,0.18,0.0,0.0,-12.911067962646484,39.9053933,116.4074,119.45,0.0,13.0,15.879988
NTUN,15919988,70.0640869140625,0.0,0.0,0.18,0.0,0.0,-12.911067962646484,39.9053933,116.4074,119.45,0.0,13.0,15.919988
NTUN,15959988,71.34424591064453,0.0,0.0,0.22,0.0,0.0,-12.908988952636719,39.9053933,116.4074,119.45,0.0,13.0,15.959988
NTUN,15999988,71.34424591064453,0.0,0.0,0.22,0.0,0.0,-12.908988952636719,39.9053933,116.4074,119.45,0.0,13.0,15.999988
NTUN,16039988,72.63554382324219,0.0,0.0,0.22,0.0,0.0,-12.906824111938477,39.9053933,116.4074,119.45,0.0,13.0,16.039988
NTUN,16079988,72.63554382324219,0.0,0.0,0.23,0.0,0.0,-12.906824111938477,39.9053933,116.4074,119.45,0.0,13.0,16.079988
NTUN,16119988,72.63554382324219,0.0,0.0,0.23,0.0,0.0,-12.906824111938477,39.9053933,116.4074,119.45,0.0,13.0,16.119988
NTUN,16159988,73.94911193847656,0.0,0.0,0.24,0.0,0.0,-12.900191307067871,39.9053933,116.4074,119.45,0.0,13.0,16.159988
NTUN,16199988,73.94911193847656,0.0,0.0,0.24,0.0,0.0,-12.900191307067871,39.9053933,116.4074,119.45,0.0,13.0,16.199988
NTUN,16239988,75.25154113769531,0.0,0.0,0.24,0.0,0.0,-12.89549732208252,39.9053933,116.4074,119.45,0.0,13.0,16.239988
NTUN,16279988,75.25154113769531,0.0,0.0,0.18,0.0,0.0,-12.89549732208252,39.9053933,116.4074,119.45,0.0,13.0,16.279988
NTUN,16319988,75.25154113769531,0.0,0.0,0.18,0.0,0.0,-12.89549732208252,39.9053933,116.4074,119.45,0.0,13.0,16.319988
NTUN,16359988,76.53170776367188,0.0,0.0,0.21,0.0,0.0,-12.891973495483398,39.9053933,116.4074,119.45,0.0,13.0,16.359988
NTUN,16399988,76.53170776367188,0.0,0.0,0.21,0.0,0.0,-12.891973495483398,39.9053933,116.4074,119.45,0.0,13.0,16.399988
NTUN,16439988,77.83413696289062,0.0,0.0,0.21,0.0,0.0,-12.888443946838379,39.9053933,116.4074,119.45,0.0,13.0,16.439988
NTUN,16479988,77.83413696289062,0.0,0.0,0.07,0.0,0.0,-12.888443946838379,39.9053933,116.4074,119.45,0.0,13.0,16.479988
NTUN,16519988,77.83413696289062,0.0,0.0,0.07,0.0,0.0,-12.888443946838379,39.9053933,116.4074,119.45,0.0,13.0,16.519988
NTUN,16559988,79.11430358886719,0.0,0.0,-0.09,0.0,0.0,-12.887043952941895,39.9053933,116.4074,119.45,0.0,13.0,16.559988
NTUN,16599988,79.11430358886719,0.0,0.0,-0.09,0.0,0.0,-12.887043952941895,39.9053933,116.4074,119.45,0.0,13.0,16.599988
NTUN,16639988,80.39447021484375,0.0,0.0,-0.09,0.0,0.0,-12.883285522460938,39.9053933,116.4074,119.45,0.0,13.0,16.639988
NTUN,16679988,80.39447021484375,0.0,0.0,0.15,0.0,0.0,-12.883285522460938,39.9053933,116.4074,119.45,0.0,13.0,16.679988
NTUN,16719988,80.39447021484375,0.0,0.0,0.15,0.0,0.0,-12.883285522460938,39.9053933,116.4074,119.45,0.0,13.0,16.719988
NTUN,16759988,81.6857681274414,0.0,0.0,0.11,0.0,0.0,-12.878625869750977,39.9053933,116.4074,119.45,0.0,13.0,16.759988
NTUN,16799988,81.6857681274414,0.0,0.0,0.11,0.0,0.0,-12.878625869750977,39.9053933,116.4074,119.45,0.0,13.0,16.799988
NTUN,16839988,82.97706604003906,0.0,0.0,0.11,0.0,0.0,-12.87578296661377,39.9053933,116.4074,119.45,0.0,13.0,16.839988
NTUN,16879988,82.97706604003906,0.0,0.0,0.11,0.0,0.0,-12.87578296661377,39.9053933,116.4074,119.45,0.0,13.0,16.879988
NTUN,16919988,82.97706604003906,0.0,0.0,0.11,0.0,0.0,-12.87578296661377,39.9053933,116.4074,119.45,0.0,13.0,16.919988
NTUN,16959988,84.26836395263672,0.0,0.0,-0.12,0.0,0.0,-12.873416900634766,39.9053933,116.4074,119.45,0.0,13.0,16.959988
NTUN,16999988,84.26836395263672,0.0,0.0,-0.12,0.0,0.0,-12.873416900634766,39.9053933,116.4074,119.45,0.0,13.0,16.999988
NTUN,17039988,85.55966186523438,0.0,0.0,-0.12,0.0,0.0,-12.868613243103027,39.9053933,116.4074,119.45,0.0,13.0,17.039988
NTUN,17079988,85.55966186523438,0.0,0.0,-0.03,0.0,0.0,-12.868613243103027,39.9053933,116.4074,119.45,0.0,13.0,17.079988
NTUN,17119988,85.55966186523438,0.0,0.0,-0.03,0.0,0.0,-12.868613243103027,39.9053933,116.4074,119.45,0.0,13.0,17.119988
NTUN,17159988,86.83982849121094,0.0,0.0,0.07,0.0,0.0,-12.86696720123291,39.9053933,116.4074,119.45,0.0,13.0,17.159988
NTUN,17199988,86.83982849121094,0.0,0.0,0.07,0.0,0.0,-12.86696720123291,39.9053933,116.4074,119.45,0.0,13.0,17.199988
NTUN,17239988,88.1199951171875,0.0,0.0,0.07,0.0,0.0,-12.862137794494629,39.9053933,116.4074,119.45,0.0,13.0,17.239988
NTUN,17279988,88.1199951171875,0.0,0.0,0.09,0.0,0.0,-12.862137794494629,39.9053933,116.4074,119.45,0.0,13.0,17.279988
NTUN,17319988,88.1199951171875,0.0,0.0,0.09,0.0,0.0,-12.862137794494629,39.9053933,116.4074,119.45,0.0,13.0,17.319988
NTUN,17359988,89.43356323242188,0.0,0.0,-0.01,0.0,0.0,-12.860118865966797,39.9053933,116.4074,119.45,0.0,13.0,17.359988
NTUN,17399988,89.43356323242188,0.0,0.0,-0.01,0.0,0.0,-12.860118865966797,39.9053933,116.4074,119.45,0.0,13.0,17.399988
NTUN,17439988,90.71372985839844,0.0,0.0,-0.01,0.0,0.0,-12.857648849487305,39.9053933,116.4074,119.45,0.0,13.0,17.439988
NTUN,17479988,90.71372985839844,0.0,0.0,-0.15,0.0,0.0,-12.857648849487305,39.9053933,116.4074,119.45,0.0,13.0,17.479988
NTUN,17519988,90.71372985839844,0.0,0.0,-0.15,0.0,0.0,-12.857648849487305,39.9053933,116.4074,119.45,0.0,13.0,17.519988
NTUN,17559988,92.02729034423828,0.0,0.0,-0.02,0.0,0.0,-12.857853889465332,39.9053933,116.4074,119.45,0.0,13.0,17.559988
NTUN,17599988,92.02729034423828,0.0,0.0,-0.02,0.0,0.0,-12.857853889465332,39.9053933,116.4074,119.45,0.0,13.0,17.599988
NTUN,17639988,93.31858825683594,0.0,0.0,-0.02,0.0,0.0,-12.856311798095703,39.9053933,116.4074,119.45,0.0,13.0,17.639988
NTUN,17679988,93.31858825683594,0.0,0.0,-0.07,0.0,0.0,-12.856311798095703,39.9053933,116.4074,119.45,0.0,13.0,17.679988
NTUN,17719988,93.31858825683594,0.0,0.0,-0.07,0.0,0.0,-12.856311798095703,39.9053933,116.4074,119.45,0.0,13.0,17.719988
NTUN,17759988,94.5987548828125,0.0,0.0,0.0,0.0,0.0,-12.852885246276855,39.9053933,116.4074,119.45,0.0,13.0,17.759988
NTUN,17799988,94.5987548828125,0.0,0.0,0.0,0.0,0.0,-12.852885246276855,39.9053933,116.4074,119.45,0.0,13.0,17.799988
NTUN,17839988,95.89005279541016,0.0,0.0,0.0,0.0,0.0,-12.852705001831055,39.9053933,116.4074,119.45,0.0,13.0,17.839988
NTUN,17879988,95.89005279541016,0.0,0.0,-0.21,0.0,0.0,-12.852705001831055,39.9053933,116.4074,119.45,0.0,13.0,17.879988
NTUN,17919988,95.89005279541016,0.0,0.0,-0.21,0.0,0.0,-12.852705001831055,39.9053933,116.4074,119.45,0.0,13.0,17.919988
NTUN,17959988,97.18135070800781,0.0,0.0,-0.02,0.0,0.0,-12.852685928344727,39.9053933,116.4074,119.45,0.0,13.0,17.959988
NTUN,17999988,97.18135070800781,0.0,0.0,-0.02,0.0,0.0,-12.852685928344727,39.9053933,116.4074,119.45,0.0,13.0,17.999988
NTUN,18039988,98.47264862060547,0.0,0.0,-0.02,0.0,0.0,-12.848456382751465,39.9053933,116.4074,119.45,0.0,13.0,18.039988
NTUN,18079988,98.47264862060547,0.0,0.0,0.04,0.0,0.0,-12.848456382751465,39.9053933,116.4074,119.45,0.0,13.0,18.079988
NTUN,18119988,98.47264862060547,0.0,0.0,0.04,0.0,0.0,-12.848456382751465,39.9053933,116.4074,119.45,0.0,13.0,18.119988
NTUN,18159988,99.76394653320312,0.0,0.0,0.03,0.0,0.0,-12.847965240478516,39.9053933,116.4074,119.45,0.0,13.0,18.159988
NTUN,18199988,99.76394653320312,0.0,0.0,0.03,0.0,0.0,-12.847965240478516,39.9053933,116.4074,119.45,0.0,13.0,18.199988
NTUN,18239988,101.05524444580078,0.0,0.0,0.03,0.0,0.0,-12.848587989807129,39.9053933,116.4074,119.45,0.0,13.0,18.239988
NTUN,18279988,101.05524444580078,0.0,0.0,-0.09,0.0,0.0,-12.848587989807129,39.9053933,116.4074,119.45,0.0,13.0,18.279988
NTUN,18319988,101.05524444580078,0.0,0.0,-0.09,0.0,0.0,-12.848587989807129,39.9053933,116.4074,119.45,0.0,13.0,18.319988
NTUN,18359988,102.32427978515625,0.0,0.0,-0.17,0.0,0.0,-12.8452787399292,39.9053933,116.4074,119.45,0.0,13.0,18.359988
NTUN,18399988,102.32427978515625,0.0,0.0,-0.17,0.0,0.0,-12.8452787399292,39.9053933,116.4074,119.45,0.0,13.0,18.399988
NTUN,18439988,103.60444641113281,0.0,0.0,-0.17,0.0,0.0,-12.846065521240234,39.9053933,116.4074,119.45,0.0,13.0,18.439988
NTUN,18479988,103.60444641113281,0.0,0.0,-0.13,0.0,0.0,-12.846065521240234,39.9053933,116.4074,119.45,0.0,13.0,18.479988
NTUN,18519988,103.60444641113281,0.0,0.0,-0.13,0.0,0.0,-12.846065521240234,39.9053933,116.4074,119.45,0.0,13.0,18.519988
NTUN,18559988,104.9068832397461,0.0,0.0,-0.12,0.0,0.0,-12.844144821166992,39.9053933,116.4074,119.45,0.0,13.0,18.559988
NTUN,18599988,104.9068832397461,0.0,0.0,-0.12,0.0,0.0,-12.844144821166992,39.9053933,116.4074,119.45,0.0,13.0,18.599988
NTUN,18639988,106.19818115234375,0.0,0.0,-0.12,0.0,0.0,-12.846141815185547,39.9053933,116.4074,119.45,0.0,13.0,18.639988
NTUN,18679988,106.19818115234375,0.0,0.0,-0.22,0.0,0.0,-12.846141815185547,39.9053933,116.4074,119.45,0.0,13.0,18.679988
NTUN,18719988,106.19818115234375,0.0,0.0,-0.22,0.0,0.0,-12.846141815185547,39.9053933,116.4074,119.45,0.0,13.0,18.719988
NTUN,18759988,107.47834777832031,0.0,0.0,-0.27,0.0,0.0,-12.845282554626465,39.9053933,116.4074,119.45,0.0,13.0,18.759988
NTUN,18799988,107.47834777832031,0.0,0.0,-0.27,0.0,0.0,-12.845282554626465,39.9053933,116.4074,119.45,0.0,13.0,18.799988
NTUN,18839988,108.76964569091797,0.0,0.0,-0.27,0.0,0.0,-12.847013473510742,39.9053933,116.4074,119.45,0.0,13.0,18.839988
NTUN,18879988,108.76964569091797,0.0,0.0,-0.28,0.0,0.0,-12.847013473510742,39.9053933,116.4074,119.45,0.0,13.0,18.879988
NTUN,18919988,108.76964569091797,0.0,0.0,-0.28,0.0,0.0,-12.847013473510742,39.9053933,116.4074,119.45,0.0,13.0,18.919988
NTUN,18959988,110.04981231689453,0.0,0.0,-0.16,0.0,0.0,-12.84814453125,39.9053933,116.4074,119.45,0.0,13.0,18.959988
NTUN,18999988,110.04981231689453,0.0,0.0,-0.16,0.0,0.0,-12.84814453125,39.9053933,116.4074,119.45,0.0,13.0,18.999988
NTUN,19039988,111.3299789428711,0.0,0.0,-0.16,0.0,0.0,-12.846756935119629,39.9053933,116.4074,119.45,0.0,13.0,19.039988
NTUN,19079988,111.3299789428711,0.0,0.0,-0.25,0.0,0.0,-12.846756935119629,39.9053933,116.4074,119.45,0.0,13.0,19.079988
NTUN,19119988,111.3299789428711,0.0,0.0,-0.25,0.0,0.0,-12.846756935119629,39.9053933,116.4074,119.45,0.0,13.0,19.119988
NTUN,19159988,112.62127685546875,0.0,0.0,-0.06,0.0,0.0,-12.847731590270996,39.9053933,116.4074,119.45,0.0,13.0,19.159988
NTUN,19199988,112.62127685546875,0.0,0.0,-0.06,0.0,0.0,-12.847731590270996,39.9053933,116.4074,119.45,0.0,13.0,19.199988
NTUN,19239988,113.90144348144531,0.0,0.0,-0.06,0.0,0.0,-12.849119186401367,39.9053933,116.4074,119.45,0.0,13.0,19.239988
NTUN,19279988,113.90144348144531,0.0,0.0,-0.28,0.0,0.0,-12.849119186401367,39.9053933,116.4074,119.45,0.0,13.0,19.279988
NTUN,19319988,113.90144348144531,0.0,0.0,-0.28,0.0,0.0,-12.849119186401367,39.9053933,116.4074,119.45,0.0,13.0,19.319988
NTUN,19359988,115.21500396728516,0.0,0.0,-0.2,0.0,0.0,-12.85021686553955,39.9053933,116.4074,119.45,0.0,13.0,19.359988
NTUN,19399988,115.21500396728516,0.0,0.0,-0.2,0.0,0.0,-12.85021686553955,39.9053933,116.4074,119.45,0.0,13.0,19.399988
NTUN,19439988,116.5174331665039,0.0,0.0,-0.2,0.0,0.0,-12.851802825927734,39.9053933,116.4074,119.45,0.0,13.0,19.439988
NTUN,19479988,116.5174331665039,0.0,0.0,-0.24,0.0,0.0,-12.851802825927734,39.9053933,116.4074,119.45,0.0,13.0,19.479988
NTUN,19519988,116.5174331665039,0.0,0.0,-0.24,0.0,0.0,-12.851802825927734,39.9053933,116.4074,119.45,0.0,13.0,19.519988
NTUN,19559988,117.77533721923828,0.0,0.0,-0.11,0.0,0.0,-12.850225448608398,39.9053933,116.4074,119.45,0.0,13.0,19.559988
NTUN,19599988,117.77533721923828,0.0,0.0,-0.11,0.0,0.0,-12.850225448608398,39.9053933,116.4074,119.45,0.0,13.0,19.599988
NTUN,19639988,119.05550384521484,0.0,0.0,-0.11,0.0,0.0,-12.849977493286133,39.9053933,116.4074,119.45,0.0,13.0,19.639988
NTUN,19679988,119.05550384521484,0.0,0.0,-0.09,0.0,0.0,-12.849977493286133,39.9053933,116.4074,119.45,0.0,13.0,19.679988
NTUN,19719988,119.05550384521484,0.0,0.0,-0.09,0.0,0.0,-12.849977493286133,39.9053933,116.4074,119.45,0.0,13.0,19.719988
NTUN,19759988,120.38019561767578,0.0,0.0,-0.2,0.0,0.0,-12.851855278015137,39.9053933,116.4074,119.45,0.0,13.0,19.759988
NTUN,19799988,120.38019561767578,0.0,0.0,-0.2,0.0,0.0,-12.851855278015137,39.9053933,116.4074,119.45,0.0,13.0,19.799988
NTUN,19839988,121.67150115966797,0.0,0.0,-0.2,0.0,0.0,-12.85131549835205,39.9053933,116.4074,119.45,0.0,13.0,19.839988
NTUN,19879988,121.67150115966797,0.0,0.0,-0.27,0.0,0.0,-12.85131549835205,39.9053933,116.4074,119.45,0.0,13.0,19.879988
NTUN,19919988,121.67150115966797,0.0,0.0,-0.27,0.0,0.0,-12.85131549835205,39.9053933,116.4074,119.45,0.0,13.0,19.919988
NTUN,19959988,122.95166778564453,0.0,0.0,-0.2,0.0,0.0,-12.85287094116211,39.9053933,116.4074,119.45,0.0,13.0,19.959988
NTUN,19999988,122.95166778564453,0.0,0.0,-0.2,0.0,0.0,-12.85287094116211,39.9053933,116.4074,119.45,0.0,13.0,19.999988
NTUN,20039988,124.2318344116211,0.0,0.0,-0.2,0.0,0.0,-12.852457046508789,39.9053933,116.4074,119.45,0.0,13.0,20.039988
NTUN,20079988,124.2318344116211,0.0,0.0,-0.22,0.0,0.0,-12.852457046508789,39.9053933,116.4074,119.45,0.0,13.0,20.079988
NTUN,20119988,124.2318344116211,0.0,0.0,-0.22,0.0,0.0,-12.852457046508789,39.9053933,116.4074,119.45,0.0,13.0,20.119988
NTUN,20159988,125.54539489746094,0.0,0.0,-0.06,0.0,0.0,-12.853553771972656,39.9053933,116.4074,119.45,0.0,13.0,20.159988
NTUN,20199988,125.54539489746094,0.0,0.0,-0.06,0.0,0.0,-12.853553771972656,39.9053933,116.4074,119.45,0.0,13.0,20.199988
NTUN,20239988,126.8255615234375,0.0,0.0,-0.06,0.0,0.0,-12.856639862060547,39.9053933,116.4074,119.45,0.0,13.0,20.239988
NTUN,20279988,126.8255615234375,0.0,0.0,-0.27,0.0,0.0,-12.856639862060547,39.9053933,116.4074,119.45,0.0,13.0,20.279988
NTUN,20319988,126.8255615234375,0.0,0.0,-0.27,0.0,0.0,-12.856639862060547,39.9053933,116.4074,119.45,0.0,13.0,20.319988
NTUN,20359988,128.11685180664062,0.0,0.0,-0.26,0.0,0.0,-12.857797622680664,39.9053933,116.4074,119.45,0.0,13.0,20.359988
NTUN,20399988,128.11685180664062,0.0,0.0,-0.26,0.0,0.0,-12.857797622680664,39.9053933,116.4074,119.45,0.0,13.0,20.399988
NTUN,20439988,129.4081573486328,0.0,0.0,-0.26,0.0,0.0,-12.86099910736084,39.9053933,116.4074,119.45,0.0,13.0,20.439988
NTUN,20479988,129.4081573486328,0.0,0.0,-0.09,0.0,0.0,-12.86099910736084,39.9053933,116.4074,119.45,0.0,13.0,20.479988
NTUN,20519988,129.4081573486328,0.0,0.0,-0.09,0.0,0.0,-12.86099910736084,39.9053933,116.4074,119.45,0.0,13.0,20.519988
NTUN,20559988,130.699462890625,0.0,0.0,-0.12,0.0,0.0,-12.86242389678955,39.9053933,116.4074,119.45,0.0,13.0,20.559988
NTUN,20599988,130.699462890625,0.0,0.0,-0.12,0.0,0.0,-12.86242389678955,39.9053933,116.4074,119.45,0.0,13.0,20.599988
NTUN,20639988,131.99075317382812,0.0,0.0,-0.12,0.0,0.0,-12.864280700683594,39.9053933,116.4074,119.45,0.0,13.0,20.639988
NTUN,20679988,131.99075317382812,0.0,0.0,-0.24,0.0,0.0,-12.864280700683594,39.9053933,116.4074,119.45,0.0,13.0,20.679988
NTUN,20719988,131.99075317382812,0.0,0.0,-0.24,0.0,0.0,-12.864280700683594,39.9053933,116.4074,119.45,0.0,13.0,20.719988
NTUN,20759988,133.2709197998047,0.0,0.0,-0.34,0.0,0.0,-12.864175796508789,39.9053933,116.4074,119.45,0.0,13.0,20.759988
NTUN,20799988,133.2709197998047,0.0,0.0,-0.34,0.0,0.0,-12.864175796508789,39.9053933,116.4074,119.45,0.0,13.0,20.799988
NTUN,20839988,134.57334899902344,0.0,0.0,-0.34,0.0,0.0,-12.86484146118164,39.9053933,116.4074,119.45,0.0,13.0,20.839988
NTUN,20879988,134.57334899902344,0.0,0.0,-0.23,0.0,0.0,-12.86484146118164,39.9053933,116.4074,119.45,0.0,13.0,20.879988
NTUN,20919988,134.57334899902344,0.0,0.0,-0.23,0.0,0.0,-12.86484146118164,39.9053933,116.4074,119.45,0.0,13.0,20.919988
NTUN,20959988,135.853515625,0.0,0.0,-0.32,0.0,0.0,-12.868693351745605,39.9053933,116.4074,119.45,0.0,13.0,20.959988
NTUN,20999988,135.853515625,0.0,0.0,-0.32,0.0,0.0,-12.868693351745605,39.9053933,116.4074,119.45,0.0,13.0,20.999988
NTUN,21039988,137.1448211669922,0.0,0.0,-0.32,0.0,0.0,-12.868454933166504,39.9053933,116.4074,119.45,0.0,13.0,21.039988
NTUN,21079988,137.1448211669922,0.0,0.0,-0.28,0.0,0.0,-12.868454933166504,39.9053933,116.4074,119.45,0.0,13.0,21.079988
NTUN,21119988,137.1448211669922,0.0,0.0,-0.28,0.0,0.0,-12.868454933166504,39.9053933,116.4074,119.45,0.0,13.0,21.119988
NTUN,21159988,138.4361114501953,0.0,0.0,-0.41,0.0,0.0,-12.87048625946045,39.9053933,116.4074,119.45,0.0,13.0,21.159988
NTUN,21199988,138.4361114501953,0.0,0.0,-0.41,0.0,0.0,-12.87048625946045,39.9053933,116.4074,119.45,0.0,13.0,21.199988
NTUN,21239988,138.28057861328125,0.0,0.0,-0.41,0.0,0.0,-12.871091842651367,39.9053933,116.4074,119.45,0.0,13.0,21.239988
NTUN,21279988,138.28057861328125,0.0,0.0,-0.41,0.0,0.0,-12.871091842651367,39.9053933,116.4074,119.45,0.0,13.0,21.279988
NTUN,21319988,138.28057861328125,0.0,0.0,-0.41,0.0,0.0,-12.871091842651367,39.9053933,116.4074,119.45,0.0,13.0,21.319988
NTUN,21359988,140.01768493652344,0.0,0.0,-0.41,0.0,0.0,-12.874554634094238,39.9053933,116.4074,119.45,0.0,13.0,21.359988
NTUN,21399988,140.01768493652344,0.0,0.0,-0.41,0.0,0.0,-12.874554634094238,39.9053933,116.4074,119.45,0.0,13.0,21.399988
NTUN,21439988,141.6768341064453,0.0,0.0,-0.41,0.0,0.0,-12.877066612243652,39.9053933,116.4074,119.45,0.0,13.0,21.439988
NTUN,21479988,141.6768341064453,0.0,0.0,-0.41,0.0,0.0,-12.877066612243652,39.9053933,116.4074,119.45,0.0,13.0,21.479988
NTUN,21519988,141.6768341064453,0.0,0.0,-0.41,0.0,0.0,-12.877066612243652,39.9053933,116.4074,119.45,0.0,13.0,21.519988
NTUN,21559988,143.21336364746094,0.0,0.0,-0.41,0.0,0.0,-12.879091262817383,39.9053933,116.4074,119.45,0.0,13.0,21.559988
NTUN,21599988,143.21336364746094,0.0,0.0,-0.41,0.0,0.0,-12.879091262817383,39.9053933,116.4074,119.45,0.0,13.0,21.599988
NTUN,21639988,144.694091796875,0.0,0.0,-0.41,0.0,0.0,-12.880553245544434,39.9053933,116.4074,119.45,0.0,13.0,21.639988
NTUN,21679988,144.694091796875,0.0,0.0,-0.41,0.0,0.0,-12.880553245544434,39.9053933,116.4074,119.45,0.0,13.0,21.679988
NTUN,21719988,144.694091796875,0.0,0.0,-0.41,0.0,0.0,-12.880553245544434,39.9053933,116.4074,119.45,0.0,13.0,21.719988
NTUN,21759988,146.1079559326172,0.0,0.0,-0.4,0.0,0.0,-12.878959655761719,39.9053933,116.4074,119.45,0.0,13.0,21.759988
NTUN,21799988,146.1079559326172,0.0,0.0,-0.4,0.0,0.0,-12.878959655761719,39.9053933,116.4074,119.45,0.0,13.0,21.799988
NTUN,21839988,147.4994354248047,0.0,0.0,-0.4,0.0,0.0,-12.8811616897583,39.9053933,116.4074,119.45,0.0,13.0,21.839988
NTUN,21879988,147.4994354248047,0.0,0.0,-0.39,0.0,0.0,-12.8811616897583,39.9053933,116.4074,119.45,0.0,13.0,21.879988
NTUN,21919988,147.4994354248047,0.0,0.0,-0.39,0.0,0.0,-12.8811616897583,39.9053933,116.4074,119.45,0.0,13.0,21.919988
NTUN,21959988,148.86863708496094,0.0,0.0,-0.39,0.0,0.0,-12.883190155029297,39.9053933,116.4074,119.45,0.0,13.0,21.959988
NTUN,21999988,148.86863708496094,0.0,0.0,-0.39,0.0,0.0,-12.883190155029297,39.9053933,116.4074,119.45,0.0,13.0,21.999988
