source_file,nominal_supply_V,airspeed_min_mps,airspeed_max_mps,airspeed_mid_mps,plateau_samples,throttle_pct,loaded_voltage_V,current_A,power_W,thrust_N,effective_voltage_V,propulsive_efficiency_TV_over_P,fit_role
X2820电压22风速7.4-8.0.xlsx,22.0,7.4,8.0,7.7,425,47.0,21.6609992980957,3.30866885185242,71.4119033813477,4.28550605,10.18066967010498,0.4620853810433368,thrust_fit
X2820电压22风速7.4-8.0.xlsx,22.0,7.4,8.0,7.7,577,48.0,21.6429996490479,3.48163890838623,75.18017578125,4.5698989,10.388639831542992,0.46805186559268425,thrust_fit
X2820电压22风速7.4-8.0.xlsx,22.0,7.4,8.0,7.7,608,49.0,21.6219997406006,3.6817901134491,79.3808822631836,4.971971549999999,10.594779872894295,0.4822846489419277,thrust_fit
X2820电压22风速7.4-8.0.xlsx,22.0,7.4,8.0,7.7,516,50.0,21.6030006408691,3.86464405059814,83.33447265625,5.2171378,10.801500320434549,0.48205694209774475,thrust_fit
X2820电压22风速7.4-8.0.xlsx,22.0,7.4,8.0,7.7,577,51.0,21.5830001831055,4.06479501724243,87.5969543457031,5.6780503499999995,11.007330093383805,0.4991153861634762,thrust_fit
X2820电压22风速7.4-8.0.xlsx,22.0,7.4,8.0,7.7,511,52.0,21.5659999847412,4.25753355026245,91.6123275756836,5.8447634,11.214319992065425,0.49125133451958564,thrust_fit
X2820电压22风速7.4-8.0.xlsx,22.0,7.4,8.0,7.7,524,53.0,21.5450000762939,4.44780015945435,95.6277008056641,6.3350959,11.418850040435766,0.5101057331612715,thrust_fit
X2820电压22风速7.4-8.0.xlsx,22.0,7.4,8.0,7.7,496,54.0,21.5230007171631,4.68995809555054,100.693252563477,6.5900688,11.622420387268074,0.5039417087854153,thrust_fit
X2820电压22风速7.4-8.0.xlsx,22.0,7.4,8.0,7.7,543,55.0,21.5,4.9247031211853,105.69702911377,7.0411747,11.825,0.5129476735967853,thrust_fit
X2820电压22风速7.4-8.0.xlsx,22.0,7.4,8.0,7.7,555,56.0,21.4769992828369,5.12238311767578,109.77417755127,7.28634095,12.027119598388662,0.5110931055602421,thrust_fit
X2820电压22风速7.4-8.0.xlsx,22.0,7.4,8.0,7.7,542,57.0,21.4629993438721,5.248404264450075,112.39961624145499,7.526603875,12.233909626007096,0.5156143034599189,thrust_fit
X2820电压22风速7.4-8.0.xlsx,22.0,7.4,8.0,7.7,519,58.0,21.443000793457,5.46091032028198,116.940078735352,7.835513349999999,12.43694046020506,0.5159347714442805,thrust_fit
X2820电压22风速7.4-8.0.xlsx,22.0,7.4,8.0,7.7,613,60.0,21.3999996185303,5.89827728271484,126.021003723145,8.4533323,12.83999977111818,0.516506429777352,thrust_fit
X2820电压22风速7.4-8.0.xlsx,22.0,7.4,8.0,7.7,553,61.2999992370605,21.371000289917,6.16514539718628,131.580749511719,8.79656505,13.100423014671316,0.5147679363155431,thrust_fit
X2820电压22风速7.4-8.0.xlsx,22.0,7.4,8.0,7.7,121,62.2000007629395,21.3519992828369,6.35541248321533,135.596130371094,9.0025047,13.28094371682739,0.5112187641364823,thrust_fit
X2820电压22风速7.4-8.0.xlsx,22.0,7.4,8.0,7.7,606,62.5999984741211,21.3409996032715,6.469078540802,137.820022583008,9.198637699999999,13.35946542601015,0.5139275771583907,thrust_fit
X2820电压22风速7.4-8.0.xlsx,22.0,7.4,8.0,7.7,612,64.0,21.3110008239746,6.76559829711914,143.997528076172,9.590903699999998,13.639040527343743,0.5128557377105443,thrust_fit
X2820电压22风速7.4-8.0.xlsx,22.0,7.4,8.0,7.7,652,65.5999984741211,21.2670001983643,7.17578458786011,152.39892578125,10.189109349999999,13.951151805618311,0.5148077100465537,thrust_fit
X2820电压23.5风速7.4-8.0.xlsx,23.5,7.4,8.0,7.7,612,43.0,23.1879997253418,3.02203297615051,69.9910736083984,4.064856425,9.970839881896973,0.4471912325223186,thrust_fit
X2820电压23.5风速7.4-8.0.xlsx,23.5,7.4,8.0,7.7,516,44.0,23.1679992675781,3.23701000213623,74.9330749511719,4.4227991499999995,10.193919677734364,0.4544795936532882,thrust_fit
X2820电压23.5风速7.4-8.0.xlsx,23.5,7.4,8.0,7.7,515,45.0,23.1520004272461,3.40256690979004,78.7013473510742,4.77583855,10.418400192260744,0.46725955873356556,thrust_fit
X2820电压23.5风速7.4-8.0.xlsx,23.5,7.4,8.0,7.7,499,46.0,23.1350002288818,3.57553720474243,82.5931777954102,5.12887795,10.642100105285628,0.4781552335088218,thrust_fit
X2820电压23.5风速7.4-8.0.xlsx,23.5,7.4,8.0,7.7,980,47.0,23.1159992218018,3.7633330821991,86.9174270629883,5.42307745,10.864519634246847,0.4804295039099416,thrust_fit
X2820电压23.5风速7.4-8.0.xlsx,23.5,7.4,8.0,7.7,488,48.0,23.0960006713867,3.95607113838196,91.3034515380859,5.8055368,11.086080322265616,0.4896050763355091,thrust_fit
X2820电压23.5风速7.4-8.0.xlsx,23.5,7.4,8.0,7.7,460,49.0,23.0709991455078,4.22046804428101,97.2338485717773,6.22722275,11.304789581298822,0.49313706985077277,thrust_fit
X2820电压23.5风速7.4-8.0.xlsx,23.5,7.4,8.0,7.7,503,50.2000007629395,23.0459995269775,4.45274257659912,102.484725952148,6.6489087,11.569091938369738,0.4995534360301127,thrust_fit
X2820电压23.5风速7.4-8.0.xlsx,23.5,7.4,8.0,7.7,465,51.0,23.0279998779297,4.6257119178772,106.438323974609,6.7862018,11.744279937744148,0.49092988229000295,thrust_fit
X2820电压23.5风速7.4-8.0.xlsx,23.5,7.4,8.0,7.7,491,52.0,23.0100002288818,4.82586288452148,110.947906494141,7.16866115,11.965200119018537,0.49751899426705243,thrust_fit
X2820电压23.5风速7.4-8.0.xlsx,23.5,7.4,8.0,7.7,494,53.0,22.9950008392334,4.96918153762817,114.098426818848,7.46286065,12.1873504447937,0.5036355768185533,thrust_fit
X2820电压23.5风速7.4-8.0.xlsx,23.5,7.4,8.0,7.7,455,54.0,22.9720001220703,5.21875238418579,119.781723022461,7.8747399499999995,12.404880065917961,0.5062166087194276,thrust_fit
X2820电压23.5风速7.4-8.0.xlsx,23.5,7.4,8.0,7.7,496,55.2999992370605,22.9400005340576,5.51033020019531,126.329879760742,8.306232549999999,12.685820120315528,0.5062776182177247,thrust_fit
X2820电压23.5风速7.4-8.0.xlsx,23.5,7.4,8.0,7.7,532,57.0,22.9060001373291,5.85379886627197,133.989974975586,8.85540495,13.056420078277588,0.5088934312244191,thrust_fit
X2820电压23.5风速7.4-8.0.xlsx,23.5,7.4,8.0,7.7,622,58.0999984741211,22.8810005187988,6.09595727920532,139.364395141602,9.1594111,13.293860952285742,0.5060651639060333,thrust_fit
X2820电压23.5风速7.4-8.0.xlsx,23.5,7.4,8.0,7.7,661,59.5999984741211,22.8470001220703,6.42954206466675,146.777389526367,9.65955025,13.616811724136344,0.5067438327184495,thrust_fit
X2820电压23.5风速7.4-8.0.xlsx,23.5,7.4,8.0,7.7,608,60.5999984741211,22.8159999847412,6.72112035751343,153.202011108398,10.14988275,13.826495642608638,0.5101375406860822,thrust_fit
X2820电压25风速7.4-8.0.xlsx,25.0,7.4,8.0,7.7,606,40.0,24.7070007324219,2.87377285957336,70.9794769287109,4.22666615,9.88280029296876,0.4585174583307693,thrust_fit
X2820电压25风速7.4-8.0.xlsx,25.0,7.4,8.0,7.7,546,41.0,24.6879997253418,3.055391550064085,75.4272766113281,4.6483521,10.122079887390138,0.4745274226780781,thrust_fit
X2820电压25风速7.4-8.0.xlsx,25.0,7.4,8.0,7.7,541,42.0,24.6700000762939,3.23206782341003,79.8750762939453,4.9425516,10.361400032043436,0.4764646130658513,thrust_fit
X2820电压25风速7.4-8.0.xlsx,25.0,7.4,8.0,7.7,673,43.0,24.6480007171631,3.44951605796814,85.0641784667969,5.28578435,10.598640308380133,0.4784686130941315,thrust_fit
X2820电压25风速7.4-8.0.xlsx,25.0,7.4,8.0,7.7,519,44.0,24.6280002593994,3.65460896492004,90.0061798095703,5.75650355,10.836320114135736,0.49246704424940985,thrust_fit
X2820电压25风速7.4-8.0.xlsx,25.0,7.4,8.0,7.7,598,45.0,24.6100006103516,3.83499193191528,94.392204284668,5.8643767,11.074500274658222,0.4783837916722386,thrust_fit
X2820电压25风速7.4-8.0.xlsx,25.0,7.4,8.0,7.7,616,46.0,24.5909996032715,4.02772998809814,99.0870971679688,6.237029399999999,11.311859817504889,0.484675883668179,thrust_fit
X2820电压25风速7.4-8.0.xlsx,25.0,7.4,8.0,7.7,485,47.0,24.5750007629395,4.20811319351196,103.349578857422,6.5312289,11.550250358581566,0.4866053939066286,thrust_fit
X2820电压25风速7.4-8.0.xlsx,25.0,7.4,8.0,7.7,483,48.0,24.5510005950928,4.43544483184814,108.847549438477,6.854848349999999,11.784480285644543,0.4849198035903759,thrust_fit
X2820电压25风速7.4-8.0.xlsx,25.0,7.4,8.0,7.7,513,49.0,24.5259990692139,4.67019033432007,114.469078063965,7.256920999999999,12.01773954391481,0.48815184541606393,thrust_fit
X2820电压25风速7.4-8.0.xlsx,25.0,7.4,8.0,7.7,522,50.0,24.5100002288818,4.86045742034912,119.163970947266,7.580540449999999,12.2550001144409,0.48983061743411294,thrust_fit
X2820电压25风速7.4-8.0.xlsx,25.0,7.4,8.0,7.7,537,52.0,24.4659996032715,5.26817226409912,128.862655639648,8.32584585,12.722319793701178,0.49749877283512356,thrust_fit
X2820电压25风速7.4-8.0.xlsx,25.0,7.4,8.0,7.7,548,53.5999984741211,24.4330005645752,5.60175704956055,136.831634521484,8.85540495,13.096087929794308,0.4983249549963827,thrust_fit
X2820电压25风速7.4-8.0.xlsx,25.0,7.4,8.0,7.7,521,55.0,24.4020004272461,5.91063213348389,144.182846069336,9.3359308,13.421100234985357,0.4985798874120606,thrust_fit
X2820电压25风速7.4-8.0.xlsx,25.0,7.4,8.0,7.7,533,56.4000015258789,24.3549995422363,6.37270927429199,155.240585327148,10.002782999999999,13.736220113449072,0.4961423518063141,thrust_fit
X2820电压22风速11.2-11.7.xlsx,22.0,11.2,11.7,11.45,287,58.0,21.6380004882813,3.47669696807861,74.9330749511719,1.8142302499999998,12.550040283203154,0.2772198575333538,validation_only
X2820电压22风速11.2-11.7.xlsx,22.0,11.2,11.7,11.45,587,60.0,21.5960006713867,3.93877387046814,84.7553024291992,2.38301595,12.95760040283202,0.32193304543150103,validation_only
X2820电压22风速11.2-11.7.xlsx,22.0,11.2,11.7,11.45,144,61.2999992370605,21.5620002746582,4.26741743087769,91.7976531982422,2.81450855,13.217506003860457,0.3510560648855137,validation_only
X2820电压22风速11.2-11.7.xlsx,22.0,11.2,11.7,11.45,553,61.5,21.5550003051758,4.3415470123291,93.3420257568359,2.85373515,13.256325187683117,0.35005954930335365,validation_only
X2820电压22风速11.2-11.7.xlsx,22.0,11.2,11.7,11.45,524,63.0,21.5149993896484,4.7072548866272,101.002128601074,3.40290755,13.554449615478491,0.3857670327067313,validation_only
X2820电压22风速11.2-11.7.xlsx,22.0,11.2,11.7,11.45,525,64.5,21.4850006103516,5.02354335784912,107.673828125,3.8834334,13.857825393676784,0.4129630496500934,validation_only
X2820电压22风速11.2-11.7.xlsx,22.0,11.2,11.7,11.45,571,66.0,21.4479999542236,5.41149044036865,115.828132629395,4.28550605,14.155679969787577,0.423636668904107,validation_only
X2820电压22风速11.2-11.7.xlsx,22.0,11.2,11.7,11.45,538,67.5,21.4029998779297,5.8439154624939,124.785507202148,4.903325,14.447024917602548,0.4499166009643271,validation_only
X2820电压22风速11.2-11.7.xlsx,22.0,11.2,11.7,11.45,564,69.0,21.3659992218018,6.19232654571533,132.074935913086,5.30539765,14.742539463043242,0.45994194638470537,validation_only
X2820电压22风速11.2-11.7.xlsx,22.0,11.2,11.7,11.45,569,71.0,21.3150005340576,6.69888114929199,142.514923095703,5.9918631499999995,15.133650379180894,0.481401046130646,validation_only
X2820电压22风速11.2-11.7.xlsx,22.0,11.2,11.7,11.45,480,72.0,21.2770004272461,7.01516914367676,149.063064575195,6.26644935,15.319440307617192,0.4813455651269347,validation_only
X2820电压23.5风速11.2-11.7.xlsx,23.5,11.2,11.7,11.45,420,53.0,23.181999206543,3.10357594490051,71.7207794189453,1.4415775499999999,12.28645957946779,0.23014338496075884,validation_only
X2820电压23.5风速11.2-11.7.xlsx,23.5,11.2,11.7,11.45,598,54.0999984741211,23.1560001373291,3.3457338809967,77.2805252075195,1.8044235999999998,12.527395720962524,0.2673461414052306,validation_only
X2820电压23.5风速11.2-11.7.xlsx,23.5,11.2,11.7,11.45,553,56.0,23.1060009002686,3.82510781288147,88.2146987915039,2.53992235,12.939360504150416,0.3296742074269933,validation_only
X2820电压23.5风速11.2-11.7.xlsx,23.5,11.2,11.7,11.45,553,58.0,23.056999206543,4.33907651901245,99.8283996582031,3.26561445,13.37305953979494,0.374555593203156,validation_only
X2820电压23.5风速11.2-11.7.xlsx,23.5,11.2,11.7,11.45,629,60.0,23.0109996795654,4.78138494491577,109.835952758789,3.7657536,13.80659980773924,0.39256616469373445,validation_only
X2820电压23.5风速11.2-11.7.xlsx,23.5,11.2,11.7,11.45,518,62.0,22.9529991149902,5.31512117385864,121.820304870605,4.57970555,14.230859451293922,0.4304506428809069,validation_only
X2820电压23.5风速11.2-11.7.xlsx,23.5,11.2,11.7,11.45,604,64.0,22.9069995880127,5.81673431396484,133.063354492188,5.212234474999999,14.660479736328128,0.4485087946753494,validation_only
X2820电压23.5风速11.2-11.7.xlsx,23.5,11.2,11.7,11.45,577,66.0,22.8509998321533,6.36035442352295,145.171234130859,5.8545700499999995,15.081659889221179,0.46176384373831275,validation_only
X2820电压23.5风速11.2-11.7.xlsx,23.5,11.2,11.7,11.45,776,67.0999984741211,22.8110008239746,6.74335908889771,153.696197509766,6.281159325,15.306181204818706,0.46793138305637116,validation_only
X2820电压25风速11.2-11.7.xlsx,25.0,11.2,11.7,11.45,541,49.0,24.7049999237061,2.88118600845337,71.10302734375,1.42196425,12.105449962615989,0.22898449293567458,validation_only
X2820电压25风速11.2-11.7.xlsx,25.0,11.2,11.7,11.45,575,50.2000007629395,24.6760005950928,3.17276382446289,78.2071533203125,1.8534568499999997,12.387352486999541,0.27135728678911075,validation_only
X2820电压25风速11.2-11.7.xlsx,25.0,11.2,11.7,11.45,463,51.2000007629395,24.6599998474121,3.32596611976624,81.9136505126953,2.08881645,12.625920110015874,0.2919775666546964,validation_only
X2820电压25风速11.2-11.7.xlsx,25.0,11.2,11.7,11.45,499,52.0,24.636999130249,3.56318187713623,87.7205047607422,2.36340265,12.811239547729478,0.30849070483929386,validation_only
X2820电压25风速11.2-11.7.xlsx,25.0,11.2,11.7,11.45,497,53.0,24.6119995117188,3.80286884307861,93.5273590087891,2.79489525,13.044359741210965,0.34216245333616974,validation_only
X2820电压25风速11.2-11.7.xlsx,25.0,11.2,11.7,11.45,500,54.0,24.5820007324219,4.08950519561768,100.507926940918,3.2754211,13.274280395507827,0.37314043515240225,validation_only
X2820电压25风速11.2-11.7.xlsx,25.0,11.2,11.7,11.45,537,55.0,24.55299949646,4.3810830116272,107.488502502441,3.6480737999999997,13.504149723052999,0.3886038416904303,validation_only
X2820电压25风速11.2-11.7.xlsx,25.0,11.2,11.7,11.45,566,56.0,24.5300006866455,4.61335706710815,113.11003112793,4.0011132,13.73680038452148,0.405028145454091,validation_only
X2820电压25风速11.2-11.7.xlsx,25.0,11.2,11.7,11.45,527,57.0,24.5049991607666,4.8826961517334,119.596405029297,4.4227991499999995,13.967849521636962,0.4234328804038439,validation_only
X2820电压25风速11.2-11.7.xlsx,25.0,11.2,11.7,11.45,518,58.0,24.4780006408691,5.10508632659912,124.909049987793,4.8052585,14.197240371704078,0.44048217347243424,validation_only
X2820电压25风速11.2-11.7.xlsx,25.0,11.2,11.7,11.45,541,59.0,24.4570007324219,5.32994699478149,130.345245361328,5.1190713,14.42963043212892,0.44967782463041744,validation_only
X2820电压25风速11.2-11.7.xlsx,25.0,11.2,11.7,11.45,480,60.0,24.42799949646,5.60422801971436,136.76985168457,5.48191735,14.656799697876,0.4589312109679015,validation_only
X2820电压25风速11.2-11.7.xlsx,25.0,11.2,11.7,11.45,444,61.0,24.3980007171631,5.89086437225342,143.626861572266,5.8643767,14.882780437469492,0.4675108296592199,validation_only
X2820电压25风速11.2-11.7.xlsx,25.0,11.2,11.7,11.45,599,62.0,24.3700008392334,6.19479703903198,150.854553222656,6.26644935,15.109400520324707,0.4756292967279436,validation_only
X2820电压22风速12.7-13.3.xlsx,22.0,12.7,13.3,13.0,262,43.0,21.6399993896484,3.45692896842957,74.5624237060547,2.8243152,9.305199737548811,0.4924209243082657,power_and_thrust_fit
X2820电压22风速12.7-13.3.xlsx,22.0,12.7,13.3,13.0,276,44.5,21.6009998321533,3.82016611099243,82.2843017578125,3.1773545999999997,9.612444925308218,0.5019865140446212,power_and_thrust_fit
X2820电压22风速12.7-13.3.xlsx,22.0,12.7,13.3,13.0,323,46.0,21.5620002746582,4.21552610397339,90.6856994628906,3.6284604999999996,9.918520126342772,0.5201480142886518,power_and_thrust_fit
X2820电压22风速12.7-13.3.xlsx,22.0,12.7,13.3,13.0,317,47.5999984741211,21.5130004882813,4.6677188873291,100.137275695801,4.069759749999999,10.240187904159564,0.5283434803111836,power_and_thrust_fit
X2820电压22风速12.7-13.3.xlsx,22.0,12.7,13.3,13.0,314,49.0,21.4659996032715,5.10261535644531,109.279983520508,4.44241245,10.518339805603034,0.5284715461103827,power_and_thrust_fit
X2820电压22风速12.7-13.3.xlsx,22.0,12.7,13.3,13.0,301,50.5,21.4179992675781,5.60175704956055,119.658172607422,4.95235825,10.816089630126939,0.5380381117905078,power_and_thrust_fit
X2820电压22风速12.7-13.3.xlsx,22.0,12.7,13.3,13.0,321,52.0,21.3729991912842,6.03171110153198,128.615539550781,5.413270799999999,11.113959579467785,0.5471541047511989,power_and_thrust_fit
X2820电压22风速12.7-13.3.xlsx,22.0,12.7,13.3,13.0,280,53.5,21.3250007629395,6.50367212295532,138.375991821289,5.771213524999999,11.408875408172632,0.5421878090087688,power_and_thrust_fit
X2820电压22风速12.7-13.3.xlsx,22.0,12.7,13.3,13.0,254,55.0,21.2649993896484,7.09424161911011,150.607437133789,6.349805875,11.69574966430662,0.5480969462462246,power_and_thrust_fit
X2820电压22风速12.7-13.3.xlsx,22.0,12.7,13.3,13.0,309,55.9000015258789,21.076000213623,7.30427598953247,153.634429931641,6.4331624,11.781484441009498,0.5443513621081636,power_and_thrust_fit
X2820电压23.5风速12.7-13.3.xlsx,23.5,12.7,13.3,13.0,314,40.0,23.1569995880127,3.3037269115448,76.3539047241211,2.8831550999999997,9.26279983520508,0.4908853900193437,power_and_thrust_fit
X2820电压23.5风速12.7-13.3.xlsx,23.5,12.7,13.3,13.0,327,41.5,23.1219997406006,3.64225387573242,84.0757751464844,3.334261,9.59562989234925,0.5155515120078257,power_and_thrust_fit
X2820电压23.5风速12.7-13.3.xlsx,23.5,12.7,13.3,13.0,332,43.0,23.0769996643066,4.04502725601196,93.2184829711914,3.79517355,9.923109855651838,0.5292647399684393,power_and_thrust_fit
X2820电压23.5风速12.7-13.3.xlsx,23.5,12.7,13.3,13.0,306,44.5,23.0359992980957,4.48733615875244,103.226028442383,4.2364728,10.251019687652585,0.5335296458755107,power_and_thrust_fit
X2820电压23.5风速12.7-13.3.xlsx,23.5,12.7,13.3,13.0,323,46.0,22.9899997711182,4.91234827041626,112.739379882813,4.697385349999999,10.575399894714371,0.5416564257624539,power_and_thrust_fit
X2820电压23.5风速12.7-13.3.xlsx,23.5,12.7,13.3,13.0,396,47.5999984741211,22.9409999847412,5.39913511276245,123.673553466797,5.2269444499999995,10.919915642684932,0.5494325661811181,power_and_thrust_fit
X2820电压23.5风速12.7-13.3.xlsx,23.5,12.7,13.3,13.0,375,49.0,22.882999420166,5.97734928131104,136.646301269531,5.7663101999999995,11.21266971588134,0.5485844249244587,power_and_thrust_fit
X2820电压23.5风速12.7-13.3.xlsx,23.5,12.7,13.3,13.0,307,50.5,22.8269996643066,6.52344036102295,148.692428588867,6.374322499999999,11.527634830474833,0.5572993412403273,power_and_thrust_fit
X2820电压23.5风速12.7-13.3.xlsx,23.5,12.7,13.3,13.0,261,51.0999984741211,22.806999206543,6.713707447052,152.954895019531,6.5312289,11.654376246536286,0.5551046646082053,power_and_thrust_fit
X2820电压25风速12.7-13.3.xlsx,25.0,12.7,13.3,13.0,337,37.0,24.6830005645752,3.04674291610718,75.0566329956055,2.941995,9.132710208892824,0.5095610271012192,power_and_thrust_fit
X2820电压25风速12.7-13.3.xlsx,25.0,12.7,13.3,13.0,325,38.5,24.6429996490479,3.46434211730957,85.2495040893555,3.334261,9.487554864883442,0.5084533155121571,power_and_thrust_fit
X2820电压25风速12.7-13.3.xlsx,25.0,12.7,13.3,13.0,299,40.0,24.6030006408691,3.84240508079529,94.515754699707,3.7363336499999997,9.84120025634764,0.5139073121123856,power_and_thrust_fit
X2820电压25风速12.7-13.3.xlsx,25.0,12.7,13.3,13.0,290,41.5,24.5629997253418,4.22788095474243,103.782005310059,4.05014645,10.193644886016846,0.5073317256946156,power_and_thrust_fit
X2820电压25风速12.7-13.3.xlsx,25.0,12.7,13.3,13.0,357,43.0,24.5149993896484,4.72702312469482,115.828132629395,4.63854545,10.541449737548811,0.5206083313363952,power_and_thrust_fit
X2820电压25风速12.7-13.3.xlsx,25.0,12.7,13.3,13.0,386,44.5,24.4680004119873,5.16191911697388,126.206321716309,5.1386845999999995,10.888260183334348,0.5293150049183898,power_and_thrust_fit
X2820电压25风速12.7-13.3.xlsx,25.0,12.7,13.3,13.0,316,46.0,24.4209995269775,5.6289381980896,137.325820922852,5.6094038,11.23365978240965,0.5310163005758899,power_and_thrust_fit
X2820电压25风速12.7-13.3.xlsx,25.0,12.7,13.3,13.0,311,47.2000007629395,24.3810005187988,6.0070013999939,146.40673828125,6.001669799999999,11.507832430885317,0.532910631818864,power_and_thrust_fit
X2820电压25风速12.7-13.3.xlsx,25.0,12.7,13.3,13.0,868,48.0999984741211,24.3419990539551,6.37023782730103,154.993469238281,6.398839124999999,11.708501173522976,0.5366994431043718,power_and_thrust_fit
