sim_time_s,json_timestamp_s,gyro_x_rad_s,gyro_y_rad_s,gyro_z_rad_s,accel_x_m_s2,accel_y_m_s2,accel_z_m_s2,position_n_m,position_e_m,position_d_m,roll_rad,pitch_rad,yaw_rad,velocity_n_m_s,velocity_e_m_s,velocity_d_m_s,wind_n_m_s,wind_e_m_s,wind_d_m_s,airspeed_m_s,no_time_sync,no_lockstep
0,0.02,0,0,0,0.0672955656,-0,-9.8064191,0,0,0,0,0.00686229179,0,13,0,0,0,0,0,13,0,0
0.02,0.04,0,9.59118457e-05,0,0.0673182693,0,-9.83404004,0.259999976,0,-5.4791556e-06,0,0.00686278119,0,12.9999966,0,-0.000533834062,0,0,0,12.9999966,0,0
0.04,0.06,0,0.000463625485,0,-0.221822713,0,-9.82788957,0.519942043,0,-1.98982737e-05,0,0.00686808033,0,12.9942103,0,-0.000871919833,0,0,0,12.9942103,0,0
0.06,0.08,0,0.000954577207,0,-0.221648523,0,-9.81888146,0.7797684,0,-3.90648037e-05,0,0.00688216866,0,12.9884259,0,-0.00101648769,0,0,0,12.9884259,0,0
0.08,0.1,0,0.0014712154,0,-0.22128771,0,-9.81147461,1.0394791,0,-5.95578354e-05,0,0.00690644621,0,12.982645,0,-0.00101105574,0,0,0,12.9826451,0,0
0.1,0.12,0,0.00195951733,0,-0.22076649,0,-9.80551952,1.29907423,0,-7.87432008e-05,0,0.00694083471,0,12.9768686,0,-0.00089096218,0,0,0,12.9768687,0,0
0.12,0.14,0,0.00239077836,0,-0.220112093,0,-9.80081345,1.55855388,0,-9.46211543e-05,0,0.00698445009,0,12.9710974,0,-0.000684473806,0,0,0,12.9710974,0,0
0.14,0.16,0,0.00275113104,0,-0.219350556,0,-9.7971397,1.81791816,0,-0.000105694822,0,0.00703599499,0,12.9653319,0,-0.000413758456,0,0,0,12.9653319,0,0
0.16,0.18,0,0.00303545781,0,-0.218505641,0,-9.79428859,2.0771672,0,-0.000110857041,0,0.00709398949,0,12.9595722,0,-9.57533827e-05,0,0,0,12.9595722,0,0
0.18,0.2,0,0.00324381189,0,-0.217598382,0,-9.79206806,2.33630109,0,-0.000109293678,0,0.00715690736,0,12.9538187,0,0.000257053764,0,0,0,12.9538187,0,0
0.2,0.22,0,0.00337927963,0,-0.216646977,0,-9.79030837,2.59531999,0,-0.000100401786,0,0.00722325636,0,12.9480715,0,0.000635922312,0,0,0,12.9480715,0,0
0.22,0.24,0,0.00344667931,0,-0.21566687,0,-9.78886345,2.854224,0,-8.37210701e-05,0,0.00729162494,0,12.9423307,0,0.00103522887,0,0,0,12.9423307,0,0
0.24,0.26,0,0.00345175233,0,-0.214670933,0,-9.78761041,3.11301326,0,-5.88772645e-05,0,0.00736070815,0,12.9365964,0,0.00145190657,0,0,0,12.9365965,0,0
0.26,0.28,0,0.0034006497,0,-0.213669693,0,-9.78644808,3.3716879,0,-2.55360567e-05,0,0.00742932063,0,12.930869,0,0.00188494968,0,0,0,12.9308691,0,0
0.28,0.3,0,0.00329960032,0,-0.212671589,0,-9.78529498,3.63024806,0,1.66336969e-05,0,0.00749640126,0,12.9251485,0,0.00233497982,0,0,0,12.9251488,0,0
0.3,0.32,0,0.00315469451,0,-0.211683214,0,-9.78408715,3.88869389,0,6.79886659e-05,0,0.00756101237,0,12.9194354,0,0.00280386991,0,0,0,12.9194357,0,0
0.32,0.34,0,0.00297174319,0,-0.210709567,0,-9.78277596,4.14702553,0,0.00012893276,0,0.00762233551,0,12.91373,0,0.00329442155,0,0,0,12.9137304,0,0
0.34,0.36,0,0.00275618845,0,-0.209754277,0,-9.78132596,4.40524314,0,0.00019993289,0,0.00767966485,0,12.9080326,0,0.00381009142,0,0,0,12.9080332,0,0
0.36,0.38,0,0.00251305022,0,-0.208819818,0,-9.77971285,4.66334689,0,0.000281529705,0,0.00773239926,0,12.9023439,0,0.00435476225,0,0,0,12.9023446,0,0
0.38,0.4,0,0.00224689879,0,-0.207907704,0,-9.77792167,4.92133696,0,0.000374344166,0,0.00778003355,0,12.8966644,0,0.00493255372,0,0,0,12.8966654,0,0
0.4,0.42,0,0.00196184618,0,-0.207018661,0,-9.77594513,5.17921353,0,0.000479080689,0,0.00782214931,0,12.8909948,0,0.00554766901,0,0,0,12.890996,0,0
0.42,0.44,0,0.00166155147,0,-0.206152784,0,-9.77378211,5.43697682,0,0.000596527546,0,0.00785840588,0,12.8853357,0,0.00620427256,0,0,0,12.8853372,0,0
0.44,0.46,0,0.00134923609,0,-0.205309673,0,-9.77143639,5.69462704,0,0.000727555098,0,0.00788853133,0,12.879688,0,0.00690639513,0,0,0,12.8796899,0,0
0.46,0.48,0,0.00102770628,0,-0.204488552,0,-9.76891548,5.95216442,0,0.000873112373,0,0.00791231398,0,12.8740525,0,0.00765786231,0,0,0,12.8740548,0,0
0.48,0.5,0,0.0006993805,0,-0.203688369,0,-9.76622966,6.20958923,0,0.00103422241,0,0.00792959435,0,12.8684301,0,0.00846224302,0,0,0,12.8684328,0,0
0.5,0.52,0,0.00036631978,0,-0.202907883,0,-9.76339119,6.46690172,0,0.00121197677,0,0.00794025771,0,12.8628216,0,0.00932281477,0,0,0,12.862825,0,0
0.52,0.54,0,3.02597966e-05,0,-0.202145735,0,-9.76041357,6.72410219,0,0.00140752945,0,0.00794422721,0,12.8572281,0,0.0102425428,0,0,0,12.8572322,0,0
0.54,0.56,0,-0.000307356592,0,-0.201400509,0,-9.757311,6.98119095,0,0.00162209056,0,0.00794145778,0,12.8516505,0,0.0112240708,0,0,0,12.8516554,0,0
0.56,0.58,0,-0.00064534718,0,-0.200670779,0,-9.75409793,7.23816832,0,0.00185691983,0,0.00793193051,0,12.8460899,0,0.0122697202,0,0,0,12.8460958,0,0
0.58,0.6,0,-0.000982759284,0,-0.199955145,0,-9.75078868,7.49503467,0,0.00211332028,0,0.00791564779,0,12.8405473,0,0.0133814971,0,0,0,12.8405543,0,0
0.6,0.62,0,-0.00131884016,0,-0.199252263,0,-9.74739715,7.75179034,0,0.00239263198,0,0.00789262905,0,12.8350238,0,0.0145611048,0,0,0,12.8350321,0,0
0.62,0.64,0,-0.00165300928,0,-0.198560869,0,-9.74393662,8.00843575,0,0.00269622617,0,0.00786290697,0,12.8295205,0,0.0158099589,0,0,0,12.8295303,0,0
0.64,0.66,0,-0.00198483274,0,-0.197879787,0,-9.74041961,8.26497131,0,0.00302549969,0,0.00782652434,0,12.8240385,0,0.0171292073,0,0,0,12.8240499,0,0
0.66,0.68,0,-0.0023139999,0,-0.197207948,0,-9.73685775,8.52139744,0,0.00338186981,0,0.00778353139,0,12.8185788,0,0.0185197498,0,0,0,12.8185922,0,0
0.68,0.7,0,-0.00264030226,0,-0.196544386,0,-9.73326176,8.77771462,0,0.00376676951,0,0.00773398346,0,12.8131427,0,0.0199822601,0,0,0,12.8131583,0,0
0.7,0.72,0,-0.00296361467,0,-0.195888248,0,-9.7296414,9.03392331,0,0.00418164317,0,0.00767793924,0,12.8077311,0,0.0215172069,0,0,0,12.8077492,0,0
0.72,0.74,0,-0.0032838787,0,-0.195238785,0,-9.72600544,9.29002403,0,0.00462794264,0,0.00761545921,0,12.8023452,0,0.0231248755,0,0,0,12.8023661,0,0
0.74,0.76,0,-0.00360108809,0,-0.194595355,0,-9.72236176,9.5460173,0,0.00510712385,0,0.00754660447,0,12.7969862,0,0.0248053883,0,0,0,12.7970102,0,0
0.76,0.78,0,-0.00391527623,0,-0.193957414,0,-9.71871734,9.80190367,0,0.00562064368,0,0.00747143584,0,12.7916551,0,0.0265587239,0,0,0,12.7916827,0,0
0.78,0.8,0,-0.00422650544,0,-0.193324513,0,-9.71507829,10.0576837,0,0.00616995733,0,0.00739001315,0,12.786353,0,0.0283847359,0,0,0,12.7863845,0,0
0.8,0.82,0,-0.00453485791,0,-0.192696287,0,-9.71144997,10.313358,0,0.00675651595,0,0.0073023948,0,12.7810811,0,0.030283169,0,0,0,12.781117,0,0
0.82,0.84,0,-0.00484042818,0,-0.192072451,0,-9.70783702,10.5689272,0,0.0073817646,0,0.00720863738,0,12.7758404,0,0.0322536749,0,0,0,12.7758811,0,0
0.84,0.86,0,-0.00514331695,0,-0.19145279,0,-9.70424339,10.8243918,0,0.00804714059,0,0.00710879555,0,12.770632,0,0.0342958258,0,0,0,12.770678,0,0
0.86,0.88,0,-0.00544362616,0,-0.190837154,0,-9.70067248,11.0797527,0,0.00875407198,0,0.0070029219,0,12.7654569,0,0.0364091273,0,0,0,12.7655089,0,0
0.88,0.9,0,-0.00574145505,0,-0.190225449,0,-9.69712716,11.3350103,0,0.00950397635,0,0.00689106704,0,12.7603163,0,0.0385930284,0,0,0,12.7603747,0,0
0.9,0.92,0,-0.00603689712,0,-0.189617629,0,-9.69360983,11.5901655,0,0.0102982598,0,0.00677327961,0,12.7552112,0,0.0408469321,0,0,0,12.7552766,0,0
0.92,0.94,0,-0.00633003799,0,-0.18901369,0,-9.69012248,11.845219,0,0.0111383161,0,0.00664960649,0,12.7501426,0,0.043170203,0,0,0,12.7502157,0,0
0.94,0.96,0,-0.0066209538,0,-0.188413666,0,-9.68666679,12.1001715,0,0.0120255259,0,0.00652009292,0,12.7451116,0,0.0455621746,0,0,0,12.7451931,0,0
0.96,0.98,0,-0.00690971024,0,-0.18781762,0,-9.68324411,12.3550237,0,0.0129612565,0,0.00638478273,0,12.7401192,0,0.0480221555,0,0,0,12.7402097,0,0
0.98,1,0,-0.00719636196,0,-0.18722564,0,-9.67985556,12.6097765,0,0.0139468608,0,0.00624371854,0,12.7351664,0,0.0505494343,0,0,0,12.7352667,0,0
1,1.02,0,-0.00748095249,0,-0.186637835,0,-9.67650203,12.8644307,0,0.0149836777,0,0.00609694199,0,12.7302542,0,0.0531432836,0,0,0,12.7303651,0,0
1.02,1.04,0,-0.00776351427,0,-0.186054332,0,-9.67318428,13.118987,0,0.016073031,0,0.00594449397,0,12.7253835,0,0.0558029636,0,0,0,12.7255059,0,0
1.04,1.06,0,-0.00804406909,0,-0.185475267,0,-9.6699029,13.3734463,0,0.0172162301,0,0.0057864148,0,12.7205554,0,0.0585277248,0,0,0,12.7206901,0,0
1.06,1.08,0,-0.00832262856,0,-0.184900789,0,-9.66665837,13.6278095,0,0.0184145688,0,0.0056227445,0,12.7157709,0,0.0613168099,0,0,0,12.7159187,0,0
1.08,1.1,0,-0.00859919477,0,-0.184331053,0,-9.66345111,13.8820774,0,0.0196693262,0,0.00545352294,0,12.7110308,0,0.0641694557,0,0,0,12.7111928,0,0
1.1,1.12,0,-0.00887376105,0,-0.183766218,0,-9.66028146,14.136251,0,0.0209817657,0,0.00527879004,0,12.7063361,0,0.0670848941,0,0,0,12.7065132,0,0
1.12,1.14,0,-0.00914631271,0,-0.183206446,0,-9.65714971,14.3903312,0,0.0223531354,0,0.00509858593,0,12.7016878,0,0.070062353,0,0,0,12.7018811,0,0
1.14,1.16,0,-0.00941682789,0,-0.1826519,0,-9.65405613,14.6443188,0,0.0237846681,0,0.00491295111,0,12.6970868,0,0.0731010565,0,0,0,12.6972972,0,0
1.16,1.18,0,-0.00968527828,0,-0.182102742,0,-9.65100096,14.898215,0,0.0252775808,0,0.00472192658,0,12.6925339,0,0.0762002257,0,0,0,12.6927626,0,0
1.18,1.2,0,-0.00995163,0,-0.181559132,0,-9.64798445,15.1520205,0,0.026833075,0,0.00452555397,0,12.6880301,0,0.0793590786,0,0,0,12.6882783,0,0
1.2,1.22,0,-0.0102158442,0,-0.181021231,0,-9.64500683,15.4057365,0,0.0284523366,0,0.00432387563,0,12.6835763,0,0.0825768299,0,0,0,12.6838451,0,0
1.22,1.24,0,-0.0104778781,0,-0.180489194,0,-9.64206834,15.6593639,0,0.0301365356,0,0.00411693473,0,12.6791732,0,0.0858526909,0,0,0,12.6794639,0,0
1.24,1.26,0,-0.0107376851,0,-0.179963172,0,-9.63916922,15.9129038,0,0.0318868264,0,0.00390477535,0,12.6748219,0,0.0891858692,0,0,0,12.6751356,0,0
1.26,1.28,0,-0.0109952159,0,-0.179443316,0,-9.63630973,16.1663571,0,0.0337043472,0,0.0036874425,0,12.670523,0,0.0925755689,0,0,0,12.6708612,0,0
1.28,1.3,0,-0.0112504188,0,-0.178929769,0,-9.63349015,16.4197251,0,0.0355902206,0,0.00346498223,0,12.6662776,0,0.0960209895,0,0,0,12.6666415,0,0
1.3,1.32,0,-0.0115032402,0,-0.178422672,0,-9.63071075,16.6730086,0,0.0375455529,0,0.00323744163,0,12.6620863,0,0.099521326,0,0,0,12.6624774,0,0
1.32,1.34,0,-0.0117536253,0,-0.177922162,0,-9.62797184,16.9262089,0,0.0395714343,0,0.00300486887,0,12.65795,0,0.103075769,0,0,0,12.6583696,0,0
1.34,1.36,0,-0.012001518,0,-0.177428372,0,-9.62527373,17.179327,0,0.0416689389,0,0.00276731323,0,12.6538695,0,0.106683503,0,0,0,12.6543192,0,0
1.36,1.38,0,-0.0122468619,0,-0.17694143,0,-9.62261674,17.432364,0,0.0438391243,0,0.00252482514,0,12.6498455,0,0.110343708,0,0,0,12.6503268,0,0
1.38,1.4,0,-0.0124895998,0,-0.17646146,0,-9.62000122,17.6853212,0,0.0460830315,0,0.00227745613,0,12.6458789,0,0.114055557,0,0,0,12.6463933,0,0
1.4,1.42,0,-0.0127296749,0,-0.175988584,0,-9.6174275,17.9381996,0,0.0484016853,0,0.0020252589,0,12.6419704,0,0.117818218,0,0,0,12.6425194,0,0
1.42,1.44,0,-0.01296703,0,-0.175522918,0,-9.61489594,18.1910004,0,0.0507960934,0,0.00176828727,0,12.6381208,0,0.121630854,0,0,0,12.6387061,0,0
1.44,1.46,0,-0.0132016087,0,-0.175064577,0,-9.61240691,18.4437248,0,0.053267247,0,0.00150659621,0,12.6343307,0,0.125492618,0,0,0,12.634954,0,0
1.46,1.48,0,-0.0134333547,0,-0.174613671,0,-9.60996077,18.696374,0,0.05581612,0,0.0012402418,0,12.630601,0,0.12940266,0,0,0,12.6312638,0,0
1.48,1.5,0,-0.0136622125,0,-0.174170307,0,-9.6075579,18.9489493,0,0.0584436695,0,0.000969281272,0,12.6269322,0,0.133360122,0,0,0,12.6276365,0,0
1.5,1.52,0,-0.0138881271,0,-0.17373459,0,-9.60519867,19.2014517,0,0.0611508352,0,0.000693772925,0,12.6233252,0,0.137364138,0,0,0,12.6240726,0,0
1.52,1.54,0,-0.0141110445,0,-0.173306621,0,-9.60288346,19.4538827,0,0.0639385396,0,0.000413776169,0,12.6197806,0,0.141413839,0,0,0,12.6205729,0,0
1.54,1.56,0,-0.0143309113,0,-0.172886498,0,-9.60061265,19.7062434,0,0.0668076875,0,0.000129351483,0,12.616299,0,0.145508345,0,0,0,12.617138,0,0
1.56,1.58,0,-0.0145476751,0,-0.172474318,0,-9.5983866,19.9585351,0,0.0697591662,0,-0.000159439597,0,12.6128811,0,0.149646772,0,0,0,12.6137688,0,0
1.58,1.6,0,-0.0147612845,0,-0.172070175,0,-9.59620569,20.210759,0,0.0727938452,0,-0.000452534493,0,12.6095275,0,0.153828228,0,0,0,12.6104658,0,0
1.6,1.62,0,-0.0149716889,0,-0.171674159,0,-9.59407028,20.4629166,0,0.0759125762,0,-0.000749869611,0,12.606239,0,0.158051817,0,0,0,12.6072297,0,0
1.62,1.64,0,-0.0151788387,0,-0.17128636,0,-9.59198073,20.715009,0,0.0791161927,0,-0.00105138035,0,12.603016,0,0.162316633,0,0,0,12.6040612,0,0
1.64,1.66,0,-0.0153826853,0,-0.170906863,0,-9.58993741,20.9670377,0,0.0824055103,0,-0.00135700114,0,12.5998592,0,0.166621765,0,0,0,12.6009609,0,0
1.66,1.68,0,-0.0155831811,0,-0.170535754,0,-9.58794066,21.2190038,0,0.085781326,0,-0.00166666543,0,12.5967692,0,0.170966298,0,0,0,12.5979293,0,0
1.68,1.7,0,-0.0157802793,0,-0.170173114,0,-9.58599081,21.4709089,0,0.0892444187,0,-0.00198030573,0,12.5937465,0,0.175349307,0,0,0,12.5949672,0,0
1.7,1.72,0,-0.0159739343,0,-0.169819024,0,-9.58408821,21.7227542,0,0.0927955486,0,-0.00229785365,0,12.5907917,0,0.179769864,0,0,0,12.592075,0,0
1.72,1.74,0,-0.0161641014,0,-0.169473562,0,-9.58223317,21.974541,0,0.0964354573,0,-0.00261923985,0,12.5879053,0,0.184227034,0,0,0,12.5892533,0,0
1.74,1.76,0,-0.0163507368,0,-0.169136802,0,-9.580426,22.2262708,0,0.100164868,0,-0.00294439416,0,12.5850879,0,0.188719877,0,0,0,12.5865028,0,0
1.76,1.78,0,-0.0165337976,0,-0.168808821,0,-9.57866703,22.477945,0,0.103984484,0,-0.00327324549,0,12.58234,0,0.193247447,0,0,0,12.5838239,0,0
1.78,1.8,0,-0.0167132422,0,-0.168489688,0,-9.57695653,22.7295649,0,0.107894991,0,-0.00360572195,0,12.579662,0,0.197808793,0,0,0,12.5812171,0,0
1.8,1.82,0,-0.0168890294,0,-0.168179474,0,-9.5752948,22.9811319,0,0.111897054,0,-0.0039417508,0,12.5770545,0,0.20240296,0,0,0,12.578683,0,0
1.82,1.84,0,-0.0170611194,0,-0.167878247,0,-9.57368211,23.2326475,0,0.115991322,0,-0.00428125848,0,12.5745179,0,0.207028986,0,0,0,12.5762221,0,0
1.84,1.86,0,-0.0172294732,0,-0.167586071,0,-9.57211872,23.4841131,0,0.12017842,0,-0.00462417067,0,12.5720527,0,0.211685906,0,0,0,12.5738347,0,0
1.86,1.88,0,-0.0173940527,0,-0.167303012,0,-9.57060489,23.7355301,0,0.124458957,0,-0.00497041225,0,12.5696593,0,0.216372749,0,0,0,12.5715215,0,0
1.88,1.9,0,-0.0175548207,0,-0.16702913,0,-9.56914087,23.9869,0,0.128833523,0,-0.00531990737,0,12.5673381,0,0.221088543,0,0,0,12.5692827,0,0
1.9,1.92,0,-0.017711741,0,-0.166764484,0,-9.56772688,24.2382241,0,0.133302686,0,-0.00567257942,0,12.5650896,0,0.225832307,0,0,0,12.5671189,0,0
1.92,1.94,0,-0.0178647783,0,-0.166509132,0,-9.56636315,24.4895041,0,0.137866995,0,-0.00602835112,0,12.5629141,0,0.230603061,0,0,0,12.5650304,0,0
1.94,1.96,0,-0.0180138983,0,-0.166263129,0,-9.56504989,24.7407412,0,0.142526981,0,-0.00638714444,0,12.560812,0,0.235399817,0,0,0,12.5630176,0,0
1.96,1.98,0,-0.0181590675,0,-0.166026527,0,-9.5637873,24.991937,0,0.147283154,0,-0.00674888071,0,12.5587837,0,0.240221587,0,0,0,12.561081,0,0
1.98,2,0,-0.0183002535,0,-0.165799377,0,-9.56257558,25.243093,0,0.152136005,0,-0.00711348059,0,12.5568296,0,0.245067378,0,0,0,12.5592208,0,0
2,2.02,0,-0.0184374248,0,-0.165581729,0,-9.5614149,25.4942107,0,0.157086003,0,-0.00748086409,0,12.5549499,0,0.249936194,0,0,0,12.5574374,0,0
2.02,2.04,0,-0.0185705506,0,-0.165373627,0,-9.56030543,25.7452915,0,0.1621336,0,-0.00785095061,0,12.5531449,0,0.254827036,0,0,0,12.5557311,0,0
2.04,2.06,0,-0.0186996016,0,-0.165175117,0,-9.55924733,25.996337,0,0.167279225,0,-0.00822365895,0,12.551415,0,0.259738902,0,0,0,12.5541023,0,0
2.06,2.08,0,-0.0188245488,0,-0.164986239,0,-9.55824075,26.2473486,0,0.172523289,0,-0.00859890731,0,12.5497605,0,0.264670789,0,0,0,12.5525511,0,0
2.08,2.1,0,-0.0189453647,0,-0.164807033,0,-9.55728583,26.4983279,0,0.177866183,0,-0.00897661336,0,12.5481816,0,0.269621689,0,0,0,12.551078,0,0
2.1,2.12,0,-0.0190620225,0,-0.164637536,0,-9.5563827,26.7492764,0,0.183308277,0,-0.00935669418,0,12.5466786,0,0.274590595,0,0,0,12.549683,0,0
2.12,2.14,0,-0.0191744965,0,-0.164477784,0,-9.55553147,27.0001956,0,0.18884992,0,-0.00973906637,0,12.5452517,0,0.279576495,0,0,0,12.5483666,0,0
2.14,2.16,0,-0.0192827619,0,-0.164327807,0,-9.55473226,27.251087,0,0.194491443,0,-0.010123646,0,12.5439012,0,0.284578377,0,0,0,12.5471288,0,0
2.16,2.18,0,-0.0193867949,0,-0.164187637,0,-9.55398515,27.5019521,0,0.200233155,0,-0.0105103486,0,12.5426272,0,0.289595227,0,0,0,12.54597,0,0
2.18,2.2,0,-0.0194865727,0,-0.164057301,0,-9.55329023,27.7527926,0,0.206075345,0,-0.0108990894,0,12.5414299,0,0.294626029,0,0,0,12.5448902,0,0
2.2,2.22,0,-0.0195820737,0,-0.163936824,0,-9.55264759,28.0036099,0,0.212018282,0,-0.011289783,0,12.5403096,0,0.299669766,0,0,0,12.5438896,0,0
2.22,2.24,0,-0.019673277,0,-0.16382623,0,-9.55205729,28.2544055,0,0.218062215,0,-0.0116823437,0,12.5392664,0,0.30472542,0,0,0,12.5429685,0,0
2.24,2.26,0,-0.019760163,0,-0.163725537,0,-9.55151938,28.505181,0,0.224207372,0,-0.0120766853,0,12.5383003,0,0.309791972,0,0,0,12.5421269,0,0
2.26,2.28,0,-0.0198391649,0,0.315148555,0,-9.55763936,28.7560338,0,0.230454231,0,-0.0124727007,0,12.5469882,0,0.314852566,0,0,0,12.550938,0,0
2.28,2.3,0,-0.0199001505,0,0.310908532,0,-9.56959751,29.0070603,0,0.23679991,0,-0.0128701312,0,12.5556701,0,0.31967883,0,0,0,12.5597391,0,0
2.3,2.32,0,-0.0199351162,0,0.310066344,0,-9.58026228,29.258261,0,0.243240007,0,-0.0132685327,0,12.5644141,0,0.324298442,0,0,0,12.5685986,0,0
2.32,2.34,0,-0.0199382351,0,0.305222933,0,-9.58979827,29.5096364,0,0.249770615,0,-0.0136673231,0,12.57314,0,0.328733636,0,0,0,12.5774368,0,0
2.34,2.36,0,-0.0199055908,0,0.300347125,0,-9.59831274,29.7611862,0,0.256388259,0,-0.0140658234,0,12.581847,0,0.333005251,0,0,0,12.5862531,0,0
2.36,2.38,0,-0.0198348689,0,0.295404173,0,-9.60595937,30.0129099,0,0.263089849,0,-0.0144632926,0,12.5905334,0,0.337130845,0,0,0,12.5950462,0,0
2.38,2.4,0,-0.0197250769,0,0.290411623,0,-9.61287748,30.2648071,0,0.269872614,0,-0.0148589574,0,12.5991979,0,0.341125021,0,0,0,12.603815,0,0
2.4,2.42,0,-0.0195762931,0,0.28538476,0,-9.61919273,30.5168774,0,0.27673405,0,-0.0152520355,0,12.6078391,0,0.344999741,0,0,0,12.6125584,0,0
2.42,2.44,0,-0.0193894448,0,0.280337125,0,-9.62501719,30.7691203,0,0.283671868,0,-0.0156417552,0,12.6164559,0,0.348764617,0,0,0,12.6212755,0,0
2.44,2.46,0,-0.0191661147,0,0.275280577,0,-9.6304498,31.0215352,0,0.290683949,0,-0.01602737,0,12.6250473,0,0.352427199,0,0,0,12.6299654,0,0
2.46,2.48,0,-0.0189083723,0,0.270225381,0,-9.63557694,31.2741217,0,0.297768308,0,-0.0164081703,0,12.6336125,0,0.355993251,0,0,0,12.6386271,0,0
2.48,2.5,0,-0.0186186307,0,0.265180311,0,-9.64047317,31.5268793,0,0.30492306,0,-0.0167834915,0,12.6421506,0,0.359466999,0,0,0,12.6472601,0,0
2.5,2.52,0,-0.0182995247,0,0.260152772,0,-9.64520208,31.7798073,0,0.312146388,0,-0.0171527197,0,12.6506608,0,0.362851369,0,0,0,12.6558634,0,0
2.52,2.54,0,-0.0179538103,0,0.255148924,0,-9.64981715,32.0329052,0,0.319436527,0,-0.0175152951,0,12.6591422,0,0.366148202,0,0,0,12.6644363,0,0
2.54,2.56,0,-0.0175842816,0,0.250173804,0,-9.65436274,32.2861725,0,0.326791735,0,-0.0178707134,0,12.6675943,0,0.369358446,0,0,0,12.672978,0,0
2.56,2.58,0,-0.0171937045,0,0.245231455,0,-9.65887496,32.5396086,0,0.334210285,0,-0.0182185261,0,12.6760162,0,0.37248233,0,0,0,12.6814877,0,0
2.58,2.6,0,-0.0167847644,0,0.240325047,0,-9.6633826,32.7932127,0,0.341690446,0,-0.0185583392,0,12.6844071,0,0.375519513,0,0,0,12.6899645,0,0
2.6,2.62,0,-0.0163600268,0,0.235456987,0,-9.66790804,33.0469844,0,0.349230477,0,-0.0188898113,0,12.6927664,0,0.378469226,0,0,0,12.6984077,0,0
2.62,2.64,0,-0.015921881,0,0.234091296,0,-9.67251623,33.3009236,0,0.356828626,0,-0.0192126509,0,12.7011624,0,0.381330728,0,0,0,12.7068855,0,0
2.64,2.66,0,-0.0154725,0,0.229232615,0,-9.67721228,33.5550304,0,0.364483091,0,-0.0195266117,0,12.7095237,0,0.384100582,0,0,0,12.7153264,0,0
2.66,2.68,0,-0.0150138945,0,0.224458234,0,-9.68195206,33.8093041,0,0.372192026,0,-0.0198314894,0,12.7178503,0,0.386777582,0,0,0,12.7237304,0,0
2.68,2.7,0,-0.0145479053,0,0.219725235,0,-9.68674196,34.063744,0,0.379953562,0,-0.0201271183,0,12.7261414,0,0.389360398,0,0,0,12.7320963,0,0
2.7,2.72,0,-0.0140762001,0,0.215034159,0,-9.69158479,34.3183493,0,0.3877658,0,-0.0204133676,0,12.734396,0,0.391847667,0,0,0,12.7404233,0,0
2.72,2.74,0,-0.0136002754,0,0.210384936,0,-9.69648098,34.5731193,0,0.395626817,0,-0.0206901382,0,12.7426133,0,0.394238037,0,0,0,12.7487104,0,0
2.74,2.76,0,-0.0131214607,0,0.205777294,0,-9.70142905,34.8280533,0,0.403534662,0,-0.0209573594,0,12.7507922,0,0.39653021,0,0,0,12.7569564,0,0
2.76,2.78,0,-0.0126409262,0,0.201210807,0,-9.70642602,35.0831505,0,0.411487358,0,-0.0212149852,0,12.7589318,0,0.398722967,0,0,0,12.7651605,0,0
2.78,2.8,0,-0.0121596918,0,0.196684934,0,-9.71146774,35.3384101,0,0.419482906,0,-0.0214629918,0,12.7670313,0,0.400815194,0,0,0,12.7733214,0,0
2.8,2.82,0,-0.011678638,0,0.192199058,0,-9.71654925,35.5938312,0,0.427519284,0,-0.0217013741,0,12.7750894,0,0.40280589,0,0,0,12.7814382,0,0
2.82,2.84,0,-0.0111985171,0,0.187752511,0,-9.72166501,35.8494132,0,0.435594454,0,-0.0219301435,0,12.7831053,0,0.404694188,0,0,0,12.7895097,0,0
2.84,2.86,0,-0.0107199652,0,0.183344602,0,-9.72680915,36.1051549,0,0.443706359,0,-0.0221493253,0,12.791078,0,0.40647935,0,0,0,12.797535,0,0
2.86,2.88,0,-0.0102434878,0,0.182175398,0,-9.73202048,36.3610564,0,0.451852939,0,-0.022358956,0,12.7990703,0,0.408161301,0,0,0,12.8055767,0,0
2.88,2.9,0,-0.00976945397,0,0.177779158,0,-9.73728625,36.6171172,0,0.4600321,0,-0.0225590811,0,12.807016,0,0.409737387,0,0,0,12.8135687,0,0
2.9,2.92,0,-0.00929816764,0,0.173455425,0,-9.74255246,36.8733365,0,0.468241723,0,-0.0227497525,0,12.8149147,0,0.411207493,0,0,0,12.8215105,0,0
2.92,2.94,0,-0.00882987701,0,0.169166778,0,-9.74781515,37.1297133,0,0.476479688,0,-0.0229310278,0,12.8227654,0,0.412571573,0,0,0,12.829401,0,0
2.94,2.96,0,-0.00836478192,0,0.164913031,0,-9.75306992,37.3862466,0,0.484743875,0,-0.0231029689,0,12.830567,0,0.413829678,0,0,0,12.837239,0,0
2.96,2.98,0,-0.00790304091,0,0.160693752,0,-9.75831263,37.6429354,0,0.493032165,0,-0.0232656414,0,12.8383184,0,0.414981951,0,0,0,12.8450235,0,0
2.98,3,0,-0.00744477767,0,0.156508542,0,-9.76353937,37.8997787,0,0.501342443,0,-0.0234191137,0,12.8460185,0,0.416028615,0,0,0,12.8527534,0,0
3,3.02,0,-0.00699008687,0,0.152357038,0,-9.76874652,38.1567756,0,0.509672602,0,-0.0235634563,0,12.8536662,0,0.416969975,0,0,0,12.8604276,0,0
3.02,3.04,0,-0.00653903943,0,0.148238905,0,-9.77393071,38.4139248,0,0.518020538,0,-0.0236987415,0,12.8612604,0,0.417806407,0,0,0,12.8680449,0,0
3.04,3.06,0,-0.0060916871,0,0.144153846,0,-9.77908884,38.6712254,0,0.526384157,0,-0.0238250425,0,12.8688001,0,0.418538353,0,0,0,12.8756044,0,0
3.06,3.08,0,-0.0056480666,0,0.14010159,0,-9.7842181,38.9286762,0,0.534761374,0,-0.0239424338,0,12.8762841,0,0.419166317,0,0,0,12.883105,0,0
3.08,3.1,0,-0.00520817928,0,0.139060726,0,-9.78935793,39.1862768,0,0.543150124,0,-0.0240509901,0,12.8837711,0,0.419691446,0,0,0,12.890605,0,0
3.1,3.12,0,-0.00477197672,0,0.135016717,0,-9.79449946,39.4440265,0,0.551548331,0,-0.0241507856,0,12.8911992,0,0.420112199,0,0,0,12.8980429,0,0
3.12,3.14,0,-0.00433942043,0,0.131035766,0,-9.79959595,39.7019242,0,0.559953916,0,-0.0242418935,0,12.8985681,0,0.420429434,0,0,0,12.9054182,0,0
3.14,3.16,0,-0.0039104589,0,0.130021062,0,-9.8046886,39.9599692,0,0.568364827,0,-0.0243243864,0,12.9059353,0,0.420644595,0,0,0,12.9127885,0,0
3.16,3.18,0,-0.00348500988,0,0.126047401,0,-9.80977023,40.2181609,0,0.576779006,0,-0.0243983352,0,12.91324,0,0.420756406,0,0,0,12.9200931,0,0
3.18,3.2,0,-0.00306301611,0,0.122135108,0,-9.81479632,40.4764982,0,0.585194397,0,-0.0244638098,0,12.9204819,0,0.420765943,0,0,0,12.9273314,0,0
3.2,3.22,0,-0.00264444306,0,0.118253464,0,-9.81976797,40.7349796,0,0.593608964,0,-0.0245208787,0,12.9276598,0,0.42067424,0,0,0,12.9345025,0,0
3.22,3.24,0,-0.00222927595,0,0.114402788,0,-9.82468578,40.9936039,0,0.602020693,0,-0.0245696102,0,12.9347726,0,0.420482321,0,0,0,12.9416053,0,0
3.24,3.26,0,-0.00181751687,0,0.110583181,0,-9.82955031,41.2523699,0,0.610427591,0,-0.0246100724,0,12.9418195,0,0.420191199,0,0,0,12.948639,0,0
3.26,3.28,0,-0.00140915955,0,0.109625011,0,-9.83440217,41.5112766,0,0.61882769,0,-0.0246423336,0,12.948856,0,0.419802471,0,0,0,12.9556592,0,0
3.28,3.3,0,-0.00100417023,0,0.105815507,0,-9.8392353,41.7703234,0,0.627219027,0,-0.0246664613,0,12.9558234,0,0.419315053,0,0,0,12.9626072,0,0
3.3,3.32,0,-0.000602539972,0,0.102065039,0,-9.84400763,42.0295089,0,0.635599638,0,-0.0246825228,0,12.9627214,0,0.418730128,0,0,0,12.9694827,0,0
3.32,3.34,0,-0.000204281266,0,0.0983452076,0,-9.84872088,42.2888316,0,0.643967585,0,-0.0246905853,0,12.969549,0,0.418048831,0,0,0,12.9762847,0,0
3.34,3.36,0,0.000190575857,0,0.094656348,0,-9.8533762,42.5482902,0,0.652320951,0,-0.0246907167,0,12.9763051,0,0.417272274,0,0,0,12.9830124,0,0
3.36,3.38,0,0.00058198731,0,0.0909985856,0,-9.85797456,42.8078832,0,0.660657843,0,-0.0246829853,0,12.9829889,0,0.416401551,0,0,0,12.9896648,0,0
3.38,3.4,0,0.000969919908,0,0.0901011357,0,-9.86255557,43.0676096,0,0.668976396,0,-0.0246674604,0,12.989654,0,0.415438314,0,0,0,12.9962956,0,0
3.4,3.42,0,0.00135437021,0,0.086456485,0,-9.86711351,43.3274686,0,0.677274748,0,-0.0246442117,0,12.9962439,0,0.414381618,0,0,0,13.0028484,0,0
3.42,3.44,0,0.00173533592,0,0.085577201,0,-9.8716465,43.5874592,0,0.68555105,0,-0.0246133088,0,13.0028123,0,0.413233275,0,0,0,13.009377,0,0
3.44,3.46,0,0.00211283527,0,0.0819715071,0,-9.87614999,43.8475804,0,0.693803458,0,-0.0245748213,0,13.0093034,0,0.411992486,0,0,0,13.0158254,0,0
3.46,3.48,0,0.00248685851,0,0.0784221113,0,-9.88058457,44.1078307,0,0.702030137,0,-0.0245288186,0,13.0157165,0,0.410660608,0,0,0,13.0221933,0,0
3.48,3.5,0,0.00285739389,0,0.0775716576,0,-9.88499067,44.3682089,0,0.710229287,0,-0.0244753702,0,13.0221044,0,0.409239492,0,0,0,13.0285333,0,0
3.5,3.52,0,0.00322444851,0,0.0740359008,0,-9.88936372,44.6287141,0,0.718399113,0,-0.024414546,0,13.0284116,0,0.407728438,0,0,0,13.03479,0,0
3.52,3.54,0,0.00358800104,0,0.0705556258,0,-9.89366522,44.8893446,0,0.72653783,0,-0.0243464156,0,13.0346379,0,0.406128862,0,0,0,13.0409634,0,0
3.54,3.56,0,0.00394800675,0,0.0671058296,0,-9.8978978,45.1500989,0,0.734643682,0,-0.0242710496,0,13.0407825,0,0.404442113,0,0,0,13.0470526,0,0
3.56,3.58,0,0.00430442372,0,0.0662971589,0,-9.90210067,45.4109757,0,0.742714946,0,-0.0241885193,0,13.0468966,0,0.402670029,0,0,0,13.053109,0,0
3.58,3.6,0,0.00465723296,0,0.0628631485,0,-9.9062692,45.671974,0,0.750749906,0,-0.0240988967,0,13.0529263,0,0.400811981,0,0,0,13.0590787,0,0
3.6,3.62,0,0.00500639187,0,0.0594836368,0,-9.91036565,45.933092,0,0.758746857,0,-0.0240022543,0,13.0588713,0,0.3988694,0,0,0,13.0649614,0,0
3.62,3.64,0,0.00535183875,0,0.0561347428,0,-9.91439247,46.1943281,0,0.766704123,0,-0.0238986658,0,13.0647309,0,0.396843657,0,0,0,13.0707566,0,0
3.64,3.66,0,0.0056935181,0,0.0553701473,0,-9.91838795,46.455681,0,0.774620061,0,-0.0237882059,0,13.0705551,0,0.39473658,0,0,0,13.0765144,0,0
3.66,3.68,0,0.00603140004,0,0.0520387649,0,-9.92234737,46.7171496,0,0.782493036,0,-0.0236709503,0,13.0762914,0,0.392547629,0,0,0,13.0821822,0,0
3.68,3.7,0,0.00636543435,0,0.0487608397,0,-9.92623368,46.9787319,0,0.790321426,0,-0.0235469755,0,13.0819395,0,0.390278262,0,0,0,13.0877598,0,0
3.7,3.72,0,0.00669557473,0,0.0480293517,0,-9.93008518,47.2404269,0,0.798103643,0,-0.0234163589,0,13.0875488,0,0.387930348,0,0,0,13.0932969,0,0
3.72,3.74,0,0.00702179827,0,0.0447695323,0,-9.93389733,47.5022331,0,0.805838109,0,-0.0232791787,0,13.0930676,0,0.385503455,0,0,0,13.0987416,0,0
3.74,3.76,0,0.00734406044,0,0.0415623399,0,-9.9376338,47.7641488,0,0.813523261,0,-0.0231355134,0,13.0984954,0,0.382999098,0,0,0,13.1040937,0,0
3.76,3.78,0,0.00766231926,0,0.0408644624,0,-9.94133251,48.0261726,0,0.821157569,0,-0.0229854429,0,13.1038812,0,0.380419173,0,0,0,13.1094021,0,0
3.78,3.8,0,0.00797657466,0,0.0401540502,0,-9.94502461,48.2883038,0,0.828739524,0,-0.0228290473,0,13.1092235,0,0.377763781,0,0,0,13.1146653,0,0
3.8,3.82,0,0.00828683921,0,0.0369751134,0,-9.94866833,48.5505408,0,0.836267612,0,-0.0226664065,0,13.1144716,0,0.375032736,0,0,0,13.1198328,0,0
3.82,3.84,0,0.00859311414,0,0.0363067382,0,-9.95226431,48.8128823,0,0.843740343,0,-0.0224976004,0,13.1196743,0,0.372228124,0,0,0,13.1249536,0,0
3.84,3.86,0,0.00889540991,0,0.0331673485,0,-9.95580959,49.0753269,0,0.851156242,0,-0.0223227085,0,13.1247811,0,0.369349822,0,0,0,13.1299771,0,0
3.86,3.88,0,0.00919370448,0,0.0300790198,0,-9.95926974,49.3378728,0,0.858513852,0,-0.0221418106,0,13.1297918,0,0.366399549,0,0,0,13.1349031,0,0
3.88,3.9,0,0.00948796888,0,0.029443888,0,-9.96268295,49.6005183,0,0.865811757,0,-0.0219549872,0,13.134754,0,0.363379321,0,0,0,13.1397796,0,0
3.9,3.92,0,0.00977818823,0,0.0263751106,0,-9.96604578,49.8632621,0,0.873048555,0,-0.0217623188,0,13.139618,0,0.360289057,0,0,0,13.1445567,0,0
3.92,3.94,0,0.0100643394,0,0.025761746,0,-9.96935875,50.1261027,0,0.880222866,0,-0.0215638868,0,13.1444317,0,0.357130819,0,0,0,13.1492824,0,0
3.94,3.96,0,0.0103464113,0,0.0227332252,0,-9.97261898,50.3890385,0,0.887333331,0,-0.0213597725,0,13.1491456,0,0.353904602,0,0,0,13.1539074,0,0
3.96,3.98,0,0.0106243638,0,0.0197548436,0,-9.97579288,50.6520677,0,0.894378606,0,-0.0211500578,0,13.1537595,0,0.350612153,0,0,0,13.1584315,0,0
3.98,4,0,0.0108981526,0,0.0191761954,0,-9.97891787,50.9151886,0,0.901357389,0,-0.0209348257,0,13.1583203,0,0.347255465,0,0,0,13.1629016,0,0
4,4.02,0,0.0111677499,0,0.016218832,0,-9.98199051,51.1783996,0,0.908268393,0,-0.0207141596,0,13.1627792,0,0.343834572,0,0,0,13.1672692,0,0
4.02,4.04,0,0.0114331224,0,0.0156628806,0,-9.98501138,51.4416993,0,0.915110357,0,-0.0204881438,0,13.1671831,0,0.34035151,0,0,0,13.1715811,0,0
4.04,4.06,0,0.0116942694,0,0.0150973425,0,-9.98801143,51.7050866,0,0.921882041,0,-0.0202568629,0,13.1715308,0,0.336806682,0,0,0,13.1758363,0,0
4.06,4.08,0,0.0119511972,0,0.0121907153,0,-9.99095182,51.9685597,0,0.928582211,0,-0.0200204012,0,13.1757744,0,0.333200323,0,0,0,13.1799869,0,0
4.08,4.1,0,0.0122038972,0,0.011666411,0,-9.9938342,52.2321172,0,0.935209658,0,-0.0197788432,0,13.1799604,0,0.329534563,0,0,0,13.1840794,0,0
4.1,4.12,0,0.0124523672,0,0.00879977158,0,-9.9966563,52.4957573,0,0.941763196,0,-0.0195322735,0,13.184041,0,0.325809673,0,0,0,13.1880662,0,0
4.12,4.14,0,0.0126965727,0,0.00598170826,0,-9.99938617,52.7594779,0,0.94824166,0,-0.0192807769,0,13.188016,0,0.322027529,0,0,0,13.1919471,0,0
4.14,4.16,0,0.0129364717,0,0.00549292828,0,-10.0020607,53.0232775,0,0.954643929,0,-0.0190244393,0,13.1919311,0,0.318190149,0,0,0,13.1957679,0,0
4.16,4.18,0.00826732177,0.0347362302,0.00054165727,0.00666092905,-0.00109650688,-10.1357853,53.2871546,-5.42101934e-07,0.960977293,4.06913631e-05,-0.0186585545,2.74565446e-06,13.1957425,-0.000112017629,0.315985892,0,0,0,13.1995252,0,0
4.18,4.2,0.0385107526,0.121722197,0.00213733874,0.0179879872,-0.0182264288,-10.3634989,53.5511056,-6.91435225e-06,0.967310107,0.00048984893,-0.0171648785,2.98971837e-05,13.1993445,-0.00055820258,0.317308402,0,0,0,13.203158,0,0
4.2,4.22,0.0742855183,0.23861792,0.00333607638,0.0535782864,-0.0390705723,-10.6616357,53.8151277,-2.34555293e-05,0.973652501,0.00161817102,-0.013584812,8.98036678e-05,13.202856,-0.00108600527,0.315994963,0,0,0,13.206637,0,0
4.22,4.24,0.107363985,0.362702369,0.00366394321,0.113290404,-0.0582907854,-11.0773565,54.079219,-4.92483581e-05,0.979898678,0.00344250529,-0.00756939078,0.000176650064,13.2062339,-0.00144436133,0.306974131,0,0,0,13.2098012,0,0
4.24,4.26,0.135836963,0.481898587,0.00313964052,0.194458388,-0.0735480458,-11.6065987,54.3433747,-7.84840934e-05,0.98585528,0.00587976171,0.00089182894,0.000285557226,13.2092791,-0.00138334714,0.286524406,0,0,0,13.2123863,0,0
4.26,4.28,0.160913293,0.589417122,0.00187018794,0.30017821,-0.0843801938,-12.2245749,54.6075865,-9.99891945e-05,0.991265781,0.0088558162,0.0116299933,0.000416029101,13.2117833,-0.000636453664,0.251987681,0,0,0,13.2141862,0,0
4.28,4.3,0.182126011,0.680217041,-7.44372537e-06,0.425357876,-0.0933046536,-12.9009943,54.8718402,-9.79539229e-05,0.995828754,0.0122931993,0.0243564011,0.000570236215,13.2133982,0.00101324381,0.201558604,0,0,0,13.2149354,0,0
4.3,4.32,0.200837356,0.751838686,-0.00232105467,0.563476529,-0.100619287,-13.6039424,55.1361131,-5.1927678e-05,0.999216415,0.0161343726,0.038709658,0.000751516359,13.2136392,0.00378031926,0.134384229,0,0,0,13.2143231,0,0
4.32,4.34,0.217117027,0.802870117,-0.00483733105,0.713442123,-0.109811309,-14.3005609,55.4003735,6.15810648e-05,1.00109195,0.020324605,0.0542910002,0.000964529171,13.2120443,0.00780817285,0.0503967072,0,0,0,13.2121427,0,0
4.34,4.36,0.232765826,0.83258486,-0.0076224665,0.865938445,-0.116040343,-14.9608299,55.664579,0.000270680768,1.00112441,0.0248422309,0.0706800028,0.00121089153,13.2080642,0.013373266,-0.0497565027,0,0,0,13.2081647,0,0
4.36,4.38,0.247123631,0.841146968,-0.0106760202,1.01323215,-0.122451364,-15.5586047,55.9286765,0.000607917752,0.999002556,0.0296622681,0.0874507262,0.00148580215,13.2011476,0.020646714,-0.164763536,0,0,0,13.2021919,0,0
4.38,4.4,0.261492051,0.829423825,-0.0139401009,1.14721517,-0.129903664,-16.0712191,56.1926019,0.00110886913,0.994447249,0.0347792229,0.104188537,0.00178035429,13.1907811,0.0297677258,-0.292749298,0,0,0,13.1940629,0,0
4.4,4.42,0.275214198,0.798626388,-0.0174737409,1.26265025,-0.137641617,-16.4805805,56.4562823,0.00181175796,0.98722134,0.0401773514,0.12049968,0.00207914513,13.176582,0.0408559798,-0.431404515,0,0,0,13.1837056,0,0
4.42,4.44,0.289878053,0.750503474,-0.0212690226,1.34841119,-0.14654551,-16.7737164,56.7196373,0.00275672046,0.977137681,0.0458661482,0.136019969,0.0023616208,13.1581982,0.0539850132,-0.578052151,0,0,0,13.1709999,0,0
4.44,4.46,0.304333919,0.687339831,-0.0254442195,1.40446674,-0.155776859,-16.9421634,56.9825818,0.00398503073,0.964065299,0.0518390101,0.150426682,0.00260030225,13.1355277,0.0691928657,-0.729777024,0,0,0,13.1559664,0,0
4.46,4.48,0.321031683,0.611852413,-0.0300317408,1.42577819,-0.166148828,-16.9831507,57.2450301,0.00553831359,0.947932952,0.0581149189,0.163446464,0.00276302036,13.1085964,0.0864853826,-0.883528892,0,0,0,13.1386226,0,0
4.48,4.5,0.339338099,0.527386722,-0.0352174296,1.41227926,-0.176492166,-16.8978281,57.5068988,0.00745818032,0.928731062,0.0647248609,0.174869239,0.00281209004,13.0776172,0.105825905,-1.0362307,0,0,0,13.1190336,0,0
4.5,4.52,0.358644463,0.437397544,-0.0409495201,1.36851469,-0.190657648,-16.6938238,57.7681109,0.00978384686,0.906510122,0.0716848575,0.184551164,0.00270795023,13.0430194,0.127040059,-1.18494764,0,0,0,13.0973507,0,0
4.52,4.54,0.37868154,0.346021221,-0.0472709369,1.29644451,-0.206419531,-16.3812777,58.0285993,0.0125512598,0.881377979,0.0790012776,0.19242849,0.0024122554,13.0053376,0.149973865,-1.3269292,0,0,0,13.0737156,0,0
4.54,4.56,0.399711147,0.256288113,-0.0542109211,1.20168583,-0.223554051,-15.9727067,58.2883084,0.0157931444,0.853493256,0.0866813456,0.198509451,0.00188857398,12.9652032,0.174457901,-1.4598542,0,0,0,13.0482989,0,0
4.56,4.58,0.421869665,0.170630079,-0.0617956084,1.09312885,-0.242082544,-15.4838857,58.5471965,0.019538658,0.823056655,0.0947392284,0.202857172,0.00110317667,12.9233517,0.200300777,-1.58183789,0,0,0,13.0213421,0,0
4.58,4.6,0.444793301,0.0910021436,-0.0700174414,0.97234115,-0.262565582,-14.9317338,58.8052357,0.0238127763,0.790302423,0.103186052,0.205579111,2.62554528e-05,12.8804342,0.227283301,-1.69140957,0,0,0,12.9930023,0,0
4.6,4.62,0.46867962,0.0191684425,-0.0788583601,0.850594893,-0.284608699,-14.3347735,59.0624121,0.0286361907,0.755489845,0.112033536,0.206819238,-0.00136683446,12.8371777,0.255194432,-1.78752656,0,0,0,12.9635453,0,0
4.62,4.64,0.493648328,-0.0432356491,-0.0882860478,0.730775553,-0.308394448,-13.7098182,59.3187253,0.0340253366,0.718895313,0.121301041,0.206758384,-0.00309365766,12.7942026,0.283822643,-1.8695407,0,0,0,12.9331882,0,0
4.64,4.66,0.519349695,-0.0958574627,-0.0982557277,0.620047613,-0.334019251,-13.0721025,59.5741867,0.0399925929,0.680803227,0.131005689,0.205597155,-0.00516513814,12.7520868,0.312975915,-1.93728739,0,0,0,12.9021996,0,0
4.66,4.68,0.54599446,-0.139096825,-0.108678913,0.513326076,-0.361616348,-12.4354895,59.828817,0.0465467475,0.641497778,0.141165348,0.203535171,-0.00758663126,12.7111422,0.342485031,-1.99093409,0,0,0,12.8706741,0,0
4.68,4.7,0.573873159,-0.173105437,-0.119463073,0.423764969,-0.391467668,-11.815275,60.0826439,0.0536933319,0.601256753,0.151805703,0.200763008,-0.0103580824,12.6718031,0.372196331,-2.03091561,0,0,0,12.8389151,0,0
4.7,4.72,0.602730698,-0.196992164,-0.130559167,0.344052858,-0.422983647,-11.2228182,60.3357016,0.0614351413,0.560348585,0.162955322,0.197482975,-0.0134714387,12.634255,0.40198955,-2.05776995,0,0,0,12.8070454,0,0
4.72,4.74,0.631943655,-0.211000806,-0.141857436,0.277463423,-0.45676218,-10.6668147,60.5880275,0.0697728534,0.519027725,0.174633252,0.193902953,-0.0169104503,12.5986275,0.431776083,-2.07234414,0,0,0,12.7752282,0,0
4.74,4.76,0.661500222,-0.215716458,-0.153220918,0.226720162,-0.492383199,-10.1553747,60.839661,0.0787058654,0.477529616,0.186853044,0.190221042,-0.0206515366,12.5650163,0.461520259,-2.07567613,0,0,0,12.7436677,0,0
4.76,4.78,0.691650364,-0.211779604,-0.164529677,0.188077637,-0.529259358,-9.69454278,61.0906422,0.088233502,0.436067895,0.199632265,0.186622453,-0.0246643965,12.5333834,0.491243535,-2.06890387,0,0,0,12.7124892,0,0
4.78,4.8,0.722421552,-0.199918824,-0.175652669,0.157240367,-0.567884946,-9.28866998,61.3410091,0.0983558182,0.394832676,0.212991297,0.183277377,-0.0289122728,12.503565,0.52100587,-2.05323104,0,0,0,12.6817326,0,0
4.8,4.82,0.753868495,-0.180642016,-0.186514305,0.136155476,-0.607104873,-8.94122114,61.5907967,0.10907482,0.35398966,0.226950391,0.180341793,-0.0333526984,12.475417,0.550936201,-2.02988605,0,0,0,12.651482,0,0
4.82,4.84,0.786348417,-0.154198345,-0.197020814,0.126929782,-0.646988505,-8.65345036,61.8400371,0.120395448,0.31367996,0.241534169,0.177964017,-0.0379362115,12.4488269,0.581202946,-2.00010879,0,0,0,12.6218669,0,0
4.84,4.86,0.820183943,-0.121344721,-0.207091655,0.125224413,-0.687508811,-8.4248127,62.0887597,0.132326671,0.274019599,0.256774788,0.176280914,-0.0426071175,12.4235843,0.6120386,-1.96516634,0,0,0,12.5929312,0,0
4.86,4.88,0.855661904,-0.0831239023,-0.21657866,0.1263678,-0.729753161,-8.25430525,62.3369882,0.144882479,0.235099304,0.272708238,0.175408224,-0.0473057948,12.3993858,0.643699404,-1.92630616,0,0,0,12.5646238,0,0
4.88,4.9,0.893781829,-0.0404202571,-0.225260769,0.132703568,-0.775151519,-8.13855408,62.5847412,0.158081834,0.196985425,0.289384227,0.17544074,-0.0519667374,12.3759852,0.676452947,-1.88471659,0,0,0,12.5369356,0,0
4.9,4.92,0.935417899,0.00551315973,-0.233131497,0.147376095,-0.821038959,-8.07288784,62.8320328,0.171950386,0.159721234,0.306873538,0.176449687,-0.0565222855,12.3532147,0.710688522,-1.84151329,0,0,0,12.5099225,0,0
4.92,4.94,0.980489846,0.0532823194,-0.240226812,0.158551196,-0.867871388,-8.05208739,63.078872,0.186522057,0.123329192,0.325253855,0.17847805,-0.0609077917,12.3306955,0.746834757,-1.79765197,0,0,0,12.4834036,0,0
4.94,4.96,1.02881048,0.101548673,-0.246739467,0.177341249,-0.913479895,-8.0686806,63.3252623,0.201839621,0.087813979,0.344597704,0.181541067,-0.0650637182,12.3083019,0.785392012,-1.75393914,0,0,0,12.457425,0,0
4.96,4.98,1.08056908,0.149002307,-0.253279575,0.203876745,-0.949876811,-8.11458948,63.5712055,0.217958242,0.0531667245,0.364978358,0.185628918,-0.0689446442,12.2859637,0.827040979,-1.71092869,0,0,0,12.4320625,0,0
4.98,5,1.13277065,0.194690324,-0.260225242,0.229796089,-0.983570519,-8.18520061,63.8167006,0.234945259,0.0193697212,0.386452441,0.190712966,-0.0725199257,12.2634746,0.872287513,-1.66896641,0,0,0,12.4072215,0,0
5,5.02,1.17789942,0.237517475,-0.26755642,0.25491681,-1.02055727,-8.27449509,64.0617428,0.252875672,-0.0136005671,0.40895003,0.196746863,-0.0757684849,12.2406421,0.921429972,-1.62828849,0,0,0,12.3827976,0,0
5.02,5.04,1.21358467,0.276538034,-0.274963677,0.285839416,-1.05725448,-8.37357589,64.3063248,0.27183005,-0.0457711363,0.432303495,0.203659365,-0.0786763646,12.2174475,0.974715453,-1.58897502,0,0,0,12.3588404,0,0
5.04,5.06,1.24013044,0.312030539,-0.282069757,0.317193697,-1.09219935,-8.47360425,64.5504386,0.291892904,-0.0771677227,0.45633003,0.211373591,-0.0812273784,12.1938157,1.03230404,-1.55086256,0,0,0,12.3353138,0,0
5.06,5.08,1.25886521,0.343525705,-0.288535823,0.348104825,-1.1251532,-8.56771967,64.7940749,0.313151647,-0.107812414,0.480866414,0.219805649,-0.0834049744,12.1696739,1.09431674,-1.51373665,0,0,0,12.3121846,0,0
5.08,5.1,1.27135277,0.371019234,-0.294098154,0.373283484,-1.15644344,-8.65101465,65.0372219,0.335695256,-0.137721472,0.50577998,0.22886415,-0.0851950769,12.1448813,1.16078735,-1.47723136,0,0,0,12.2893361,0,0
5.1,5.12,1.27905123,0.394796673,-0.298564831,0.396465543,-1.18656627,-8.71914094,65.2798662,0.359612399,-0.166903012,0.530969653,0.238458167,-0.08658435,12.1194004,1.23165257,-1.44090477,0,0,0,12.2667453,0,0
5.12,5.14,1.28319341,0.414982575,-0.301804759,0.421571184,-1.21597314,-8.7672647,65.5219946,0.384989648,-0.195355999,0.556362324,0.24850016,-0.0875600013,12.0932913,1.30677446,-1.40429916,0,0,0,12.2444848,0,0
5.14,5.16,1.28476304,0.431446144,-0.303744675,0.443427505,-1.24502052,-8.79356293,65.7635945,0.411910406,-0.223070029,0.581906397,0.258898581,-0.0881156866,12.0665364,1.38595735,-1.3669103,0,0,0,12.2225456,0,0
5.16,5.18,1.28452054,0.444891848,-0.304345471,0.461747526,-1.27402696,-8.7949273,66.0046528,0.4404529,-0.250023516,0.607568227,0.269569275,-0.0882453958,12.0391459,1.46889705,-1.32815385,0,0,0,12.2009297,0,0
5.18,5.2,1.28336572,0.455562191,-0.304094467,0.468251251,-1.2872348,-8.76908523,66.2451559,0.470691089,-0.276181752,0.633328951,0.280435585,-0.0879470914,12.0110542,1.5555796,-1.28719685,0,0,0,12.1795782,0,0
5.2,5.22,1.28197703,0.464132567,-0.303679355,0.481505491,-1.27669504,-8.71458036,66.4850936,0.50270077,-0.301491309,0.659185527,0.291440589,-0.087229251,11.9826181,1.64597703,-1.24319333,0,0,0,12.1588612,0,0
5.22,5.24,1.28043226,0.470702964,-0.303136153,0.491171507,-1.26614958,-8.63255895,66.7244597,0.536551791,-0.325885826,0.68513896,0.302535417,-0.0861057329,11.9539013,1.73962454,-1.19559469,0,0,0,12.1388425,0,0
5.24,5.26,1.27879196,0.475998209,-0.302488597,0.492824739,-1.25581944,-8.52201271,66.9632484,0.572303784,-0.349287435,0.71119241,0.313681784,-0.0845863936,11.9249014,1.83598717,-1.14382129,0,0,0,12.119507,0,0
5.26,5.28,1.27710501,0.480178069,-0.301756268,0.496266611,-1.2457641,-8.38406251,67.201456,0.61000564,-0.37160823,0.737350249,0.324847401,-0.0826795692,11.8958009,1.93451148,-1.08743218,0,0,0,12.1010298,0,0
5.28,5.3,1.27541091,0.484092043,-0.300949214,0.487458377,-1.23601374,-8.21971989,67.4390797,0.649694681,-0.392750605,0.763619424,0.336009603,-0.0803873917,11.8665285,2.0346048,-1.02590979,0,0,0,12.0833193,0,0
5.3,5.32,1.27374397,0.488299081,-0.300065171,0.481472119,-1.22661948,-8.03028022,67.676118,0.691396203,-0.412608361,0.790010638,0.347156418,-0.0777024786,11.8372898,2.13566131,-0.958916038,0,0,0,12.0665653,0,0
5.32,5.34,1.27213792,0.493143504,-0.299094316,0.478699416,-1.21760042,-7.81776476,67.9125738,0.735123567,-0.431069436,0.816537775,0.358281598,-0.0746106218,11.8082854,2.23709401,-0.886201292,0,0,0,12.0509562,0,0
5.34,5.36,1.27062232,0.498839108,-0.298022772,0.470084062,-1.2089295,-7.58415369,68.1484518,0.78087872,-0.448016908,0.843217514,0.369381542,-0.0710925559,11.7795345,2.33834777,-0.807527026,0,0,0,12.036503,0,0
5.36,5.38,1.26922223,0.505518317,-0.296834541,0.461181576,-1.20061286,-7.33141834,68.3837582,0.828652608,-0.463330115,0.870069001,0.380453378,-0.0671251283,11.7511493,2.43887835,-0.722757195,0,0,0,12.0233113,0,0
5.38,5.4,1.26795985,0.513758612,-0.295510333,0.447555632,-1.19267185,-7.06350997,68.6185007,0.878425393,-0.47688583,0.897114396,0.39149524,-0.0626800619,11.7231564,2.5381357,-0.631758587,0,0,0,12.0113966,0,0
5.4,5.42,1.26686131,0.524865716,-0.294009781,0.434769542,-1.18514247,-6.78204089,68.8526883,0.930165746,-0.488558675,0.924385631,0.402517227,-0.0577070718,11.6956801,2.63555817,-0.534476724,0,0,0,12.0008652,0,0
5.42,5.44,1.26595614,0.538851598,-0.292282965,0.42819154,-1.17796176,-6.49018565,69.0863331,0.983832617,-0.498224092,0.951922071,0.413531738,-0.0521422703,11.6688993,2.73072246,-0.431035317,0,0,0,11.9919076,0,0
5.44,5.46,1.26527154,0.555680236,-0.290281828,0.418289243,-1.17107119,-6.19098977,69.3194491,1.03937716,-0.505759846,0.97976708,0.424545244,-0.0459179858,11.6427988,2.82326927,-0.321538641,0,0,0,11.9845317,0,0
5.46,5.48,1.26483231,0.57494281,-0.287962247,0.415405561,-1.16444251,-5.88576881,69.5520513,1.09674388,-0.51104715,1.00796702,0.435556676,-0.0389652807,11.6175299,2.9129014,-0.20623112,0,0,0,11.9789201,0,0
5.48,5.5,1.26465781,0.59629394,-0.285293255,0.409562313,-1.1580552,-5.57864162,69.7841559,1.15587206,-0.513971759,1.03656679,0.446552198,-0.0312241139,11.5930567,2.99935148,-0.0852972123,0,0,0,11.975072,0,0
5.5,5.52,1.2647693,0.62099693,-0.282230504,0.406045336,-1.15198211,-5.27005215,70.0157797,1.21669438,-0.514422978,1.06562069,0.457520103,-0.0226174539,11.5694582,3.08227487,0.041064337,0,0,0,11.9730726,0,0
5.52,5.54,1.26518857,0.64900209,-0.278720353,0.399877108,-1.14611787,-4.96184547,70.2469397,1.27913825,-0.512294602,1.09519172,0.46844675,-0.0130541607,11.5466853,3.16148096,0.172612054,0,0,0,11.9729152,0,0
5.54,5.56,1.26593573,0.680102605,-0.274712852,0.401061941,-1.1404556,-4.65606971,70.4776537,1.34312789,-0.507486439,1.12534577,0.479308517,-0.00244266868,11.524856,3.23683216,0.308989584,0,0,0,11.9747594,0,0
5.56,5.58,1.26702799,0.713853862,-0.27016375,0.399405708,-1.13492451,-4.35317037,70.7079398,1.40858525,-0.499904684,1.15614982,0.49007068,0.00930574638,11.5038951,3.30824695,0.44991403,0,0,0,11.9785861,0,0
5.58,5.6,1.26847679,0.749796952,-0.265040901,0.399881059,-1.12952956,-4.05504371,70.9378154,1.47543112,-0.489461765,1.18766731,0.5006849,0.0222683084,11.4838182,3.37565883,0.595056178,0,0,0,11.9844584,0,0
5.6,5.62,1.27029429,0.788520958,-0.259307728,0.402310755,-1.12431217,-3.76119549,71.1672986,1.54358407,-0.476076331,1.21996531,0.5110964,0.0365272288,11.4646582,3.43894401,0.744111287,0,0,0,11.992432,0,0
5.62,5.64,1.27249153,0.829939971,-0.252923476,0.401583667,-1.11920905,-3.47205372,71.396407,1.61296103,-0.459672914,1.25311392,0.521242779,0.0521690214,11.4463441,3.49805645,0.896799021,0,0,0,12.0024764,0,0
5.64,5.66,1.27507812,0.873828985,-0.245850271,0.407577252,-1.11422274,-3.1879955,71.6251586,1.68347843,-0.440182677,1.28718113,0.531050557,0.0692749293,11.4289755,3.55298854,1.05273751,0,0,0,12.0147186,0,0
5.66,5.68,1.27806059,0.919381705,-0.238057588,0.410145001,-1.10926871,-2.90736809,71.8535715,1.75505286,-0.417543449,1.32222815,0.540433955,0.0879135836,11.4124657,3.60377947,1.21164006,0,0,0,12.0291177,0,0
5.68,5.7,1.28143315,0.963021905,-0.229550167,0.409911559,-1.10412495,-2.6234585,72.0816616,1.82760313,-0.391698958,1.35828921,0.549289491,0.108104567,11.3966873,3.65064365,1.37320034,0,0,0,12.0456366,0,0
5.7,5.72,1.2851639,0.997307254,-0.220443315,0.417496701,-1.0986291,-2.328714,72.3094436,1.90105457,-0.362600177,1.39531707,0.557488016,0.129720214,11.3816554,3.69392119,1.53701809,0,0,0,12.0643921,0,0
5.72,5.74,1.28919315,1.01576113,-0.210985109,0.424879905,-1.09294045,-2.00734583,72.5369321,1.97533522,-0.33020431,1.4331577,0.564892963,0.152448137,11.3673594,3.73349684,1.70286578,0,0,0,12.0853469,0,0
5.74,5.76,1.29344397,1.01405262,-0.201524693,0.440634149,-1.08743741,-1.63902426,72.7641442,2.05036502,-0.294473434,1.47156308,0.571391816,0.175823673,11.3540906,3.76866187,1.87046943,0,0,0,12.1085442,0,0
5.76,5.78,1.29783722,0.990723204,-0.19246436,0.47435665,-1.0826447,-1.20346559,72.9911063,2.12604349,-0.255376345,1.51022225,0.576922356,0.199289652,11.342471,3.79808174,2.03941323,0,0,0,12.1340957,0,0
5.78,5.8,1.30229959,0.947404,-0.184200739,0.517417692,-1.07907963,-0.683013058,73.2178573,2.20223713,-0.212890333,1.54880726,0.581487365,0.222277217,11.3331301,3.81982656,2.20924787,0,0,0,12.161895,0,0
5.8,5.82,1.30676945,0.886723349,-0.1770805,0.590580328,-1.07713002,-0.0640458407,73.444453,2.27877125,-0.167005834,1.58701366,0.585153841,0.244272003,11.3270847,3.83178748,2.37911039,0,0,0,12.1920305,0,0
5.82,5.84,1.3111867,0.809945912,-0.171415071,0.675977562,-1.07697151,0.660114951,73.6709662,2.35542874,-0.117730743,1.62456065,0.588043105,0.264806754,11.325016,3.83178885,2.54813635,0,0,0,12.2242215,0,0
5.84,5.86,1.31548612,0.719441436,-0.16747934,0.793618328,-1.07885568,1.49042236,73.8974857,2.43194855,-0.0650938854,1.66119922,0.590321372,0.283470778,11.3278948,3.81767058,2.71503932,0,0,0,12.2583542,0,0
5.86,5.88,1.31960499,0.617353835,-0.165496177,0.956472446,-1.08287692,2.42552307,74.1241211,2.50802815,-0.00915334615,1.69672664,0.592187639,0.299933041,11.3367663,3.78748128,2.87822295,0,0,0,12.2943666,0,0
5.88,5.9,1.32347624,0.505822323,-0.165657811,1.16629517,-1.08917558,3.45388785,74.3510013,2.58332879,0.049999337,1.73097326,0.593864242,0.313917555,11.3525579,3.73944628,3.03592311,0,0,0,12.3321068,0,0
5.9,5.92,1.32704274,0.393331674,-0.168045069,1.43265664,-1.09813843,4.56396071,74.5782755,2.65747437,0.112233975,1.76385623,0.595572492,0.325300616,11.3763253,3.67168253,3.18605606,0,0,0,12.3714584,0,0
5.92,5.94,1.33027624,0.288380531,-0.172551105,1.72676765,-1.10728269,5.64220609,74.8061095,2.73005997,0.177379462,1.79542836,0.5974952,0.334198901,11.4080114,3.58457439,3.3271639,0,0,0,12.4121681,0,0
5.94,5.96,1.33314311,0.189070731,-0.179007904,1.80375748,-1.10536371,5.90819646,75.0345942,2.80083658,0.245295793,1.8257896,0.599779643,0.340812596,11.4403156,3.49291544,3.46391853,0,0,0,12.4531125,0,0
5.96,5.98,1.3355899,0.0963008555,-0.187272283,1.82609922,-1.10330981,5.97519071,75.2637125,2.86976857,0.315916384,1.85502497,0.602554359,0.345317253,11.4713265,3.40010127,3.59759038,0,0,0,12.4937855,0,0
5.98,6,1.33757802,0.0110365932,-0.197172251,1.8448304,-1.10204998,6.03976432,75.4934355,2.93683219,0.389180148,1.88323725,0.605918255,0.347922861,11.5007504,3.30608159,3.7282427,0,0,0,12.5338434,0,0
6,6.02,1.33908389,-0.0657660727,-0.208520387,1.86243587,-1.1015426,6.09958839,75.7237292,3.00200349,0.465026969,1.9105372,0.60994297,0.348856017,11.5283622,3.21085453,3.85589417,0,0,0,12.5730124,0,0
6.02,6.04,1.34010653,-0.131405639,-0.22109003,1.88027419,-1.10183016,6.15577097,75.9545562,3.06525758,0.54339612,1.93705975,0.614663945,0.348386649,11.5540372,3.11434657,3.98047269,0,0,0,12.6110702,0,0
6.04,6.06,1.34067198,-0.183490793,-0.234603415,1.89169287,-1.10280922,6.20856689,76.1858756,3.12656834,0.624226004,1.96297364,0.620072358,0.346841694,11.5775733,3.01652937,4.10197178,0,0,0,12.6477597,0,0
6.06,6.08,1.34083053,-0.220469673,-0.248749405,1.89462219,-1.10434137,6.25676654,76.4176426,3.18591027,0.707455297,1.98847243,0.626117341,0.344585262,11.5987589,2.91747911,4.22041926,0,0,0,12.6828558,0,0
6.08,6.1,1.34065395,-0.241487488,-0.26319545,1.88472451,-1.10623812,6.30126835,76.6498076,3.24325984,0.793023839,2.0137695,0.632707992,0.34200608,11.6173338,2.81734269,4.33591801,0,0,0,12.7161334,0,0
6.1,6.12,1.34022684,-0.2476816,-0.277622786,1.87009457,-1.1082796,6.34003944,76.8823168,3.2985988,0.880873554,2.03907703,0.639727253,0.339478466,11.6331498,2.71647567,4.44856081,0,0,0,12.7475138,0,0
6.12,6.14,1.33963955,-0.240101405,-0.29174404,1.85051224,-1.11035657,6.37307228,77.1151139,3.35191615,0.970948286,2.06459503,0.64704184,0.337342874,11.6461017,2.61523466,4.55844082,0,0,0,12.7769527,0,0
6.14,6.16,1.33898445,-0.219184594,-0.305295838,1.81862196,-1.11239031,6.40086169,77.34814,3.40320735,1.06319435,2.09051621,0.654501521,0.335914136,11.6560341,2.51390614,4.66570911,0,0,0,12.8043624,0,0
6.16,6.18,1.33835702,-0.184482444,-0.318023213,1.7770035,-1.11436791,6.42430657,77.5813341,3.4524733,1.15756027,2.11703516,0.661932804,0.33549744,11.6629007,2.41274966,4.77043489,0,0,0,12.829718,0,0
6.18,6.2,1.33785887,-0.135671007,-0.329667371,1.72978849,-1.11621076,6.44474873,77.8146353,3.49972025,1.25399538,2.14435432,0.669132059,0.336398818,11.6667407,2.31207126,4.87265176,0,0,0,12.8530637,0,0
6.2,6.22,1.33758773,-0.0741813613,-0.339991724,1.67613604,-1.11776092,6.4594582,78.0479832,3.5449619,1.35245096,2.17266239,0.675878649,0.338892152,11.6675698,2.21228957,4.97250457,0,0,0,12.8744791,0,0
6.22,6.24,1.33763026,-0.00117307324,-0.348793652,1.61660246,-1.11899312,6.46820777,78.281318,3.58822023,1.452881,2.20212052,0.681943559,0.343200756,11.6654564,2.1137997,5.07011576,0,0,0,12.8940721,0,0
6.24,6.26,1.33806381,0.0831512045,-0.355890805,1.55004981,-1.11994505,6.47143692,78.5145821,3.62952452,1.5552415,2.23286431,0.687084347,0.349505476,11.6605173,2.01692951,5.16555378,0,0,0,12.9119562,0,0
6.26,6.28,1.33896383,0.179935671,-0.361094435,1.47735964,-1.12069262,6.47059515,78.7477209,3.66890985,1.65948866,2.26501331,0.691030117,0.357964412,11.6529539,1.9219424,5.2587779,0,0,0,12.9282614,0,0
6.28,6.3,1.34040762,0.290319598,-0.364193291,1.39597578,-1.12119947,6.46561459,78.9806837,3.70641639,1.76557803,2.29867161,0.693469947,0.368718507,11.6429541,1.82910814,5.34978279,0,0,0,12.9431137,0,0
6.3,6.32,1.34246701,0.414029053,-0.364970513,1.30881974,-1.12136092,6.45322347,79.213424,3.74209084,1.87346577,2.33390514,0.694062712,0.381861415,11.630738,1.73880403,5.4386295,0,0,0,12.9567047,0,0
6.32,6.34,1.34519998,0.549960432,-0.363224421,1.21835782,-1.12109949,6.43081095,79.4458999,3.77598808,1.98310965,2.37071721,0.692453753,0.397407133,11.6165624,1.65146079,5.52541595,0,0,0,12.9692739,0,0
6.34,6.36,1.34864639,0.69654214,-0.358778745,1.12967787,-1.12036461,6.39642616,79.6780755,3.80817198,2.09446926,2.40903395,0.688288513,0.415272304,11.6007584,1.56754614,5.61022436,0,0,0,12.9811176,0,0
6.36,6.38,1.35282457,0.851535065,-0.351490129,1.04071563,-1.11905094,6.34843534,79.909921,3.83871558,2.20750683,2.44869712,0.681227147,0.435267505,11.5836059,1.48751761,5.69324605,0,0,0,12.9925242,0,0
6.38,6.4,1.3577265,1.01172828,-0.341266352,0.958041391,-1.1170811,6.28430325,80.1414128,3.8677017,2.32218873,2.48945957,0.670970077,0.45708846,11.5654476,1.41187645,5.77469272,0,0,0,13.0038475,0,0
6.4,6.42,1.36331987,1.17400748,-0.32807128,0.886378634,-1.11443469,6.20441282,80.3725346,3.89522287,2.43848522,2.53099848,0.657275751,0.48032997,11.5466734,1.34109614,5.85474355,0,0,0,13.0154611,0,0
6.42,6.44,1.36955226,1.33508637,-0.31192541,0.828199993,-1.11107561,6.1093442,80.6032782,3.92138078,2.5563704,2.57293953,0.639974249,0.504512459,11.5276702,1.27561725,5.9336031,0,0,0,13.0277406,0,0
6.44,6.46,1.3763545,1.49172086,-0.292908246,0.777124571,-1.10696923,6.00076934,80.8336414,3.94628485,2.67582361,2.61488632,0.618980083,0.529113091,11.5086983,1.21576693,6.01158765,0,0,0,13.0409897,0,0
6.46,6.48,1.38364785,1.64097512,-0.271154594,0.742556178,-1.10215594,5.88154683,81.0636285,3.97005097,2.79682951,2.65645364,0.594296719,0.553602515,11.4901107,1.16186685,6.08891407,0,0,0,13.0555526,0,0
6.48,6.5,1.39135821,1.7798823,-0.246948377,0.721827526,-1.09476079,5.75516749,81.2932499,3.99280033,2.91937795,2.69729725,0.566018732,0.577477296,11.4721853,1.11411472,6.16590089,0,0,0,13.071749,0,0
6.5,6.52,1.39943168,1.9049423,-0.221042003,0.725762352,-1.07655261,5.62571072,81.5225231,4.01465706,3.04346567,2.7371378,0.534340043,0.600286537,11.4553693,1.07259505,6.24292334,0,0,0,13.090074,0,0
6.52,6.54,1.4078035,2.01170271,-0.194584667,0.754019518,-1.04108631,5.4982844,81.7514747,4.03574474,3.16909871,2.77577723,0.499570142,0.621651828,11.4400911,1.03720203,6.32051751,0,0,0,13.1110798,0,0
6.54,6.56,1.4163598,2.09505011,-0.168481935,0.810117333,-0.995936247,5.3795103,81.9801388,4.05618534,3.29629336,2.8131018,0.462145628,0.641271789,11.4266533,1.0078792,6.39915476,0,0,0,13.1351973,0,0
6.56,6.58,1.4249857,2.1502915,-0.143518418,0.891522596,-0.946428518,5.27792759,82.208554,4.07609951,3.42507444,2.84907912,0.422627745,0.658921768,11.4152256,0.984524323,6.47920819,0,0,0,13.1627049,0,0
6.58,6.6,1.43359064,2.17370658,-0.120590372,0.996602483,-0.89243786,5.20416243,82.4367618,4.09560433,3.55547293,2.88375498,0.381677218,0.67446178,11.4059242,0.966911867,6.56094303,0,0,0,13.1937864,0,0
6.6,6.62,1.44209086,2.1612384,-0.100554086,1.12370591,-0.837193213,5.16456787,82.664805,4.11481242,3.687525,2.917239,0.340049931,0.687829636,11.3987637,0.954794912,6.64458333,0,0,0,13.2285273,0,0
6.62,6.64,1.45041514,2.11128724,-0.0844404807,1.25924017,-0.779134248,5.16627237,82.8927257,4.13382938,3.8212694,2.94969024,0.298569986,0.699041752,11.3936734,0.947725386,6.73013884,0,0,0,13.2668288,0,0
6.64,6.66,1.45847028,2.02610572,-0.0732007049,1.39657989,-0.720521626,5.21171925,83.1205652,4.15275203,3.95674107,2.98130065,0.258061218,0.708198689,11.3906323,0.945293902,6.81720305,0,0,0,13.3084312,0,0
6.66,6.68,1.4661294,1.9111578,-0.067523838,1.52227092,-0.665432001,5.29992601,83.3483631,4.17166897,4.09396355,3.01227325,0.219261189,0.715481162,11.3894797,0.947102545,6.90511452,0,0,0,13.3528221,0,0
6.68,6.7,1.47323927,1.77041767,-0.067973063,1.644252,-0.614254152,5.42521794,83.5761555,4.19066215,4.23294792,3.04279955,0.182798807,0.721132086,11.3900488,0.95288302,6.99333444,0,0,0,13.3995494,0,0
6.7,6.72,1.47961282,1.60586143,-0.0750516414,1.76510595,-0.566970625,5.57836102,83.8039747,4.209809,4.37369684,3.07304317,0.149239362,0.725437883,11.3921299,0.962435564,7.08148427,0,0,0,13.448209,0,0
6.72,6.74,1.48502537,1.42071969,-0.0892718877,1.88062895,-0.521968825,5.75657503,84.0318484,4.22918247,4.51620393,3.10313221,0.119072638,0.728725553,11.3954521,0.97551146,7.16909569,0,0,0,13.4982919,0,0
6.74,6.76,1.4892064,1.21969459,-0.111153502,1.98534617,-0.477617443,5.94464847,84.2597994,4.24885143,4.66045378,3.13315545,0.0927103648,0.731360365,11.3998354,0.991963535,7.25556078,0,0,0,13.5492952,0,0
6.76,6.78,1.49184447,1.01621548,-0.140950168,2.05457303,-0.434778776,6.13603145,84.487847,4.26888256,4.80641089,-3.12002345,0.07034374,0.733739472,11.405077,1.01173,7.33963573,0,0,0,13.6003541,0,0
6.78,6.8,1.49263127,0.821127097,-0.178534659,2.09399887,-0.3944133,6.3219612,84.7160055,4.28934224,4.9540176,-3.09002256,0.0518855378,0.736262796,11.4108536,1.03482698,7.42043767,0,0,0,13.6506902,0,0
6.8,6.82,1.4913066,0.639606958,-0.223524896,2.11967876,-0.356617484,6.49518499,84.9442819,4.31029783,5.10320459,-3.06004596,0.0370671469,0.739304581,11.4167985,1.06132771,7.49765108,0,0,0,13.6997984,0,0
6.82,6.84,1.4876792,0.47353423,-0.275364855,2.13445627,-0.321884696,6.65308786,85.1726749,4.33181759,5.2538999,-3.03013223,0.0255313963,0.743199162,11.4224282,1.09124596,7.57129222,0,0,0,13.7472597,0,0
6.84,6.86,1.4816352,0.323042224,-0.333403086,2.14474575,-0.290319314,6.79567001,85.4011735,4.35397022,5.40603375,-3.00033022,0.0168851556,0.748236003,11.4272773,1.12461582,7.64154947,0,0,0,13.7927773,0,0
6.86,6.88,1.47312807,0.18739022,-0.396796307,2.14834237,-0.26436952,6.92392252,85.6297567,4.37682476,5.55954126,-2.97069178,0.0107286954,0.75465818,11.4307808,1.16145123,7.70871459,0,0,0,13.8360399,0,0
6.88,6.9,1.46219326,0.0654524324,-0.464506883,2.14881015,-0.24749067,7.03916752,85.8583917,4.40045157,5.71436411,-2.94126682,0.00667250116,0.76265955,11.4323702,1.20183943,7.77314519,0,0,0,13.8767897,0,0
6.9,6.92,1.44895744,-0.0440244729,-0.535754439,2.14562872,-0.234472615,7.1428729,86.0870352,4.42492132,5.87045128,-2.9120996,0.00434573607,0.772389774,11.4315504,1.24573588,7.83520956,0,0,0,13.9148378,0,0
6.92,6.94,1.43358499,-0.142286388,-0.609739579,2.13891323,-0.22581837,7.23618321,86.3156341,4.45030363,6.02775927,-2.88322727,0.00340035907,0.783959573,11.4278382,1.29308381,7.89529198,0,0,0,13.9500247,0,0
6.94,6.96,1.41627316,-0.230502569,-0.685650022,2.12998688,-0.222142175,7.32007089,86.5441262,4.47666702,6.18625236,-2.85468001,0.00351331715,0.797443452,11.420783,1.34383162,7.953788,0,0,0,13.9822356,0,0
6.96,6.98,1.3854664,-0.309688019,-0.762381804,2.11509251,-0.326845846,7.35583904,86.7724388,4.50407953,6.34590335,-2.82653996,0.00438787148,0.812881266,11.4096983,1.39808494,8.01119937,0,0,0,14.0112516,0,0
6.98,7,1.31142044,-0.380289771,-0.837106616,2.09336469,-0.6187622,7.33590197,87.0004803,4.53261696,6.50669796,-2.79940123,0.00576136313,0.830259344,11.3935599,1.45634406,8.06825509,0,0,0,14.036769,0,0
7,7.02,1.19386858,-0.442284257,-0.906334413,2.06136393,-0.918161508,7.33080668,87.2281438,4.56235899,6.66863482,-2.77416653,0.00741980897,0.849483407,11.3718637,1.51847608,8.12549247,0,0,0,14.0587582,0,0
7.02,7.04,1.05106801,-0.495676262,-0.967141184,2.02353647,-1.12512214,7.36248977,87.4553172,4.59337824,6.83172114,-2.75151997,0.00920680209,0.870380376,11.344558,1.58396811,8.18324462,0,0,0,14.077409,0,0
7.04,7.06,0.900111247,-0.540741469,-1.01768537,1.98542992,-1.24274625,7.41697066,87.6818894,4.62573615,6.99596958,-2.73178339,0.0110225907,0.892721613,11.3117753,1.65223484,8.24173487,0,0,0,14.0929888,0,0
7.06,7.08,0.753077256,-0.57803971,-1.05697251,1.94678936,-1.29894479,7.47909729,87.9077525,4.65948203,7.1613966,-2.7149864,0.0128167619,0.916249134,11.2736414,1.72268557,8.30113848,0,0,0,14.1057271,0,0
7.08,7.1,0.617657349,-0.608333021,-1.08450599,1.90790958,-1.3162859,7.54162595,88.1327996,4.69465457,7.32802241,-2.70097276,0.0145806615,0.940691462,11.2302366,1.79478997,8.36161554,0,0,0,14.1158103,0,0
7.1,7.12,0.500167962,-0.632544783,-1.10117007,1.87447634,-1.28342352,7.60235207,88.3569303,4.73127971,7.49586763,-2.68944049,0.016333415,0.965786639,11.1820678,1.86783164,8.42306318,0,0,0,14.123577,0,0
7.12,7.14,0.403069175,-0.651664411,-1.10780717,1.84257388,-1.23290557,7.65788953,88.5800519,4.7693706,7.66495149,-2.68000709,0.0181092635,0.991297956,11.1293626,1.94129714,8.48548727,0,0,0,14.1292194,0,0
7.14,7.16,0.326133541,-0.666665373,-1.10529934,1.81415577,-1.19557449,7.70356649,88.8020753,4.80893207,7.83529401,-2.67225382,0.0199525683,1.01701239,11.0722508,2.01484168,8.54894292,0,0,0,14.132896,0,0
7.16,7.18,0.263575816,-0.677256176,-1.09441512,1.77865569,-1.19752271,7.73351486,89.0229126,4.84996313,8.00691633,-2.66584053,0.0219077335,1.04273856,11.0107441,2.08822864,8.61343948,0,0,0,14.1346569,0,0
7.18,7.2,0.213718517,-0.681044294,-1.07581895,1.73058208,-1.20849107,7.7607388,89.242476,4.89245884,8.17983749,-2.66050516,0.0239774483,1.06828048,10.9448985,2.16125328,8.67881011,0,0,0,14.1344814,0,0
7.2,7.22,0.177112944,-0.677878784,-1.05052222,1.68122851,-1.21194523,7.78588071,89.4606814,4.93640879,8.35407413,-2.65598852,0.0261320736,1.09344598,10.8749946,2.23360045,8.74498061,0,0,0,14.1325569,0,0
7.22,7.24,0.151391786,-0.668098011,-1.01955615,1.63230387,-1.22965618,7.80302403,89.6774503,4.98179655,8.52964199,-2.65204658,0.0283296976,1.11806182,10.801292,2.30499462,8.81194085,0,0,0,14.1290909,0,0
7.24,7.26,0.132838159,-0.652523078,-0.983711031,1.58650919,-1.26225539,7.81230626,89.8927092,5.02860081,8.70655744,-2.64851361,0.0305263017,1.14197654,10.7240307,2.3752169,8.87974859,0,0,0,14.1243203,0,0
7.26,7.28,0.120398876,-0.632270351,-0.943598413,1.54614054,-1.30190334,7.8156286,90.1063895,5.07679622,8.88483807,-2.64525771,0.0326858855,1.16505911,10.6434733,2.44408325,8.94847593,0,0,0,14.1185087,0,0
