sim_time_s,packet_timestamp_s,wall_time_utc_s,frame_count,frame_rate_hz,packet_interval_ms,round_trip_ms,design_internal_roll_deg,design_internal_pitch_deg,rc_roll_normalized,rc_pitch_normalized,rc_yaw_normalized,rc_throttle_normalized,rc1_sent_us,rc2_sent_us,rc3_sent_us,rc4_sent_us,rc5_sent_us,rc6_sent_us,rc7_sent_us,rc8_sent_us,protocol_throttle_pwm_us,protocol_aileron_left_pwm_us,protocol_aileron_right_pwm_us,protocol_elevator_pwm_us,protocol_rudder_pwm_us,tx_packets,rx_packets,dropped_packets,duplicate_packets,invalid_packets
0.000000000,0.020000000,1787648879.216602,1,50.000,NaN,361.398300,0,0,0,0,0,0.399236184,1500,1500,1399.23618,1500,1500,1000,1900,1000,980,1500,1500,1500,1500,1,2,0,0,0
0.020000000,0.040000000,1787648879.410285,2,50.000,193.682909,35.958300,0,0,0,0,0,0.399236594,1500,1500,1399.23659,1500,1500,1000,1900,1000,980,1500,1500,1500,1500,2,3,0,0,0
0.040000000,0.060000000,1787648879.547026,3,50.000,136.740923,33.013600,0,0,0,0,0,0.399930949,1500,1500,1399.93095,1500,1500,1000,1900,1000,980,1500,1500,1500,1500,3,4,0,0,0
0.060000000,0.080000000,1787648879.668374,4,50.000,121.348143,15.948600,0,0,0,0,0,0.40062507,1500,1500,1400.62507,1500,1500,1000,1900,1000,980,1500,1500,1500,1500,4,5,0,0,0
0.080000000,0.100000000,1787648879.817009,5,50.000,148.634911,20.339700,0,0,0,0,0,0.401318777,1500,1500,1401.31878,1500,1500,1000,1900,1000,980,1500,1500,1500,1500,5,6,0,0,0
0.100000000,0.120000000,1787648879.931700,6,50.000,114.691019,18.322800,0,0,0,0,0,0.402011944,1500,1500,1402.01194,1500,1500,1000,1900,1000,980,1500,1500,1500,1500,6,7,0,0,0
0.120000000,0.140000000,1787648880.025890,7,50.000,94.189882,18.795600,0,0,0,0,0,0.402704491,1500,1500,1402.70449,1500,1500,1000,1900,1000,980,1500,1500,1500,1500,7,8,0,0,0
0.140000000,0.160000000,1787648880.135511,8,50.000,109.621048,32.216000,0,0,0,0,0,0.403396361,1500,1500,1403.39636,1500,1500,1000,1900,1000,980,1500,1500,1500,1500,8,9,0,0,0
0.160000000,0.180000000,1787648880.228263,9,50.000,92.751980,19.714500,0,0,0,0,0,0.404087519,1500,1500,1404.08752,1500,1500,1000,1900,1000,980,1500,1500,1500,1500,9,10,0,0,0
0.180000000,0.200000000,1787648880.336576,10,50.000,108.313084,30.956800,0,0,0,0,0,0.40477794,1500,1500,1404.77794,1500,1500,1000,1900,1000,980,1500,1500,1500,1500,10,11,0,0,0
0.200000000,0.220000000,1787648880.446038,11,50.000,109.462023,27.639400,0,0,0,0,0,0.405467606,1500,1500,1405.46761,1500,1500,1000,1900,1000,980,1500,1500,1500,1500,11,12,0,0,0
0.220000000,0.240000000,1787648880.541431,12,50.000,95.392942,18.314300,0,0,0,0,0,0.406156499,1500,1500,1406.1565,1500,1500,1000,1900,1000,980,1500,1500,1500,1500,12,13,0,0,0
0.240000000,0.260000000,1787648880.650154,13,50.000,108.723164,31.425800,0,0,0,0,0,0.406844601,1500,1500,1406.8446,1500,1500,1000,1900,1000,980,1500,1500,1500,1500,13,14,0,0,0
0.260000000,0.280000000,1787648880.759044,14,50.000,108.889818,29.746400,0,0,0,0,0,0.407531889,1500,1500,1407.53189,1500,1500,1000,1900,1000,980,1500,1500,1500,1500,14,15,0,0,0
0.280000000,0.300000000,1787648880.852866,15,50.000,93.822002,18.444500,0,0,0,0,0,0.408218333,1500,1500,1408.21833,1500,1500,1000,1900,1000,980,1500,1500,1500,1500,15,16,0,0,0
0.300000000,0.320000000,1787648880.963494,16,50.000,110.627890,30.369300,0,0,0,0,0,0.408903898,1500,1500,1408.9039,1500,1500,1000,1900,1000,980,1500,1500,1500,1500,16,17,0,0,0
0.320000000,0.340000000,1787648881.073064,17,50.000,109.570026,27.650800,0,0,0,0,0,0.409588539,1500,1500,1409.58854,1500,1500,1000,1900,1000,980,1500,1500,1500,1500,17,18,0,0,0
0.340000000,0.360000000,1787648881.168972,18,50.000,95.908165,18.519200,0,0,0,0,0,0.410272202,1500,1500,1410.2722,1500,1500,1000,1900,1000,980,1500,1500,1500,1500,18,19,0,0,0
0.360000000,0.380000000,1787648881.263543,19,50.000,94.570875,17.856200,0,0,0,0,0,0.410954826,1500,1500,1410.95483,1500,1500,1000,1900,1000,980,1500,1500,1500,1500,19,20,0,0,0
0.380000000,0.400000000,1787648881.375975,20,50.000,112.432241,30.057200,0,0,0,0,0,0.41163634,1500,1500,1411.63634,1500,1500,1000,1900,1000,980,1500,1500,1500,1500,20,21,0,0,0
0.400000000,0.420000000,1787648881.485161,21,50.000,109.185696,20.697900,0,0,0,0,0,0.412316666,1500,1500,1412.31667,1500,1500,1000,1900,1000,980,1500,1500,1500,1500,21,22,0,0,0
0.420000000,0.440000000,1787648881.619367,22,50.000,134.206057,48.850800,0,0,0,0,0,0.412995716,1500,1500,1412.99572,1500,1500,1000,1900,1000,980,1500,1500,1500,1500,22,23,0,0,0
0.440000000,0.460000000,1787648881.798704,23,50.000,179.337263,33.315500,0,0,0,0,0,0.413673397,1500,1500,1413.6734,1500,1500,1000,1900,1000,980,1500,1500,1500,1500,23,24,0,0,0
0.460000000,0.480000000,1787648881.953930,24,50.000,155.225754,21.976000,0,0,0,0,0,0.414349608,1500,1500,1414.34961,1500,1500,1000,1900,1000,980,1500,1500,1500,1500,24,25,0,0,0
0.480000000,0.500000000,1787648882.063139,25,50.000,109.209061,29.556400,0,0,0,0,0,0.415024242,1500,1500,1415.02424,1500,1500,1000,1900,1000,980,1500,1500,1500,1500,25,26,0,0,0
0.500000000,0.520000000,1787648882.171805,26,50.000,108.665943,25.441100,0,0,0,0,0,0.415697187,1500,1500,1415.69719,1500,1500,1000,1900,1000,980,1500,1500,1500,1500,26,27,0,0,0
0.520000000,0.540000000,1787648882.281016,27,50.000,109.211206,29.519400,0,0,0,0,0,0.416368325,1500,1500,1416.36833,1500,1500,1000,1900,1000,980,1500,1500,1500,1500,27,28,0,0,0
0.540000000,0.560000000,1787648882.388756,28,50.000,107.739925,19.908500,0,0,0,0,0,0.417037535,1500,1500,1417.03754,1500,1500,1000,1900,1000,980,1500,1500,1500,1500,28,29,0,0,0
0.560000000,0.580000000,1787648882.496596,29,50.000,107.839823,26.492100,0,0,0,0,0,0.417704692,1500,1500,1417.70469,1500,1500,1000,1900,1000,980,1500,1500,1500,1500,29,30,0,0,0
0.580000000,0.600000000,1787648882.606219,30,50.000,109.623194,19.487800,0,0,0,0,0,0.418369668,1500,1500,1418.36967,1500,1500,1000,1900,1000,980,1500,1500,1500,1500,30,31,0,0,0
0.600000000,0.620000000,1787648882.716554,31,50.000,110.334873,24.855100,0,0,0,0,0,0.419032332,1500,1500,1419.03233,1500,1500,1000,1900,1000,980,1500,1500,1500,1500,31,32,0,0,0
0.620000000,0.640000000,1787648882.826217,32,50.000,109.663010,29.236100,0,0,0,0,0,0.419692551,1500,1500,1419.69255,1500,1500,1000,1900,1000,980,1500,1500,1500,1500,32,33,0,0,0
0.640000000,0.660000000,1787648882.936240,33,50.000,110.023022,24.581700,0,0,0,0,0,0.420350191,1500,1500,1420.35019,1500,1500,1000,1900,1000,980,1500,1500,1500,1500,33,34,0,0,0
0.660000000,0.680000000,1787648883.077225,34,50.000,140.985250,26.033500,0,0,0,0,0,0.421005117,1500,1500,1421.00512,1500,1500,1000,1900,1000,980,1500,1500,1500,1500,34,35,0,0,0
0.680000000,0.700000000,1787648883.187451,35,50.000,110.225677,24.025300,0,0,0,0,0,0.421657194,1500,1500,1421.65719,1500,1500,1000,1900,1000,980,1500,1500,1500,1500,35,36,0,0,0
0.700000000,0.720000000,1787648883.314256,36,50.000,126.805305,30.980700,0,0,0,0,0,0.422306283,1500,1500,1422.30628,1500,1500,1000,1900,1000,980,1500,1500,1500,1500,36,37,0,0,0
0.720000000,0.740000000,1787648883.424070,37,50.000,109.813929,24.417200,0,0,0,0,0,0.422952249,1500,1500,1422.95225,1500,1500,1000,1900,1000,980,1500,1500,1500,1500,37,38,0,0,0
0.740000000,0.760000000,1787648883.532124,38,50.000,108.053923,22.386100,0,0,0,0,0,0.423594954,1500,1500,1423.59495,1500,1500,1000,1900,1000,980,1500,1500,1500,1500,38,39,0,0,0
0.760000000,0.780000000,1787648883.641222,39,50.000,109.097958,25.723300,0,0,0,0,0,0.424234263,1500,1500,1424.23426,1500,1500,1000,1900,1000,980,1500,1500,1500,1500,39,40,0,0,0
0.780000000,0.800000000,1787648883.751655,40,50.000,110.433102,22.554900,0,0,0,0,0,0.424870039,1500,1500,1424.87004,1500,1500,1000,1900,1000,980,1500,1500,1500,1500,40,41,0,0,0
0.800000000,0.820000000,1787648883.860334,41,50.000,108.678818,19.699600,0,0,0,0,0,0.425502147,1500,1500,1425.50215,1500,1500,1000,1900,1000,980,1500,1500,1500,1500,41,42,0,0,0
0.820000000,0.840000000,1787648883.967934,42,50.000,107.600212,20.820400,0,0,0,0,0,0.426130452,1500,1500,1426.13045,1500,1500,1000,1900,1000,980,1500,1500,1500,1500,42,43,0,0,0
0.840000000,0.860000000,1787648884.094557,43,50.000,126.622677,33.655600,0,0,0,0,0,0.426754821,1500,1500,1426.75482,1500,1500,1000,1900,1000,980,1500,1500,1500,1500,43,44,0,0,0
0.860000000,0.880000000,1787648884.188116,44,50.000,93.559265,19.256300,0,0,0,0,0,0.427375121,1500,1500,1427.37512,1500,1500,1000,1900,1000,980,1500,1500,1500,1500,44,45,0,0,0
0.880000000,0.900000000,1787648884.299217,45,50.000,111.100912,22.969900,0,0,0,0,0,0.427991221,1500,1500,1427.99122,1500,1500,1000,1900,1000,980,1500,1500,1500,1500,45,46,0,0,0
0.900000000,0.920000000,1787648884.422367,46,50.000,123.149872,32.063200,0,0,0,0,0,0.428602989,1500,1500,1428.60299,1500,1500,1000,1900,1000,980,1500,1500,1500,1500,46,47,0,0,0
0.920000000,0.940000000,1787648884.531767,47,50.000,109.400272,26.256900,0,0,0,0,0,0.429210296,1500,1500,1429.2103,1500,1500,1000,1900,1000,980,1500,1500,1500,1500,47,48,0,0,0
0.940000000,0.960000000,1787648884.641271,48,50.000,109.503984,19.695700,0,0,0,0,0,0.429813014,1500,1500,1429.81301,1500,1500,1000,1900,1000,980,1500,1500,1500,1500,48,49,0,0,0
0.960000000,0.980000000,1787648884.750278,49,50.000,109.006882,27.034500,0,0,0,0,0,0.430411017,1500,1500,1430.41102,1500,1500,1000,1900,1000,980,1500,1500,1500,1500,49,50,0,0,0
0.980000000,1.000000000,1787648884.859296,50,50.000,109.017849,28.213900,0,0,0,0,0,0.431004178,1500,1500,1431.00418,1500,1500,1000,1900,1000,980,1500,1500,1500,1500,50,51,0,0,0
1.000000000,1.020000000,1787648884.969626,51,50.000,110.330105,20.810300,0,0,0,0,0,0.431592373,1500,1500,1431.59237,1500,1500,1000,1900,1000,980,1500,1500,1500,1500,51,52,0,0,0
1.020000000,1.040000000,1787648885.076313,52,50.000,106.687069,17.365500,0,0,0,0,0,0.432175479,1500,1500,1432.17548,1500,1500,1000,1900,1000,980,1500,1500,1500,1500,52,53,0,0,0
1.040000000,1.060000000,1787648885.185109,53,50.000,108.795881,19.777100,0,0,0,0,0,0.432753374,1500,1500,1432.75337,1500,1500,1000,1900,1000,980,1500,1500,1500,1500,53,54,0,0,0
1.060000000,1.080000000,1787648885.312283,54,50.000,127.174139,28.210300,0,0,0,0,0,0.433325937,1500,1500,1433.32594,1500,1500,1000,1900,1000,980,1500,1500,1500,1500,54,55,0,0,0
1.080000000,1.100000000,1787648885.437270,55,50.000,124.986887,31.688000,0,0,0,0,0,0.43389305,1500,1500,1433.89305,1500,1500,1000,1900,1000,980,1500,1500,1500,1500,55,56,0,0,0
1.100000000,1.120000000,1787648885.546094,56,50.000,108.824015,24.269800,0,0,0,0,0,0.434454596,1500,1500,1434.4546,1500,1500,1000,1900,1000,980,1500,1500,1500,1500,56,57,0,0,0
1.120000000,1.140000000,1787648885.655121,57,50.000,109.027147,23.900400,0,0,0,0,0,0.435010456,1500,1500,1435.01046,1500,1500,1000,1900,1000,980,1500,1500,1500,1500,57,58,0,0,0
1.140000000,1.160000000,1787648885.765435,58,50.000,110.313892,22.312400,0,0,0,0,0,0.435560518,1500,1500,1435.56052,1500,1500,1000,1900,1000,980,1500,1500,1500,1500,58,59,0,0,0
1.160000000,1.180000000,1787648885.874269,59,50.000,108.834028,20.507300,0,0,0,0,0,0.436104666,1500,1500,1436.10467,1500,1500,1000,1900,1000,980,1500,1500,1500,1500,59,60,0,0,0
1.180000000,1.200000000,1787648885.982011,60,50.000,107.742071,21.699600,0,0,0,0,0,0.436642789,1500,1500,1436.64279,1500,1500,1000,1900,1000,980,1500,1500,1500,1500,60,61,0,0,0
1.200000000,1.220000000,1787648886.091656,61,50.000,109.644890,23.771100,0,0,0,0,0,0.437174777,1500,1500,1437.17478,1500,1500,1000,1900,1000,980,1500,1500,1500,1500,61,62,0,0,0
1.220000000,1.240000000,1787648886.202612,62,50.000,110.956192,28.605300,0,0,0,0,0,0.437700519,1500,1500,1437.70052,1500,1500,1000,1900,1000,980,1500,1500,1500,1500,62,63,0,0,0
1.240000000,1.260000000,1787648886.313767,63,50.000,111.155033,24.220800,0,0,0,0,0,0.438219908,1500,1500,1438.21991,1500,1500,1000,1900,1000,980,1500,1500,1500,1500,63,64,0,0,0
1.260000000,1.280000000,1787648886.424397,64,50.000,110.629797,21.715700,0,0,0,0,0,0.438732837,1500,1500,1438.73284,1500,1500,1000,1900,1000,980,1500,1500,1500,1500,64,65,0,0,0
1.280000000,1.300000000,1787648886.548827,65,50.000,124.429941,20.416100,0,0,0,0,0,0.439239203,1500,1500,1439.2392,1500,1500,1000,1900,1000,980,1500,1500,1500,1500,65,66,0,0,0
1.300000000,1.320000000,1787648886.673555,66,50.000,124.727964,24.161500,0,0,0,0,0,0.4397389,1500,1500,1439.7389,1500,1500,1000,1900,1000,980,1500,1500,1500,1500,66,67,0,0,0
1.320000000,1.340000000,1787648886.783096,67,50.000,109.540939,17.585100,0,0,0,0,0,0.440231827,1500,1500,1440.23183,1500,1500,1000,1900,1000,980,1500,1500,1500,1500,67,68,0,0,0
1.340000000,1.360000000,1787648886.890298,68,50.000,107.202291,21.182100,0,0,0,0,0,0.440717884,1500,1500,1440.71788,1500,1500,1000,1900,1000,980,1500,1500,1500,1500,68,69,0,0,0
1.360000000,1.380000000,1787648887.016180,69,50.000,125.881910,29.635400,0,0,0,0,0,0.441196972,1500,1500,1441.19697,1500,1500,1000,1900,1000,980,1500,1500,1500,1500,69,70,0,0,0
1.380000000,1.400000000,1787648887.156651,70,50.000,140.470743,30.618700,0,0,0,0,0,0.441668994,1500,1500,1441.66899,1500,1500,1000,1900,1000,980,1500,1500,1500,1500,70,71,0,0,0
1.400000000,1.420000000,1787648887.266247,71,50.000,109.596252,21.666000,0,0,0,0,0,0.442133853,1500,1500,1442.13385,1500,1500,1000,1900,1000,980,1500,1500,1500,1500,71,72,0,0,0
1.420000000,1.440000000,1787648887.375376,72,50.000,109.128952,25.713200,0,0,0,0,0,0.442591456,1500,1500,1442.59146,1500,1500,1000,1900,1000,980,1500,1500,1500,1500,72,73,0,0,0
1.440000000,1.460000000,1787648887.483726,73,50.000,108.350039,20.058100,0,0,0,0,0,0.443041709,1500,1500,1443.04171,1500,1500,1000,1900,1000,980,1500,1500,1500,1500,73,74,0,0,0
1.460000000,1.480000000,1787648887.593361,74,50.000,109.635115,29.765000,0,0,0,0,0,0.443484523,1500,1500,1443.48452,1500,1500,1000,1900,1000,980,1500,1500,1500,1500,74,75,0,0,0
1.480000000,1.500000000,1787648887.701301,75,50.000,107.939959,24.828400,0,0,0,0,0,0.443919808,1500,1500,1443.91981,1500,1500,1000,1900,1000,980,1500,1500,1500,1500,75,76,0,0,0
1.500000000,1.520000000,1787648887.811288,76,50.000,109.987020,32.079900,0,0,0,0,0,0.444347476,1500,1500,1444.34748,1500,1500,1000,1900,1000,980,1500,1500,1500,1500,76,77,0,0,0
1.520000000,1.540000000,1787648887.906202,77,50.000,94.913721,21.100500,0,0,0,0,0,0.444767441,1500,1500,1444.76744,1500,1500,1000,1900,1000,980,1500,1500,1500,1500,77,78,0,0,0
1.540000000,1.560000000,1787648888.017778,78,50.000,111.576319,33.017300,0,0,0,0,0,0.445179619,1500,1500,1445.17962,1500,1500,1000,1900,1000,980,1500,1500,1500,1500,78,79,0,0,0
1.560000000,1.580000000,1787648888.125507,79,50.000,107.728958,27.673500,0,0,0,0,0,0.445583928,1500,1500,1445.58393,1500,1500,1000,1900,1000,980,1500,1500,1500,1500,79,80,0,0,0
1.580000000,1.600000000,1787648888.234610,80,50.000,109.102964,31.886800,0,0,0,0,0,0.445980287,1500,1500,1445.98029,1500,1500,1000,1900,1000,980,1500,1500,1500,1500,80,81,0,0,0
1.600000000,1.620000000,1787648888.342926,81,50.000,108.315945,27.339300,0,0,0,0,0,0.446368616,1500,1500,1446.36862,1500,1500,1000,1900,1000,980,1500,1500,1500,1500,81,82,0,0,0
1.620000000,1.640000000,1787648888.451870,82,50.000,108.944178,30.892400,0,0,0,0,0,0.44674884,1500,1500,1446.74884,1500,1500,1000,1900,1000,980,1500,1500,1500,1500,82,83,0,0,0
1.640000000,1.660000000,1787648888.562348,83,50.000,110.477686,33.167600,0,0,0,0,0,0.447120881,1500,1500,1447.12088,1500,1500,1000,1900,1000,980,1500,1500,1500,1500,83,84,0,0,0
1.660000000,1.680000000,1787648888.674462,84,50.000,112.113953,33.058000,0,0,0,0,0,0.447484667,1500,1500,1447.48467,1500,1500,1000,1900,1000,980,1500,1500,1500,1500,84,85,0,0,0
1.680000000,1.700000000,1787648888.780827,85,50.000,106.364965,28.163000,0,0,0,0,0,0.447840125,1500,1500,1447.84013,1500,1500,1000,1900,1000,980,1500,1500,1500,1500,85,86,0,0,0
1.700000000,1.720000000,1787648888.874636,86,50.000,93.809128,19.360000,0,0,0,0,0,0.448187187,1500,1500,1448.18719,1500,1500,1000,1900,1000,980,1500,1500,1500,1500,86,87,0,0,0
1.720000000,1.740000000,1787648888.985481,87,50.000,110.845089,32.391100,0,0,0,0,0,0.448525783,1500,1500,1448.52578,1500,1500,1000,1900,1000,980,1500,1500,1500,1500,87,88,0,0,0
1.740000000,1.760000000,1787648889.081356,88,50.000,95.875025,19.477700,0,0,0,0,0,0.448855848,1500,1500,1448.85585,1500,1500,1000,1900,1000,980,1500,1500,1500,1500,88,89,0,0,0
1.760000000,1.780000000,1787648889.192024,89,50.000,110.667944,30.929100,0,0,0,0,0,0.449177317,1500,1500,1449.17732,1500,1500,1000,1900,1000,980,1500,1500,1500,1500,89,90,0,0,0
1.780000000,1.800000000,1787648889.301184,90,50.000,109.160185,29.779200,0,0,0,0,0,0.449490128,1500,1500,1449.49013,1500,1500,1000,1900,1000,980,1500,1500,1500,1500,90,91,0,0,0
1.800000000,1.820000000,1787648889.396280,91,50.000,95.095873,18.169800,0,0,0,0,0,0.44979422,1500,1500,1449.79422,1500,1500,1000,1900,1000,980,1500,1500,1500,1500,91,92,0,0,0
1.820000000,1.840000000,1787648889.503042,92,50.000,106.761932,28.375500,0,0,0,0,0,0.450089534,1500,1500,1450.08953,1500,1500,1000,1900,1000,980,1500,1500,1500,1500,92,93,0,0,0
1.840000000,1.860000000,1787648889.612176,93,50.000,109.133959,29.775300,0,0,0,0,0,0.450376015,1500,1500,1450.37602,1500,1500,1000,1900,1000,980,1500,1500,1500,1500,93,94,0,0,0
1.860000000,1.880000000,1787648889.706613,94,50.000,94.437122,18.092000,0,0,0,0,0,0.450653608,1500,1500,1450.65361,1500,1500,1000,1900,1000,980,1500,1500,1500,1500,94,95,0,0,0
1.880000000,1.900000000,1787648889.800387,95,50.000,93.773842,17.711500,0,0,0,0,0,0.450922259,1500,1500,1450.92226,1500,1500,1000,1900,1000,980,1500,1500,1500,1500,95,96,0,0,0
1.900000000,1.920000000,1787648889.911500,96,50.000,111.113071,31.462200,0,0,0,0,0,0.451181918,1500,1500,1451.18192,1500,1500,1000,1900,1000,980,1500,1500,1500,1500,96,97,0,0,0
1.920000000,1.940000000,1787648890.020378,97,50.000,108.877897,31.152300,0,0,0,0,0,0.451432536,1500,1500,1451.43254,1500,1500,1000,1900,1000,980,1500,1500,1500,1500,97,98,0,0,0
1.940000000,1.960000000,1787648890.116333,98,50.000,95.955133,18.420600,0,0,0,0,0,0.451674067,1500,1500,1451.67407,1500,1500,1000,1900,1000,980,1500,1500,1500,1500,98,99,0,0,0
1.960000000,1.980000000,1787648890.210611,99,50.000,94.278097,18.229900,0,0,0,0,0,0.451906465,1500,1500,1451.90647,1500,1500,1000,1900,1000,980,1500,1500,1500,1500,99,100,0,0,0
1.980000000,2.000000000,1787648890.314351,100,50.000,103.739977,12.721300,0,0,0,0,0,0.452129689,1500,1500,1452.12969,1500,1500,1000,1900,1000,980,1500,1500,1500,1500,100,101,0,0,0
2.000000000,2.020000000,1787648890.415382,101,50.000,101.031065,12.674000,0,0,0,0,0,0.452343696,1500,1500,1452.3437,1500,1500,1000,1900,1000,980,1500,1500,1500,1500,101,102,0,0,0
2.020000000,2.040000000,1787648890.508741,102,50.000,93.358755,13.241900,0,0,0,0,0,0.45254845,1500,1500,1452.54845,1500,1500,1000,1900,1000,980,1500,1500,1500,1500,102,103,0,0,0
2.040000000,2.060000000,1787648890.599139,103,50.000,90.398073,11.945800,0,0,0,0,0,0.452743913,1500,1500,1452.74391,1500,1500,1000,1900,1000,980,1500,1500,1500,1500,103,104,0,0,0
2.060000000,2.080000000,1787648890.691643,104,50.000,92.504025,13.675500,0,0,0,0,0,0.45293005,1500,1500,1452.93005,1500,1500,1000,1900,1000,980,1500,1500,1500,1500,104,105,0,0,0
2.080000000,2.100000000,1787648890.782937,105,50.000,91.294050,12.805500,0,0,0,0,0,0.453106829,1500,1500,1453.10683,1500,1500,1000,1900,1000,980,1500,1500,1500,1500,105,106,0,0,0
2.100000000,2.120000000,1787648890.873765,106,50.000,90.827942,13.229300,0,0,0,0,0,0.45327422,1500,1500,1453.27422,1500,1500,1000,1900,1000,980,1500,1500,1500,1500,106,107,0,0,0
2.120000000,2.140000000,1787648890.965753,107,50.000,91.987848,15.242700,0,0,0,0,0,0.453432194,1500,1500,1453.43219,1500,1500,1000,1900,1000,980,1500,1500,1500,1500,107,108,0,0,0
2.140000000,2.160000000,1787648891.056522,108,50.000,90.769053,12.578900,0,0,0,0,0,0.453580726,1500,1500,1453.58073,1500,1500,1000,1900,1000,980,1500,1500,1500,1500,108,109,0,0,0
2.160000000,2.180000000,1787648891.149241,109,50.000,92.719078,13.757200,0,0,0,0,0,0.453719789,1500,1500,1453.71979,1500,1500,1000,1900,1000,980,1500,1500,1500,1500,109,110,0,0,0
2.180000000,2.200000000,1787648891.250071,110,50.000,100.830078,15.403500,0,0,0,0,0,0.453849364,1500,1500,1453.84936,1500,1500,1000,1900,1000,980,1410,1410,1410,1410,110,111,0,0,0
2.200000000,2.220000000,1787648891.362376,111,50.000,112.304926,13.718200,0,0,0,0,0,0.453969429,1500,1500,1453.96943,1500,1500,1000,1900,1000,980,1410,1410,1410,1410,111,112,0,0,0
2.220000000,2.240000000,1787648891.456841,112,50.000,94.465017,15.459800,0,0,0,0,0,0.454079966,1500,1500,1454.07997,1500,1500,1000,1900,1000,1396,1410,1410,1410,1410,112,113,0,0,0
2.240000000,2.260000000,1787648891.546127,113,50.000,89.285851,13.984000,0,0,0,0,0,0.45418096,1500,1500,1454.18096,1500,1500,1000,1900,1000,1397,1410,1410,1410,1410,113,114,0,0,0
2.260000000,2.280000000,1787648891.640465,114,50.000,94.338179,13.790700,0,0,0,0,0,0.453123621,1500,1500,1453.12362,1500,1500,1000,1900,1000,1397,1410,1410,1410,1410,114,115,0,0,0
2.280000000,2.300000000,1787648891.736606,115,50.000,96.140862,12.652600,0,0,0,0,0,0.452067487,1500,1500,1452.06749,1500,1500,1000,1900,1000,1396,1410,1410,1410,1410,115,116,0,0,0
2.300000000,2.320000000,1787648891.829484,116,50.000,92.878103,16.378100,0,0,0,0,0,0.451004349,1500,1500,1451.00435,1500,1500,1000,1900,1000,1395,1410,1410,1410,1410,116,117,0,0,0
2.320000000,2.340000000,1787648891.919428,117,50.000,89.943886,13.823100,0,0,0,0,0,0.449943772,1500,1500,1449.94377,1500,1500,1000,1900,1000,1394,1410,1410,1410,1410,117,118,0,0,0
2.340000000,2.360000000,1787648892.010438,118,50.000,91.010094,14.198600,0,0,0,0,0,0.448885813,1500,1500,1448.88581,1500,1500,1000,1900,1000,1393,1410,1410,1410,1410,118,119,0,0,0
2.360000000,2.380000000,1787648892.102230,119,50.000,91.792107,13.435200,0,0,0,0,0,0.447830636,1500,1500,1447.83064,1500,1500,1000,1900,1000,1392,1410,1410,1410,1410,119,120,0,0,0
2.380000000,2.400000000,1787648892.193170,120,50.000,90.939760,13.221800,0,0,0,0,0,0.44677838,1500,1500,1446.77838,1500,1500,1000,1900,1000,1391,1410,1410,1410,1410,120,121,0,0,0
2.400000000,2.420000000,1787648892.284204,121,50.000,91.034174,12.861800,0,0,0,0,0,0.445729171,1500,1500,1445.72917,1500,1500,1000,1900,1000,1390,1410,1410,1410,1410,121,122,0,0,0
2.420000000,2.440000000,1787648892.374609,122,50.000,90.404987,13.826800,0,0,0,0,0,0.444683123,1500,1500,1444.68312,1500,1500,1000,1900,1000,1389,1410,1410,1410,1410,122,123,0,0,0
2.440000000,2.460000000,1787648892.465581,123,50.000,90.971947,13.712900,0,0,0,0,0,0.443640342,1500,1500,1443.64034,1500,1500,1000,1900,1000,1388,1410,1410,1410,1410,123,124,0,0,0
2.460000000,2.480000000,1787648892.557507,124,50.000,91.926098,16.454100,0,0,0,0,0,0.442600926,1500,1500,1442.60093,1500,1500,1000,1900,1000,1387,1410,1410,1410,1410,124,125,0,0,0
2.480000000,2.500000000,1787648892.648140,125,50.000,90.632915,12.793000,0,0,0,0,0,0.441564972,1500,1500,1441.56497,1500,1500,1000,1900,1000,1386,1410,1410,1410,1410,125,126,0,0,0
2.500000000,2.520000000,1787648892.738283,126,50.000,90.142965,12.306600,0,0,0,0,0,0.440532575,1500,1500,1440.53257,1500,1500,1000,1900,1000,1385,1410,1410,1410,1410,126,127,0,0,0
2.520000000,2.540000000,1787648892.848564,127,50.000,110.280991,12.765400,0,0,0,0,0,0.439503827,1500,1500,1439.50383,1500,1500,1000,1900,1000,1384,1410,1410,1410,1410,127,128,0,0,0
2.540000000,2.560000000,1787648892.938048,128,50.000,89.484215,12.163900,0,0,0,0,0,0.438478824,1500,1500,1438.47882,1500,1500,1000,1900,1000,1383,1410,1410,1410,1410,128,129,0,0,0
2.560000000,2.580000000,1787648893.029668,129,50.000,91.619730,15.151000,0,0,0,0,0,0.437457663,1500,1500,1437.45766,1500,1500,1000,1900,1000,1382,1410,1410,1410,1410,129,130,0,0,0
2.580000000,2.600000000,1787648893.117712,130,50.000,88.044167,13.183000,0,0,0,0,0,0.436440442,1500,1500,1436.44044,1500,1500,1000,1900,1000,1382,1410,1410,1410,1410,130,131,0,0,0
2.600000000,2.620000000,1787648893.216268,131,50.000,98.556042,14.788200,0,0,0,0,0,0.435427263,1500,1500,1435.42726,1500,1500,1000,1900,1000,1381,1410,1410,1410,1410,131,132,0,0,0
2.620000000,2.640000000,1787648893.305567,132,50.000,89.298725,13.152400,0,0,0,0,0,0.434409922,1500,1500,1434.40992,1500,1500,1000,1900,1000,1380,1410,1410,1410,1410,132,133,0,0,0
2.640000000,2.660000000,1787648893.397312,133,50.000,91.745138,13.178200,0,0,0,0,0,0.433397012,1500,1500,1433.39701,1500,1500,1000,1900,1000,1379,1410,1410,1410,1410,133,134,0,0,0
2.660000000,2.680000000,1787648893.494247,134,50.000,96.935034,14.006100,0,0,0,0,0,0.432388541,1500,1500,1432.38854,1500,1500,1000,1900,1000,1378,1410,1410,1410,1410,134,135,0,0,0
2.680000000,2.700000000,1787648893.588417,135,50.000,94.170094,13.417500,0,0,0,0,0,0.431384626,1500,1500,1431.38463,1500,1500,1000,1900,1000,1377,1410,1410,1410,1410,135,136,0,0,0
2.700000000,2.720000000,1787648893.679464,136,50.000,91.047049,13.496100,0,0,0,0,0,0.430385385,1500,1500,1430.38539,1500,1500,1000,1900,1000,1376,1410,1410,1410,1410,136,137,0,0,0
2.720000000,2.740000000,1787648893.769494,137,50.000,90.029716,12.087000,0,0,0,0,0,0.42939094,1500,1500,1429.39094,1500,1500,1000,1900,1000,1375,1410,1410,1410,1410,137,138,0,0,0
2.740000000,2.760000000,1787648893.859392,138,50.000,89.898348,12.583600,0,0,0,0,0,0.428401412,1500,1500,1428.40141,1500,1500,1000,1900,1000,1374,1410,1410,1410,1410,138,139,0,0,0
2.760000000,2.780000000,1787648893.949227,139,50.000,89.834929,12.757100,0,0,0,0,0,0.427416928,1500,1500,1427.41693,1500,1500,1000,1900,1000,1373,1410,1410,1410,1410,139,140,0,0,0
2.780000000,2.800000000,1787648894.040389,140,50.000,91.161728,12.208900,0,0,0,0,0,0.426437615,1500,1500,1426.43761,1500,1500,1000,1900,1000,1372,1410,1410,1410,1410,140,141,0,0,0
2.800000000,2.820000000,1787648894.132175,141,50.000,91.786146,13.970600,0,0,0,0,0,0.425463601,1500,1500,1425.4636,1500,1500,1000,1900,1000,1371,1410,1410,1410,1410,141,142,0,0,0
2.820000000,2.840000000,1787648894.222763,142,50.000,90.587854,12.648500,0,0,0,0,0,0.424495015,1500,1500,1424.49502,1500,1500,1000,1900,1000,1371,1410,1410,1410,1410,142,143,0,0,0
2.840000000,2.860000000,1787648894.310577,143,50.000,87.814093,13.139600,0,0,0,0,0,0.42353199,1500,1500,1423.53199,1500,1500,1000,1900,1000,1370,1410,1410,1410,1410,143,144,0,0,0
2.860000000,2.880000000,1787648894.400863,144,50.000,90.286016,11.923800,0,0,0,0,0,0.422566975,1500,1500,1422.56698,1500,1500,1000,1900,1000,1369,1410,1410,1410,1410,144,145,0,0,0
2.880000000,2.900000000,1787648894.519161,145,50.000,118.298054,14.571700,0,0,0,0,0,0.421607938,1500,1500,1421.60794,1500,1500,1000,1900,1000,1368,1410,1410,1410,1410,145,146,0,0,0
2.900000000,2.920000000,1787648894.636157,146,50.000,116.996050,13.287200,0,0,0,0,0,0.420654924,1500,1500,1420.65492,1500,1500,1000,1900,1000,1367,1410,1410,1410,1410,146,147,0,0,0
2.920000000,2.940000000,1787648894.750207,147,50.000,114.049911,13.176400,0,0,0,0,0,0.419708068,1500,1500,1419.70807,1500,1500,1000,1900,1000,1366,1410,1410,1410,1410,147,148,0,0,0
2.940000000,2.960000000,1787648894.840871,148,50.000,90.664148,13.244300,0,0,0,0,0,0.418767503,1500,1500,1418.7675,1500,1500,1000,1900,1000,1365,1410,1410,1410,1410,148,149,0,0,0
2.960000000,2.980000000,1787648894.931652,149,50.000,90.780973,13.263800,0,0,0,0,0,0.417833361,1500,1500,1417.83336,1500,1500,1000,1900,1000,1364,1410,1410,1410,1410,149,150,0,0,0
2.980000000,3.000000000,1787648895.022767,150,50.000,91.114998,12.432200,0,0,0,0,0,0.416905775,1500,1500,1416.90577,1500,1500,1000,1900,1000,1363,1410,1410,1410,1410,150,151,0,0,0
3.000000000,3.020000000,1787648895.116256,151,50.000,93.488932,14.252100,0,0,0,0,0,0.415984874,1500,1500,1415.98487,1500,1500,1000,1900,1000,1362,1410,1410,1410,1410,151,152,0,0,0
3.020000000,3.040000000,1787648895.206808,152,50.000,90.552092,13.095000,0,0,0,0,0,0.415070791,1500,1500,1415.07079,1500,1500,1000,1900,1000,1361,1410,1410,1410,1410,152,153,0,0,0
3.040000000,3.060000000,1787648895.301973,153,50.000,95.164776,15.272800,0,0,0,0,0,0.414163653,1500,1500,1414.16365,1500,1500,1000,1900,1000,1361,1410,1410,1410,1410,153,154,0,0,0
3.060000000,3.080000000,1787648895.400495,154,50.000,98.522186,4.356400,0,0,0,0,0,0.413263589,1500,1500,1413.26359,1500,1500,1000,1900,1000,1360,1410,1410,1410,1410,154,155,0,0,0
3.080000000,3.100000000,1787648895.504048,155,50.000,103.553057,12.179500,0,0,0,0,0,0.412363578,1500,1500,1412.36358,1500,1500,1000,1900,1000,1359,1410,1410,1410,1410,155,156,0,0,0
3.100000000,3.120000000,1787648895.596042,156,50.000,91.993809,11.778100,0,0,0,0,0,0.411471031,1500,1500,1411.47103,1500,1500,1000,1900,1000,1359,1410,1410,1410,1410,156,157,0,0,0
3.120000000,3.140000000,1787648895.689461,157,50.000,93.419075,13.999500,0,0,0,0,0,0.410585997,1500,1500,1410.586,1500,1500,1000,1900,1000,1358,1410,1410,1410,1410,157,158,0,0,0
3.140000000,3.160000000,1787648895.785084,158,50.000,95.623016,14.202600,0,0,0,0,0,0.40970156,1500,1500,1409.70156,1500,1500,1000,1900,1000,1357,1410,1410,1410,1410,158,159,0,0,0
3.160000000,3.180000000,1787648895.873970,159,50.000,88.886023,13.521800,0,0,0,0,0,0.408825018,1500,1500,1408.82502,1500,1500,1000,1900,1000,1356,1410,1410,1410,1410,159,160,0,0,0
3.180000000,3.200000000,1787648895.965673,160,50.000,91.703176,13.433800,0,0,0,0,0,0.407956421,1500,1500,1407.95642,1500,1500,1000,1900,1000,1355,1410,1410,1410,1410,160,161,0,0,0
3.200000000,3.220000000,1787648896.055634,161,50.000,89.960814,12.806100,0,0,0,0,0,0.407095889,1500,1500,1407.09589,1500,1500,1000,1900,1000,1354,1410,1410,1410,1410,161,162,0,0,0
3.220000000,3.240000000,1787648896.147066,162,50.000,91.431856,12.527500,0,0,0,0,0,0.406243543,1500,1500,1406.24354,1500,1500,1000,1900,1000,1354,1410,1410,1410,1410,162,163,0,0,0
3.240000000,3.260000000,1787648896.236444,163,50.000,89.378119,13.049700,0,0,0,0,0,0.405399498,1500,1500,1405.3995,1500,1500,1000,1900,1000,1353,1410,1410,1410,1410,163,164,0,0,0
3.260000000,3.280000000,1787648896.332219,164,50.000,95.774889,13.551800,0,0,0,0,0,0.404557079,1500,1500,1404.55708,1500,1500,1000,1900,1000,1352,1410,1410,1410,1410,164,165,0,0,0
3.280000000,3.300000000,1787648896.420179,165,50.000,87.960005,13.149400,0,0,0,0,0,0.403723318,1500,1500,1403.72332,1500,1500,1000,1900,1000,1351,1410,1410,1410,1410,165,166,0,0,0
3.300000000,3.320000000,1787648896.509318,166,50.000,89.139223,12.600700,0,0,0,0,0,0.402898259,1500,1500,1402.89826,1500,1500,1000,1900,1000,1350,1410,1410,1410,1410,166,167,0,0,0
3.320000000,3.340000000,1787648896.597813,167,50.000,88.494778,12.882900,0,0,0,0,0,0.402082015,1500,1500,1402.08202,1500,1500,1000,1900,1000,1349,1410,1410,1410,1410,167,168,0,0,0
3.340000000,3.360000000,1787648896.689525,168,50.000,91.711998,13.934300,0,0,0,0,0,0.401274696,1500,1500,1401.2747,1500,1500,1000,1900,1000,1349,1410,1410,1410,1410,168,169,0,0,0
3.360000000,3.380000000,1787648896.782096,169,50.000,92.571020,12.430300,0,0,0,0,0,0.400476409,1500,1500,1400.47641,1500,1500,1000,1900,1000,1348,1410,1410,1410,1410,169,170,0,0,0
3.380000000,3.400000000,1787648896.871386,170,50.000,89.290142,13.225400,0,0,0,0,0,0.39968071,1500,1500,1399.68071,1500,1500,1000,1900,1000,1348,1410,1410,1410,1410,170,171,0,0,0
3.400000000,3.420000000,1787648896.963677,171,50.000,92.290878,12.736700,0,0,0,0,0,0.398894374,1500,1500,1398.89437,1500,1500,1000,1900,1000,1347,1410,1410,1410,1410,171,172,0,0,0
3.420000000,3.440000000,1787648897.041293,172,50.000,77.615976,1.800300,0,0,0,0,0,0.398110941,1500,1500,1398.11094,1500,1500,1000,1900,1000,1346,1410,1410,1410,1410,172,173,0,0,0
3.440000000,3.460000000,1787648897.132974,173,50.000,91.681242,12.589500,0,0,0,0,0,0.397337131,1500,1500,1397.33713,1500,1500,1000,1900,1000,1346,1410,1410,1410,1410,173,174,0,0,0
3.460000000,3.480000000,1787648897.225545,174,50.000,92.570782,12.569900,0,0,0,0,0,0.396572983,1500,1500,1396.57298,1500,1500,1000,1900,1000,1345,1410,1410,1410,1410,174,175,0,0,0
3.480000000,3.500000000,1787648897.303217,175,50.000,77.672005,2.398900,0,0,0,0,0,0.395812194,1500,1500,1395.81219,1500,1500,1000,1900,1000,1344,1410,1410,1410,1410,175,176,0,0,0
3.500000000,3.520000000,1787648897.393447,176,50.000,90.229988,13.225700,0,0,0,0,0,0.395061378,1500,1500,1395.06138,1500,1500,1000,1900,1000,1343,1410,1410,1410,1410,176,177,0,0,0
3.520000000,3.540000000,1787648897.486312,177,50.000,92.864990,13.850600,0,0,0,0,0,0.394320574,1500,1500,1394.32057,1500,1500,1000,1900,1000,1343,1410,1410,1410,1410,177,178,0,0,0
3.540000000,3.560000000,1787648897.577187,178,50.000,90.875149,13.247100,0,0,0,0,0,0.393589875,1500,1500,1393.58987,1500,1500,1000,1900,1000,1342,1410,1410,1410,1410,178,179,0,0,0
3.560000000,3.580000000,1787648897.671867,179,50.000,94.679832,14.905300,0,0,0,0,0,0.39286311,1500,1500,1392.86311,1500,1500,1000,1900,1000,1341,1410,1410,1410,1410,179,180,0,0,0
3.580000000,3.600000000,1787648897.762329,180,50.000,90.462208,13.054700,0,0,0,0,0,0.392146744,1500,1500,1392.14674,1500,1500,1000,1900,1000,1340,1410,1410,1410,1410,180,181,0,0,0
3.600000000,3.620000000,1787648897.851519,181,50.000,89.190006,13.586000,0,0,0,0,0,0.39144081,1500,1500,1391.44081,1500,1500,1000,1900,1000,1340,1410,1410,1410,1410,181,182,0,0,0
3.620000000,3.640000000,1787648897.941479,182,50.000,89.959860,11.768800,0,0,0,0,0,0.390745396,1500,1500,1390.7454,1500,1500,1000,1900,1000,1339,1410,1410,1410,1410,182,183,0,0,0
3.640000000,3.660000000,1787648898.028453,183,50.000,86.973906,12.002700,0,0,0,0,0,0.390054459,1500,1500,1390.05446,1500,1500,1000,1900,1000,1338,1410,1410,1410,1410,183,184,0,0,0
3.660000000,3.680000000,1787648898.116850,184,50.000,88.397264,12.449600,0,0,0,0,0,0.389374319,1500,1500,1389.37432,1500,1500,1000,1900,1000,1338,1410,1410,1410,1410,184,185,0,0,0
3.680000000,3.700000000,1787648898.205044,185,50.000,88.193893,13.227200,0,0,0,0,0,0.388705002,1500,1500,1388.705,1500,1500,1000,1900,1000,1337,1410,1410,1410,1410,185,186,0,0,0
3.700000000,3.720000000,1787648898.293242,186,50.000,88.197947,14.495900,0,0,0,0,0,0.388040553,1500,1500,1388.04055,1500,1500,1000,1900,1000,1336,1410,1410,1410,1410,186,187,0,0,0
3.720000000,3.740000000,1787648898.385432,187,50.000,92.189789,16.571500,0,0,0,0,0,0.387387192,1500,1500,1387.38719,1500,1500,1000,1900,1000,1336,1410,1410,1410,1410,187,188,0,0,0
3.740000000,3.760000000,1787648898.480584,188,50.000,95.152140,13.593200,0,0,0,0,0,0.386744944,1500,1500,1386.74494,1500,1500,1000,1900,1000,1336,1410,1410,1410,1410,188,189,0,0,0
3.760000000,3.780000000,1787648898.570963,189,50.000,90.379000,13.879100,0,0,0,0,0,0.386107936,1500,1500,1386.10794,1500,1500,1000,1900,1000,1335,1410,1410,1410,1410,189,190,0,0,0
3.780000000,3.800000000,1787648898.712657,190,50.000,141.694069,12.819400,0,0,0,0,0,0.385476346,1500,1500,1385.47635,1500,1500,1000,1900,1000,1335,1410,1410,1410,1410,190,191,0,0,0
3.800000000,3.820000000,1787648898.801963,191,50.000,89.305878,11.969700,0,0,0,0,0,0.384856244,1500,1500,1384.85624,1500,1500,1000,1900,1000,1334,1410,1410,1410,1410,191,192,0,0,0
3.820000000,3.840000000,1787648898.894105,192,50.000,92.142105,13.685500,0,0,0,0,0,0.384241748,1500,1500,1384.24175,1500,1500,1000,1900,1000,1333,1410,1410,1410,1410,192,193,0,0,0
3.840000000,3.860000000,1787648898.987900,193,50.000,93.795061,15.676200,0,0,0,0,0,0.38363893,1500,1500,1383.63893,1500,1500,1000,1900,1000,1333,1410,1410,1410,1410,193,194,0,0,0
3.860000000,3.880000000,1787648899.082714,194,50.000,94.814062,12.561800,0,0,0,0,0,0.383047809,1500,1500,1383.04781,1500,1500,1000,1900,1000,1332,1410,1410,1410,1410,194,195,0,0,0
3.880000000,3.900000000,1787648899.212102,195,50.000,129.387856,12.599100,0,0,0,0,0,0.382462633,1500,1500,1382.46263,1500,1500,1000,1900,1000,1332,1410,1410,1410,1410,195,196,0,0,0
3.900000000,3.920000000,1787648899.301978,196,50.000,89.876175,12.595700,0,0,0,0,0,0.381889381,1500,1500,1381.88938,1500,1500,1000,1900,1000,1331,1410,1410,1410,1410,196,197,0,0,0
3.920000000,3.940000000,1787648899.405578,197,50.000,103.599787,13.295900,0,0,0,0,0,0.381322293,1500,1500,1381.32229,1500,1500,1000,1900,1000,1330,1410,1410,1410,1410,197,198,0,0,0
3.940000000,3.960000000,1787648899.502610,198,50.000,97.032309,14.000400,0,0,0,0,0,0.380767299,1500,1500,1380.7673,1500,1500,1000,1900,1000,1330,1410,1410,1410,1410,198,199,0,0,0
3.960000000,3.980000000,1787648899.604065,199,50.000,101.454735,15.110900,0,0,0,0,0,0.380224409,1500,1500,1380.22441,1500,1500,1000,1900,1000,1329,1410,1410,1410,1410,199,200,0,0,0
3.980000000,4.000000000,1787648899.694001,200,50.000,89.936018,12.859800,0,0,0,0,0,0.379687992,1500,1500,1379.68799,1500,1500,1000,1900,1000,1329,1410,1410,1410,1410,200,201,0,0,0
4.000000000,4.020000000,1787648899.788030,201,50.000,94.029188,12.527700,0,0,0,0,0,0.379163884,1500,1500,1379.16388,1500,1500,1000,1900,1000,1329,1410,1410,1410,1410,201,202,0,0,0
4.020000000,4.040000000,1787648899.877120,202,50.000,89.089870,11.812300,0,0,0,0,0,0.378646447,1500,1500,1378.64645,1500,1500,1000,1900,1000,1328,1410,1410,1410,1410,202,203,0,0,0
4.040000000,4.060000000,1787648899.955606,203,50.000,78.485966,3.565000,0,0,0,0,0,0.378135826,1500,1500,1378.13583,1500,1500,1000,1900,1000,1328,1410,1410,1410,1410,203,204,0,0,0
4.060000000,4.080000000,1787648900.046252,204,50.000,90.646029,13.242600,0,0,0,0,0,0.377637762,1500,1500,1377.63776,1500,1500,1000,1900,1000,1327,1410,1410,1410,1410,204,205,0,0,0
4.080000000,4.100000000,1787648900.133641,205,50.000,87.388992,13.736100,0,0,0,0,0,0.377146655,1500,1500,1377.14666,1500,1500,1000,1900,1000,1326,1410,1410,1410,1410,205,206,0,0,0
4.100000000,4.120000000,1787648900.231043,206,50.000,97.401857,12.218400,0,0,0,0,0,0.376668245,1500,1500,1376.66825,1500,1500,1000,1900,1000,1326,1410,1410,1410,1410,206,207,0,0,0
4.120000000,4.140000000,1787648900.320041,207,50.000,88.998079,14.228400,0,0,0,0,0,0.37620253,1500,1500,1376.20253,1500,1500,1000,1900,1000,1326,1410,1410,1410,1410,207,208,0,0,0
4.140000000,4.160000000,1787648900.409710,208,50.000,89.668989,13.909700,0,0,0,0,0,0.375744032,1500,1500,1375.74403,1500,1500,1000,1900,1000,1325,1350,1350,1857,1345,208,209,0,0,0
4.160000000,4.180000000,1787648900.527699,209,50.000,117.989063,25.306800,0,0,0,0,0,0.375293155,1500,1500,1375.29315,1500,1500,1000,1900,1000,1325,1350,1350,1857,1345,209,211,0,1,0
4.180000000,4.200000000,1787648900.618707,210,50.000,91.007948,13.158600,0,0,0,0,0,0.374857223,1500,1500,1374.85722,1500,1500,1000,1900,1000,1325,1348,1348,1860,1344,210,213,0,2,0
4.200000000,4.220000000,1787648900.706487,211,50.000,87.780237,11.810200,0,0,0,0,0,0.374439748,1500,1500,1374.43975,1500,1500,1000,1900,1000,1324,1345,1345,1859,1344,211,215,0,3,0
4.220000000,4.240000000,1787648900.793847,212,50.000,87.359667,12.449800,0,0,0,0,0,0.374060039,1500,1500,1374.06004,1500,1500,1000,1900,1000,1324,1343,1343,1853,1343,212,217,0,4,0
4.240000000,4.260000000,1787648900.885652,213,50.000,91.805220,14.063600,0,0,0,0,0,0.373749823,1500,1500,1373.74982,1500,1500,1000,1900,1000,1324,1340,1340,1840,1342,213,219,0,5,0
4.260000000,4.280000000,1787648900.973706,214,50.000,88.053942,13.208400,0,0,0,0,0,0.373533845,1500,1500,1373.53384,1500,1500,1000,1900,1000,1323,1337,1337,1820,1340,214,221,0,6,0
4.280000000,4.300000000,1787648901.065328,215,50.000,91.621876,12.485200,0,0,0,0,0,0.373443934,1500,1500,1373.44393,1500,1500,1000,1900,1000,1323,1333,1333,1793,1338,215,223,0,7,0
4.300000000,4.320000000,1787648901.160465,216,50.000,95.137119,14.184400,0,0,0,0,0,0.373517416,1500,1500,1373.51742,1500,1500,1000,1900,1000,1323,1329,1329,1760,1336,216,225,0,8,0
4.320000000,4.340000000,1787648901.248361,217,50.000,87.896109,13.533400,0,0,0,0,0,0.373779057,1500,1500,1373.77906,1500,1500,1000,1900,1000,1323,1325,1325,1722,1334,217,227,0,9,0
4.340000000,4.360000000,1787648901.327224,218,50.000,78.862906,2.328600,0,0,0,0,0,0.374256418,1500,1500,1374.25642,1500,1500,1000,1900,1000,1323,1321,1321,1681,1332,218,229,0,10,0
4.360000000,4.380000000,1787648901.416512,219,50.000,89.287996,13.268900,0,0,0,0,0,0.374973159,1500,1500,1374.97316,1500,1500,1000,1900,1000,1324,1316,1316,1636,1329,219,231,0,11,0
4.380000000,4.400000000,1787648901.505543,220,50.000,89.030981,14.189200,0,0,0,0,0,0.37594864,1500,1500,1375.94864,1500,1500,1000,1900,1000,1324,1311,1311,1589,1325,220,233,0,12,0
4.400000000,4.420000000,1787648901.593255,221,50.000,87.711811,12.833500,0,0,0,0,0,0.377191514,1500,1500,1377.19151,1500,1500,1000,1900,1000,1325,1306,1306,1543,1322,221,235,0,13,0
4.420000000,4.440000000,1787648901.687967,222,50.000,94.712257,15.414300,0,0,0,0,0,0.378716199,1500,1500,1378.7162,1500,1500,1000,1900,1000,1326,1300,1300,1497,1318,222,237,0,14,0
4.440000000,4.460000000,1787648901.787229,223,50.000,99.261999,17.009600,0,0,0,0,0,0.380520219,1500,1500,1380.52022,1500,1500,1000,1900,1000,1327,1294,1294,1455,1314,223,239,0,15,0
4.460000000,4.480000000,1787648901.874988,224,50.000,87.759018,13.527700,0,0,0,0,0,0.382601474,1500,1500,1382.60147,1500,1500,1000,1900,1000,1329,1288,1288,1415,1309,224,241,0,16,0
4.480000000,4.500000000,1787648901.962361,225,50.000,87.373018,14.313900,0,0,0,0,0,0.384952147,1500,1500,1384.95215,1500,1500,1000,1900,1000,1331,1282,1282,1392,1303,225,243,0,17,0
4.500000000,4.520000000,1787648902.052850,226,50.000,90.488911,12.815100,0,0,0,0,0,0.387554095,1500,1500,1387.5541,1500,1500,1000,1900,1000,1333,1275,1275,1372,1297,226,245,0,18,0
4.520000000,4.540000000,1787648902.139966,227,50.000,87.116003,12.461900,0,0,0,0,0,0.390390313,1500,1500,1390.39031,1500,1500,1000,1900,1000,1336,1267,1267,1356,1291,227,247,0,19,0
4.540000000,4.560000000,1787648902.235110,228,50.000,95.144033,14.791800,0,0,0,0,0,0.393440314,1500,1500,1393.44031,1500,1500,1000,1900,1000,1338,1260,1260,1344,1284,228,249,0,20,0
4.560000000,4.580000000,1787648902.327957,229,50.000,92.846870,13.036600,0,0,0,0,0,0.396675127,1500,1500,1396.67513,1500,1500,1000,1900,1000,1341,1252,1252,1336,1277,229,251,0,21,0
4.580000000,4.600000000,1787648902.419384,230,50.000,91.427088,12.838900,0,0,0,0,0,0.400075908,1500,1500,1400.07591,1500,1500,1000,1900,1000,1344,1243,1243,1332,1269,230,253,0,22,0
4.600000000,4.620000000,1787648902.508678,231,50.000,89.293957,13.058600,0,0,0,0,0,0.403610752,1500,1500,1403.61075,1500,1500,1000,1900,1000,1348,1235,1235,1331,1261,231,255,0,23,0
4.620000000,4.640000000,1787648902.600154,232,50.000,91.476202,13.479300,0,0,0,0,0,0.407253596,1500,1500,1407.2536,1500,1500,1000,1900,1000,1350,1226,1226,1334,1252,232,257,0,24,0
4.640000000,4.660000000,1787648902.694122,233,50.000,93.967915,15.268800,0,0,0,0,0,0.41097223,1500,1500,1410.97223,1500,1500,1000,1900,1000,1354,1216,1216,1339,1241,233,259,0,25,0
4.660000000,4.680000000,1787648902.785343,234,50.000,91.220856,12.699200,0,0,0,0,0,0.414755292,1500,1500,1414.75529,1500,1500,1000,1900,1000,1357,1206,1206,1348,1231,234,261,0,26,0
4.680000000,4.700000000,1787648902.878590,235,50.000,93.247175,14.885900,0,0,0,0,0,0.41856637,1500,1500,1418.56637,1500,1500,1000,1900,1000,1360,1196,1196,1359,1220,235,263,0,27,0
4.700000000,4.720000000,1787648902.969579,236,50.000,90.989113,14.974000,0,0,0,0,0,0.422390736,1500,1500,1422.39074,1500,1500,1000,1900,1000,1364,1185,1185,1371,1208,236,265,0,28,0
4.720000000,4.740000000,1787648903.061094,237,50.000,91.514826,12.681700,0,0,0,0,0,0.426208798,1500,1500,1426.2088,1500,1500,1000,1900,1000,1368,1173,1173,1385,1195,237,267,0,29,0
4.740000000,4.760000000,1787648903.151363,238,50.000,90.269089,12.899100,0,0,0,0,0,0.429996057,1500,1500,1429.99606,1500,1500,1000,1900,1000,1371,1161,1161,1400,1179,238,269,0,30,0
4.760000000,4.780000000,1787648903.243823,239,50.000,92.459917,13.734900,0,0,0,0,0,0.433737478,1500,1500,1433.73748,1500,1500,1000,1900,1000,1374,1149,1149,1418,1165,239,271,0,31,0
4.780000000,4.800000000,1787648903.333802,240,50.000,89.978933,13.225800,0,0,0,0,0,0.43742827,1500,1500,1437.42827,1500,1500,1000,1900,1000,1378,1136,1136,1443,1150,240,273,0,32,0
4.800000000,4.820000000,1787648903.423762,241,50.000,89.959860,13.208100,0,0,0,0,0,0.441058341,1500,1500,1441.05834,1500,1500,1000,1900,1000,1382,1122,1122,1468,1135,241,275,0,33,0
4.820000000,4.840000000,1787648903.510617,242,50.000,86.855173,12.666000,0,0,0,0,0,0.444612155,1500,1500,1444.61215,1500,1500,1000,1900,1000,1385,1108,1108,1491,1119,242,277,0,34,0
4.840000000,4.860000000,1787648903.602688,243,50.000,92.071056,13.188000,0,0,0,0,0,0.448084435,1500,1500,1448.08443,1500,1500,1000,1900,1000,1388,1093,1093,1515,1096,243,279,0,35,0
4.860000000,4.880000000,1787648903.708529,244,50.000,105.840921,13.085100,0,0,0,0,0,0.451481324,1500,1500,1451.48132,1500,1500,1000,1900,1000,1392,1077,1077,1536,1079,244,281,0,36,0
4.880000000,4.900000000,1787648903.794151,245,50.000,85.621834,13.176700,0,0,0,0,0,0.454803911,1500,1500,1454.80391,1500,1500,1000,1900,1000,1394,1061,1061,1554,1062,245,283,0,37,0
4.900000000,4.920000000,1787648903.882136,246,50.000,87.985039,13.588400,0,0,0,0,0,0.458045478,1500,1500,1458.04548,1500,1500,1000,1900,1000,1397,1045,1045,1570,1044,246,285,0,38,0
4.920000000,4.940000000,1787648903.970159,247,50.000,88.023186,12.594300,0,0,0,0,0,0.461227753,1500,1500,1461.22775,1500,1500,1000,1900,1000,1401,1027,1027,1582,1041,247,287,0,39,0
4.940000000,4.960000000,1787648904.059558,248,50.000,89.399099,14.212600,0,0,0,0,0,0.464345179,1500,1500,1464.34518,1500,1500,1000,1900,1000,1404,1009,1009,1593,1042,248,289,0,40,0
4.960000000,4.980000000,1787648904.153082,249,50.000,93.523979,15.021600,0,0,0,0,0,0.467388682,1500,1500,1467.38868,1500,1500,1000,1900,1000,1406,1007,1007,1601,1043,249,291,0,41,0
4.980000000,5.000000000,1787648904.254171,250,50.000,101.088762,12.306000,0,0,0,0,0,0.470369607,1500,1500,1470.36961,1500,1500,1000,1900,1000,1409,1007,1007,1606,1043,250,293,0,42,0
5.000000000,5.020000000,1787648904.359944,251,50.000,105.773211,11.829100,0,0,0,0,0,0.473300477,1500,1500,1473.30048,1500,1500,1000,1900,1000,1412,1007,1007,1609,1043,251,295,0,43,0
5.020000000,5.040000000,1787648904.461391,252,50.000,101.447105,12.441100,0,0,0,0,0,0.476175336,1500,1500,1476.17534,1500,1500,1000,1900,1000,1415,1007,1007,1609,1043,252,297,0,44,0
5.040000000,5.060000000,1787648904.550721,253,50.000,89.329720,13.820000,0,0,0,0,0,0.478998523,1500,1500,1478.99852,1500,1500,1000,1900,1000,1417,1007,1007,1610,1043,253,299,0,45,0
5.060000000,5.080000000,1787648904.642614,254,50.000,91.893196,12.047900,0,0,0,0,0,0.481774033,1500,1500,1481.77403,1500,1500,1000,1900,1000,1419,1007,1007,1609,1043,254,301,0,46,0
5.080000000,5.100000000,1787648904.771508,255,50.000,128.893852,14.290500,0,0,0,0,0,0.484515855,1500,1500,1484.51585,1500,1500,1000,1900,1000,1422,1007,1007,1606,1043,255,303,0,47,0
5.100000000,5.120000000,1787648904.893377,256,50.000,121.869087,13.226300,0,0,0,0,0,0.487226751,1500,1500,1487.22675,1500,1500,1000,1900,1000,1425,1007,1007,1602,1043,256,305,0,48,0
5.120000000,5.140000000,1787648904.982579,257,50.000,89.201927,12.947500,0,0,0,0,0,0.489898002,1500,1500,1489.898,1500,1500,1000,1900,1000,1428,1007,1007,1598,1043,257,307,0,49,0
5.140000000,5.160000000,1787648905.072747,258,50.000,90.167999,12.850900,0,0,0,0,0,0.492530711,1500,1500,1492.53071,1500,1500,1000,1900,1000,1429,1007,1007,1596,1043,258,309,0,50,0
5.160000000,5.180000000,1787648905.169988,259,50.000,97.241163,12.242200,0,0,0,0,0,0.495124619,1500,1500,1495.12462,1500,1500,1000,1900,1000,1432,1007,1007,1592,1043,259,311,0,51,0
5.180000000,5.200000000,1787648905.276971,260,50.000,106.982708,11.920000,0,0,0,0,0,0.497686798,1500,1500,1497.6868,1500,1500,1000,1900,1000,1435,1007,1007,1589,1043,260,313,0,52,0
5.200000000,5.220000000,1787648905.368231,261,50.000,91.260195,13.462500,0,0,0,0,0,0.50017284,1500,1500,1500.17284,1500,1500,1000,1900,1000,1437,1007,1007,1586,1043,261,315,0,53,0
5.220000000,5.240000000,1787648905.484924,262,50.000,116.693020,15.019700,0,0,0,0,0,0.502575087,1500,1500,1502.57509,1500,1500,1000,1900,1000,1440,1007,1007,1583,1043,262,317,0,54,0
5.240000000,5.260000000,1787648905.599932,263,50.000,115.007877,12.167600,0,0,0,0,0,0.504895342,1500,1500,1504.89534,1500,1500,1000,1900,1000,1441,1007,1007,1581,1043,263,319,0,55,0
5.260000000,5.280000000,1787648905.703767,264,50.000,103.835106,14.224900,0,0,0,0,0,0.507112603,1500,1500,1507.1126,1500,1500,1000,1900,1000,1443,1007,1007,1582,1043,264,321,0,56,0
5.280000000,5.300000000,1787648905.811247,265,50.000,107.480049,12.360800,0,0,0,0,0,0.509237863,1500,1500,1509.23786,1500,1500,1000,1900,1000,1446,1007,1007,1583,1043,265,323,0,57,0
5.300000000,5.320000000,1787648905.901802,266,50.000,90.554953,12.399500,0,0,0,0,0,0.511248345,1500,1500,1511.24835,1500,1500,1000,1900,1000,1448,1007,1007,1585,1043,266,325,0,58,0
5.320000000,5.340000000,1787648905.993870,267,50.000,92.067957,12.420100,0,0,0,0,0,0.513121438,1500,1500,1513.12144,1500,1500,1000,1900,1000,1450,1007,1007,1587,1043,267,327,0,59,0
5.340000000,5.360000000,1787648906.083191,268,50.000,89.320898,13.480300,0,0,0,0,0,0.514855829,1500,1500,1514.85583,1500,1500,1000,1900,1000,1451,1007,1007,1588,1043,268,329,0,60,0
5.360000000,5.380000000,1787648906.169124,269,50.000,85.933208,12.464300,0,0,0,0,0,0.516438827,1500,1500,1516.43883,1500,1500,1000,1900,1000,1452,1007,1007,1595,1043,269,331,0,61,0
5.380000000,5.400000000,1787648906.260131,270,50.000,91.006994,12.852900,0,0,0,0,0,0.51786859,1500,1500,1517.86859,1500,1500,1000,1900,1000,1454,1007,1007,1601,1043,270,333,0,62,0
5.400000000,5.420000000,1787648906.360640,271,50.000,100.508690,13.925700,0,0,0,0,0,0.519132359,1500,1500,1519.13236,1500,1500,1000,1900,1000,1455,1007,1007,1608,1043,271,335,0,63,0
5.420000000,5.440000000,1787648906.448762,272,50.000,88.122129,12.876700,0,0,0,0,0,0.520207271,1500,1500,1520.20727,1500,1500,1000,1900,1000,1457,1007,1007,1615,1043,272,337,0,64,0
5.440000000,5.460000000,1787648906.541693,273,50.000,92.931271,16.085700,0,0,0,0,0,0.521092381,1500,1500,1521.09238,1500,1500,1000,1900,1000,1458,1007,1007,1619,1043,273,339,0,65,0
5.460000000,5.480000000,1787648906.634686,274,50.000,92.992783,12.344400,0,0,0,0,0,0.521765775,1500,1500,1521.76577,1500,1500,1000,1900,1000,1459,1007,1007,1632,1043,274,341,0,66,0
5.480000000,5.500000000,1787648906.725532,275,50.000,90.846062,14.022700,0,0,0,0,0,0.522227544,1500,1500,1522.22754,1500,1500,1000,1900,1000,1459,1007,1007,1643,1043,275,343,0,67,0
5.500000000,5.520000000,1787648906.813704,276,50.000,88.171959,14.706000,0,0,0,0,0,0.522467475,1500,1500,1522.46747,1500,1500,1000,1900,1000,1460,1007,1007,1654,1043,276,345,0,68,0
5.520000000,5.540000000,1787648906.900657,277,50.000,86.952925,11.941400,0,0,0,0,0,0.522486364,1500,1500,1522.48636,1500,1500,1000,1900,1000,1460,1007,1007,1665,1043,277,347,0,69,0
5.540000000,5.560000000,1787648906.992384,278,50.000,91.727018,14.146000,0,0,0,0,0,0.522265056,1500,1500,1522.26506,1500,1500,1000,1900,1000,1460,1007,1007,1671,1043,278,349,0,70,0
5.560000000,5.580000000,1787648907.078131,279,50.000,85.747242,12.288100,0,0,0,0,0,0.521805856,1500,1500,1521.80586,1500,1500,1000,1900,1000,1460,1007,1007,1687,1043,279,351,0,71,0
5.580000000,5.600000000,1787648907.167058,280,50.000,88.926792,12.837300,0,0,0,0,0,0.52110117,1500,1500,1521.10117,1500,1500,1000,1900,1000,1459,1007,1007,1700,1043,280,353,0,72,0
5.600000000,5.620000000,1787648907.260061,281,50.000,93.003035,14.201300,0,0,0,0,0,0.520144348,1500,1500,1520.14435,1500,1500,1000,1900,1000,1459,1007,1007,1713,1043,281,355,0,73,0
5.620000000,5.640000000,1787648907.349975,282,50.000,89.914083,13.004100,0,0,0,0,0,0.518939012,1500,1500,1518.93901,1500,1500,1000,1900,1000,1458,1007,1007,1725,1043,282,357,0,74,0
5.640000000,5.660000000,1787648907.440715,283,50.000,90.739965,12.761000,0,0,0,0,0,0.517469948,1500,1500,1517.46995,1500,1500,1000,1900,1000,1456,1007,1007,1720,1043,283,359,0,75,0
5.660000000,5.680000000,1787648907.533366,284,50.000,92.650890,2.372200,0,0,0,0,0,0.515742064,1500,1500,1515.74206,1500,1500,1000,1900,1000,1455,1007,1007,1680,1043,284,361,0,76,0
5.680000000,5.700000000,1787648907.626794,285,50.000,93.427896,13.713800,0,0,0,0,0,0.513759795,1500,1500,1513.7598,1500,1500,1000,1900,1000,1453,1007,1007,1613,1043,285,363,0,77,0
5.700000000,5.720000000,1787648907.724417,286,50.000,97.623110,14.470600,0,0,0,0,0,0.511509128,1500,1500,1511.50913,1500,1500,1000,1900,1000,1451,1007,1007,1532,1043,286,365,0,78,0
5.720000000,5.740000000,1787648907.827107,287,50.000,102.689981,14.250400,0,0,0,0,0,0.508994555,1500,1500,1508.99455,1500,1500,1000,1900,1000,1450,1007,1007,1442,1043,287,367,0,79,0
5.740000000,5.760000000,1787648907.915813,288,50.000,88.706017,12.827700,0,0,0,0,0,0.506210885,1500,1500,1506.21089,1500,1500,1000,1900,1000,1447,1007,1007,1365,1043,288,369,0,80,0
5.760000000,5.780000000,1787648908.003660,289,50.000,87.846994,13.083700,0,0,0,0,0,0.503144697,1500,1500,1503.1447,1500,1500,1000,1900,1000,1445,1007,1007,1302,1043,289,371,0,81,0
5.780000000,5.800000000,1787648908.091601,290,50.000,87.941170,13.291700,0,0,0,0,0,0.499808785,1500,1500,1499.80878,1500,1500,1000,1900,1000,1442,1007,1007,1237,1043,290,373,0,82,0
5.800000000,5.820000000,1787648908.184499,291,50.000,92.897892,15.749400,0,0,0,0,0,0.496192519,1500,1500,1496.19252,1500,1500,1000,1900,1000,1439,1007,1007,1171,1043,291,375,0,83,0
5.820000000,5.840000000,1787648908.273881,292,50.000,89.382172,14.019600,0,0,0,0,0,0.492329604,1500,1500,1492.3296,1500,1500,1000,1900,1000,1436,1007,1007,1105,1043,292,377,0,84,0
5.840000000,5.860000000,1787648908.366744,293,50.000,92.862606,13.027400,0,0,0,0,0,0.488233679,1500,1500,1488.23368,1500,1500,1000,1900,1000,1432,1007,1007,1038,1043,293,379,0,85,0
5.860000000,5.880000000,1787648908.457374,294,50.000,90.630293,12.807100,0,0,0,0,0,0.483912188,1500,1500,1483.91219,1500,1500,1000,1900,1000,1428,1007,1007,1007,1043,294,381,0,86,0
5.880000000,5.900000000,1787648908.545259,295,50.000,87.884903,12.886000,0,0,0,0,0,0.479383362,1500,1500,1479.38336,1500,1500,1000,1900,1000,1424,1007,1007,1007,1043,295,383,0,87,0
5.900000000,5.920000000,1787648908.634728,296,50.000,89.468956,13.455500,0,0,0,0,0,0.474661178,1500,1500,1474.66118,1500,1500,1000,1900,1000,1420,1007,1007,1007,1043,296,385,0,88,0
5.920000000,5.940000000,1787648908.727838,297,50.000,93.109846,12.698500,0,0,0,0,0,0.469776015,1500,1500,1469.77601,1500,1500,1000,1900,1000,1416,1007,1007,1007,1043,297,387,0,89,0
5.940000000,5.960000000,1787648908.816154,298,50.000,88.316202,15.458100,0,0,0,0,0,0.46486268,1500,1500,1464.86268,1500,1500,1000,1900,1000,1411,1007,1007,1007,1043,298,389,0,90,0
5.960000000,5.980000000,1787648908.897038,299,50.000,80.883980,4.798100,0,0,0,0,0,0.459981926,1500,1500,1459.98193,1500,1500,1000,1900,1000,1406,1007,1007,1007,1043,299,391,0,91,0
5.980000000,6.000000000,1787648908.987461,300,50.000,90.422869,13.968800,0,0,0,0,0,0.45517498,1500,1500,1455.17498,1500,1500,1000,1900,1000,1402,1007,1007,1021,1043,300,393,0,92,0
6.000000000,6.020000000,1787648909.078107,301,50.000,90.646029,13.142400,0,0,0,0,0,0.450474695,1500,1500,1450.47469,1500,1500,1000,1900,1000,1398,1007,1007,1043,1043,301,395,0,93,0
6.020000000,6.040000000,1787648909.165608,302,50.000,87.501049,12.948900,0,0,0,0,0,0.445907758,1500,1500,1445.90776,1500,1500,1000,1900,1000,1394,1007,1007,1068,1043,302,397,0,94,0
6.040000000,6.060000000,1787648909.250653,303,50.000,85.045099,12.066300,0,0,0,0,0,0.441505018,1500,1500,1441.50502,1500,1500,1000,1900,1000,1389,1007,1007,1100,1043,303,399,0,95,0
6.060000000,6.080000000,1787648909.342047,304,50.000,91.394186,14.905800,0,0,0,0,0,0.437293489,1500,1500,1437.29349,1500,1500,1000,1900,1000,1385,1007,1007,1131,1043,304,401,0,96,0
6.080000000,6.100000000,1787648909.437873,305,50.000,95.825911,13.740400,0,0,0,0,0,0.433300175,1500,1500,1433.30018,1500,1500,1000,1900,1000,1382,1007,1007,1163,1043,305,403,0,97,0
6.100000000,6.120000000,1787648909.526211,306,50.000,88.337898,12.746500,0,0,0,0,0,0.429534529,1500,1500,1429.53453,1500,1500,1000,1900,1000,1378,1007,1007,1198,1043,306,405,0,98,0
6.120000000,6.140000000,1787648909.618226,307,50.000,92.015028,15.142000,0,0,0,0,0,0.426001861,1500,1500,1426.00186,1500,1500,1000,1900,1000,1374,1007,1007,1234,1043,307,407,0,99,0
6.140000000,6.160000000,1787648909.708760,308,50.000,90.533972,12.888300,0,0,0,0,0,0.422712694,1500,1500,1422.71269,1500,1500,1000,1900,1000,1371,1007,1007,1276,1043,308,409,0,100,0
6.160000000,6.180000000,1787648909.798826,309,50.000,90.065956,13.310400,0,0,0,0,0,0.419670029,1500,1500,1419.67003,1500,1500,1000,1900,1000,1368,1007,1007,1313,1043,309,411,0,101,0
6.180000000,6.200000000,1787648909.888542,310,50.000,89.715958,12.719600,0,0,0,0,0,0.416868542,1500,1500,1416.86854,1500,1500,1000,1900,1000,1365,1007,1007,1354,1043,310,413,0,102,0
6.200000000,6.220000000,1787648909.983097,311,50.000,94.554901,13.422300,0,0,0,0,0,0.414298689,1500,1500,1414.29869,1500,1500,1000,1900,1000,1362,1007,1007,1398,1043,311,415,0,103,0
6.220000000,6.240000000,1787648910.077474,312,50.000,94.377279,14.039100,0,0,0,0,0,0.411947528,1500,1500,1411.94753,1500,1500,1000,1900,1000,1360,1007,1007,1459,1043,312,417,0,104,0
6.240000000,6.260000000,1787648910.162731,313,50.000,85.256815,11.698000,0,0,0,0,0,0.409801438,1500,1500,1409.80144,1500,1500,1000,1900,1000,1358,1007,1007,1530,1043,313,419,0,105,0
6.260000000,6.280000000,1787648910.256835,314,50.000,94.104052,15.052000,0,0,0,0,0,0.407844822,1500,1500,1407.84482,1500,1500,1000,1900,1000,1356,1007,1007,1597,1043,314,421,0,106,0
6.280000000,6.300000000,1787648910.341585,315,50.000,84.749937,12.807900,0,0,0,0,0,0.406062536,1500,1500,1406.06254,1500,1500,1000,1900,1000,1354,1007,1007,1663,1043,315,423,0,107,0
6.300000000,6.320000000,1787648910.432220,316,50.000,90.635061,12.941600,0,0,0,0,0,0.404431619,1500,1500,1404.43162,1500,1500,1000,1900,1000,1353,1007,1007,1727,1043,316,425,0,108,0
6.320000000,6.340000000,1787648910.508707,317,50.000,76.487064,2.306300,0,0,0,0,0,0.402923317,1500,1500,1402.92332,1500,1500,1000,1900,1000,1351,1007,1007,1788,1043,317,427,0,109,0
6.340000000,6.360000000,1787648910.597530,318,50.000,88.823080,13.161400,0,0,0,0,0,0.401502073,1500,1500,1401.50207,1500,1500,1000,1900,1000,1349,1007,1007,1841,1043,318,429,0,110,0
6.360000000,6.380000000,1787648910.694394,319,50.000,96.863985,15.277200,0,0,0,0,0,0.40013328,1500,1500,1400.13328,1500,1500,1000,1900,1000,1348,1007,1007,1888,1043,319,431,0,111,0
6.380000000,6.400000000,1787648910.789647,320,50.000,95.252752,12.239300,0,0,0,0,0,0.398774486,1500,1500,1398.77449,1500,1500,1000,1900,1000,1348,1007,1007,1927,1043,320,433,0,112,0
6.400000000,6.420000000,1787648910.881801,321,50.000,92.154264,12.576100,0,0,0,0,0,0.397380856,1500,1500,1397.38086,1500,1500,1000,1900,1000,1346,1007,1007,1958,1043,321,435,0,113,0
6.420000000,6.440000000,1787648910.970441,322,50.000,88.639736,13.786100,0,0,0,0,0,0.395907316,1500,1500,1395.90732,1500,1500,1000,1900,1000,1345,1007,1007,1978,1043,322,437,0,114,0
6.440000000,6.460000000,1787648911.056722,323,50.000,86.281061,11.661200,0,0,0,0,0,0.394317421,1500,1500,1394.31742,1500,1500,1000,1900,1000,1343,1007,1007,1985,1043,323,439,0,115,0
6.460000000,6.480000000,1787648911.147326,324,50.000,90.604067,15.289800,0,0,0,0,0,0.392569875,1500,1500,1392.56987,1500,1500,1000,1900,1000,1342,1007,1007,1975,1053,324,441,0,116,0
6.480000000,6.500000000,1787648911.238565,325,50.000,91.238976,13.296300,0,0,0,0,0,0.390626304,1500,1500,1390.6263,1500,1500,1000,1900,1000,1340,1007,1007,1941,1080,325,443,0,117,0
6.500000000,6.520000000,1787648911.328624,326,50.000,90.059042,12.521000,0,0,0,0,0,0.388427305,1500,1500,1388.4273,1500,1500,1000,1900,1000,1338,1007,1007,1885,1109,326,445,0,118,0
6.520000000,6.540000000,1787648911.420553,327,50.000,91.928959,12.013000,0,0,0,0,0,0.385906611,1500,1500,1385.90661,1500,1500,1000,1900,1000,1336,1007,1007,1811,1139,327,447,0,119,0
6.540000000,6.560000000,1787648911.522596,328,50.000,102.042913,11.609600,0,0,0,0,0,0.383012511,1500,1500,1383.01251,1500,1500,1000,1900,1000,1334,1007,1007,1731,1176,328,449,0,120,0
6.560000000,6.580000000,1787648911.610315,329,50.000,87.718964,12.955800,0,0,0,0,0,0.379711591,1500,1500,1379.71159,1500,1500,1000,1900,1000,1332,1007,1007,1628,1209,329,451,0,121,0
6.580000000,6.600000000,1787648911.701376,330,50.000,91.061115,14.095300,0,0,0,0,0,0.375981814,1500,1500,1375.98181,1500,1500,1000,1900,1000,1328,1007,1007,1517,1243,330,453,0,122,0
6.600000000,6.620000000,1787648911.791869,331,50.000,90.492964,13.278700,0,0,0,0,0,0.371812902,1500,1500,1371.8129,1500,1500,1000,1900,1000,1325,1007,1007,1405,1279,331,455,0,123,0
6.620000000,6.640000000,1787648911.887624,332,50.000,95.755100,13.880800,0,0,0,0,0,0.367216731,1500,1500,1367.21673,1500,1500,1000,1900,1000,1321,1007,1007,1326,1313,332,457,0,124,0
6.640000000,6.660000000,1787648911.980242,333,50.000,92.617989,14.002200,0,0,0,0,0,0.36222444,1500,1500,1362.22444,1500,1500,1000,1900,1000,1317,1007,1007,1257,1350,333,459,0,125,0
6.660000000,6.680000000,1787648912.066710,334,50.000,86.467981,12.374600,0,0,0,0,0,0.356897535,1500,1500,1356.89753,1500,1500,1000,1900,1000,1313,1007,1007,1176,1386,334,461,0,126,0
6.680000000,6.700000000,1787648912.147615,335,50.000,80.904961,3.683500,0,0,0,0,0,0.351290253,1500,1500,1351.29025,1500,1500,1000,1900,1000,1307,1007,1007,1099,1429,335,463,0,127,0
6.700000000,6.720000000,1787648912.243824,336,50.000,96.209049,13.728000,0,0,0,0,0,0.345451105,1500,1500,1345.45111,1500,1500,1000,1900,1000,1302,1007,1007,1027,1487,336,465,0,128,0
6.720000000,6.740000000,1787648912.330594,337,50.000,86.770058,12.686100,0,0,0,0,0,0.339441157,1500,1500,1339.44116,1500,1500,1000,1900,1000,1297,1007,1007,1007,1544,337,467,0,129,0
6.740000000,6.760000000,1787648912.423742,338,50.000,93.147993,17.672200,0,0,0,0,0,0.333320755,1500,1500,1333.32076,1500,1500,1000,1900,1000,1291,1007,1007,1007,1599,338,469,0,130,0
6.760000000,6.780000000,1787648912.516087,339,50.000,92.344761,12.743900,0,0,0,0,0,0.327193688,1500,1500,1327.19369,1500,1500,1000,1900,1000,1286,1007,1007,1007,1654,339,471,0,131,0
6.780000000,6.800000000,1787648912.605725,340,50.000,89.638233,14.430000,0,0,0,0,0,0.32115336,1500,1500,1321.15336,1500,1500,1000,1900,1000,1280,1007,1007,1007,1706,340,473,0,132,0
6.800000000,6.820000000,1787648912.691928,341,50.000,86.202860,12.243400,0,0,0,0,0,0.315260377,1500,1500,1315.26038,1500,1500,1000,1900,1000,1275,1007,1007,1007,1756,341,475,0,133,0
6.820000000,6.840000000,1787648912.782185,342,50.000,90.257168,11.761800,0,0,0,0,0,0.309565019,1500,1500,1309.56502,1500,1500,1000,1900,1000,1269,1007,1007,1007,1801,342,477,0,134,0
6.840000000,6.860000000,1787648912.869960,343,50.000,87.774992,13.352200,0,0,0,0,0,0.30410291,1500,1500,1304.10291,1500,1500,1000,1900,1000,1264,1007,1007,1007,1830,343,479,0,135,0
6.860000000,6.880000000,1787648912.946658,344,50.000,76.697826,2.082100,0,0,0,0,0,0.298911397,1500,1500,1298.9114,1500,1500,1000,1900,1000,1259,1007,1007,1007,1863,344,481,0,136,0
6.880000000,6.900000000,1787648913.037005,345,50.000,90.347052,14.260200,0,0,0,0,0,0.294021415,1500,1500,1294.02142,1500,1500,1000,1900,1000,1254,1007,1007,1007,1889,345,483,0,137,0
6.900000000,6.920000000,1787648913.124132,346,50.000,87.127209,12.770000,0,0,0,0,0,0.289455646,1500,1500,1289.45565,1500,1500,1000,1900,1000,1250,1007,1007,1007,1908,346,485,0,138,0
6.920000000,6.940000000,1787648913.215131,347,50.000,90.998888,14.155100,0,0,0,0,0,0.285233226,1500,1500,1285.23323,1500,1500,1000,1900,1000,1245,1007,1007,1007,1920,347,487,0,139,0
6.940000000,6.960000000,1787648913.307107,348,50.000,91.975927,14.260400,0,0,0,0,0,0.281367915,1500,1500,1281.36792,1500,1500,1000,1900,1000,1242,1074,1074,1007,1898,348,489,0,140,0
6.960000000,6.980000000,1787648913.397225,349,50.000,90.118170,12.765000,0,0,0,0,0,0.277885991,1500,1500,1277.88599,1500,1500,1000,1900,1000,1238,1141,1141,1007,1884,349,491,0,141,0
6.980000000,7.000000000,1787648913.482820,350,50.000,85.594893,12.438600,0,0,0,0,0,0.274823899,1500,1500,1274.8239,1500,1500,1000,1900,1000,1234,1186,1186,1007,1865,350,493,0,142,0
7.000000000,7.020000000,1787648913.585140,351,50.000,102.319956,14.259400,0,0,0,0,0,0.272185199,1500,1500,1272.1852,1500,1500,1000,1900,1000,1232,1217,1217,1007,1837,351,495,0,143,0
7.020000000,7.040000000,1787648913.688267,352,50.000,103.127003,14.280100,0,0,0,0,0,0.269947109,1500,1500,1269.94711,1500,1500,1000,1900,1000,1230,1238,1238,1007,1802,352,497,0,144,0
7.040000000,7.060000000,1787648913.783435,353,50.000,95.168114,13.465200,0,0,0,0,0,0.268077524,1500,1500,1268.07752,1500,1500,1000,1900,1000,1227,1256,1256,1007,1743,353,499,0,145,0
7.060000000,7.080000000,1787648913.873917,354,50.000,90.481997,12.162800,0,0,0,0,0,0.266548934,1500,1500,1266.54893,1500,1500,1000,1900,1000,1226,1265,1265,1007,1695,354,501,0,146,0
7.080000000,7.100000000,1787648914.072997,355,50.000,199.079990,14.306300,0,0,0,0,0,0.265338948,1500,1500,1265.33895,1500,1500,1000,1900,1000,1224,1272,1272,1007,1641,355,503,0,147,0
7.100000000,7.120000000,1787648914.257160,356,50.000,184.162855,14.684400,0,0,0,0,0,0.264406939,1500,1500,1264.40694,1500,1500,1000,1900,1000,1223,1277,1277,1007,1581,356,505,0,148,0
7.120000000,7.140000000,1787648914.457280,357,50.000,200.119972,15.279500,0,0,0,0,0,0.263729857,1500,1500,1263.72986,1500,1500,1000,1900,1000,1222,1281,1281,1007,1518,357,507,0,149,0
7.140000000,7.160000000,1787648914.635144,358,50.000,177.864075,13.666500,0,0,0,0,0,0.263288664,1500,1500,1263.28866,1500,1500,1000,1900,1000,1221,1287,1287,1022,1447,358,509,0,150,0
7.160000000,7.180000000,1787648914.826033,359,50.000,190.888882,11.957200,0,0,0,0,0,0.263077358,1500,1500,1263.07736,1500,1500,1000,1900,1000,1221,1289,1289,1033,1393,359,511,0,151,0
7.180000000,7.200000000,1787648915.007285,360,50.000,181.252003,14.687500,0,0,0,0,0,0.263098421,1500,1500,1263.09842,1500,1500,1000,1900,1000,1221,1291,1291,1045,1351,360,513,0,152,0
7.200000000,7.220000000,1787648915.120528,361,50.000,113.243103,14.130900,0,0,0,0,0,0.26332936,1500,1500,1263.32936,1500,1500,1000,1900,1000,1221,1293,1293,1056,1311,361,515,0,153,0
7.220000000,7.240000000,1787648915.237595,362,50.000,117.067099,13.904200,0,0,0,0,0,0.263745275,1500,1500,1263.74528,1500,1500,1000,1900,1000,1221,1295,1295,1066,1273,362,517,0,154,0
7.240000000,7.260000000,1787648915.341489,363,50.000,103.893995,13.247400,0,0,0,0,0,0.264317742,1500,1500,1264.31774,1500,1500,1000,1900,1000,1221,1300,1300,1074,1239,363,519,0,155,0
7.260000000,7.280000000,1787648915.461912,364,50.000,120.423079,13.084100,0,0,0,0,0,0.265015141,1500,1500,1265.01514,1500,1500,1000,1900,1000,1222,1302,1302,1085,1209,364,521,0,156,0
